{
  "E": -74.99322599564064,
  "sol": {
    "(((), ()), ((), ()))": 0.9894730392189004,
    "(((0,), (0,)), ((), ()))": -2.3295755911034498e-05,
    "(((), ()), ((0,), (0,)))": -2.3295755911034498e-05,
    "(((0,), (1,)), ((), ()))": 9.108056980851009e-17,
    "(((), ()), ((0,), (1,)))": 9.108056980851009e-17,
    "(((1,), (0,)), ((), ()))": 0.0008242548470113585,
    "(((), ()), ((1,), (0,)))": 0.0008242548470113585,
    "(((1,), (1,)), ((), ()))": -6.884244250769982e-16,
    "(((), ()), ((1,), (1,)))": -6.884244250769982e-16,
    "(((2,), (0,)), ((), ()))": 1.0858362146141307e-15,
    "(((), ()), ((2,), (0,)))": 1.0858362146141307e-15,
    "(((2,), (1,)), ((), ()))": -0.003100944836682257,
    "(((), ()), ((2,), (1,)))": -0.003100944836682257,
    "(((3,), (0,)), ((), ()))": 0.010239697160957345,
    "(((), ()), ((3,), (0,)))": 0.010239697160957345,
    "(((3,), (1,)), ((), ()))": -2.691823653703044e-15,
    "(((), ()), ((3,), (1,)))": -2.691823653703044e-15,
    "(((4,), (0,)), ((), ()))": -2.074018129344998e-17,
    "(((), ()), ((4,), (0,)))": -2.074018129344998e-17,
    "(((4,), (1,)), ((), ()))": -1.8372412035909315e-17,
    "(((), ()), ((4,), (1,)))": -1.8372412035909315e-17,
    "(((0,), (0,)), ((0,), (0,)))": -0.000690203811071232,
    "(((0,), (0,)), ((0,), (1,)))": -4.307102856699679e-21,
    "(((0,), (0,)), ((1,), (0,)))": 0.00024052334885657988,
    "(((0,), (0,)), ((1,), (1,)))": -1.854468597637107e-18,
    "(((0,), (0,)), ((2,), (0,)))": 1.641396501282633e-18,
    "(((0,), (0,)), ((2,), (1,)))": 0.0002725900414050171,
    "(((0,), (0,)), ((3,), (0,)))": 0.00012832878306046912,
    "(((0,), (0,)), ((3,), (1,)))": -5.246423610939794e-19,
    "(((0,), (0,)), ((4,), (0,)))": 2.691229126451094e-20,
    "(((0,), (0,)), ((4,), (1,)))": -1.412950189373575e-19,
    "(((0,), (1,)), ((0,), (0,)))": 3.739924683800431e-20,
    "(((0,), (1,)), ((0,), (1,)))": -0.00044155216329006507,
    "(((0,), (1,)), ((1,), (0,)))": -1.0726126464018982e-18,
    "(((0,), (1,)), ((1,), (1,)))": 0.0007141924706889123,
    "(((0,), (1,)), ((2,), (0,)))": -0.00024141408252091763,
    "(((0,), (1,)), ((2,), (1,)))": -2.6947117389471925e-19,
    "(((0,), (1,)), ((3,), (0,)))": 6.5485113384685e-19,
    "(((0,), (1,)), ((3,), (1,)))": -0.0005491873769890697,
    "(((0,), (1,)), ((4,), (0,)))": -3.680443740222009e-20,
    "(((0,), (1,)), ((4,), (1,)))": -1.1480087969336349e-21,
    "(((1,), (0,)), ((0,), (0,)))": 0.0002405233488565807,
    "(((1,), (0,)), ((0,), (1,)))": -1.124300739444992e-18,
    "(((1,), (0,)), ((1,), (0,)))": -0.03152858393007163,
    "(((1,), (0,)), ((1,), (1,)))": 1.8406727604103728e-17,
    "(((1,), (0,)), ((2,), (0,)))": -1.187507191893243e-18,
    "(((1,), (0,)), ((2,), (1,)))": 0.030119253837993215,
    "(((1,), (0,)), ((3,), (0,)))": -0.03006721321717196,
    "(((1,), (0,)), ((3,), (1,)))": -1.0824778690904777e-17,
    "(((1,), (0,)), ((4,), (0,)))": -4.298416064882403e-18,
    "(((1,), (0,)), ((4,), (1,)))": -9.720875524644159e-18,
    "(((1,), (1,)), ((0,), (0,)))": -2.04609446953945e-18,
    "(((1,), (1,)), ((0,), (1,)))": 0.0007141924706889129,
    "(((1,), (1,)), ((1,), (0,)))": -5.151915534232519e-18,
    "(((1,), (1,)), ((1,), (1,)))": -0.015358469235095642,
    "(((1,), (1,)), ((2,), (0,)))": 0.019377561580763897,
    "(((1,), (1,)), ((2,), (1,)))": 6.1695387841260305e-18,
    "(((1,), (1,)), ((3,), (0,)))": -8.927212786788247e-18,
    "(((1,), (1,)), ((3,), (1,)))": 0.003683471056294091,
    "(((1,), (1,)), ((4,), (0,)))": -1.3776314533093611e-17,
    "(((1,), (1,)), ((4,), (1,)))": 1.8751148081300867e-19,
    "(((2,), (0,)), ((0,), (0,)))": 1.811964416697011e-18,
    "(((2,), (0,)), ((0,), (1,)))": -0.00024141408252091872,
    "(((2,), (0,)), ((1,), (0,)))": 1.1309221074762051e-17,
    "(((2,), (0,)), ((1,), (1,)))": 0.019377561580763883,
    "(((2,), (0,)), ((2,), (0,)))": -0.03831891610016092,
    "(((2,), (0,)), ((2,), (1,)))": 1.280284405729188e-16,
    "(((2,), (0,)), ((3,), (0,)))": -4.8801174077496274e-17,
    "(((2,), (0,)), ((3,), (1,)))": 0.0285620141714973,
    "(((2,), (0,)), ((4,), (0,)))": 2.2213823157630973e-17,
    "(((2,), (0,)), ((4,), (1,)))": 1.4675626636804334e-18,
    "(((2,), (1,)), ((0,), (0,)))": 0.0002725900414050173,
    "(((2,), (1,)), ((0,), (1,)))": -4.1876262135022696e-19,
    "(((2,), (1,)), ((1,), (0,)))": 0.030119253837993236,
    "(((2,), (1,)), ((1,), (1,)))": 7.363764649458124e-18,
    "(((2,), (1,)), ((2,), (0,)))": 1.8736226980481844e-16,
    "(((2,), (1,)), ((2,), (1,)))": -0.07045939877764215,
    "(((2,), (1,)), ((3,), (0,)))": 0.039202554970654946,
    "(((2,), (1,)), ((3,), (1,)))": -1.0139588265877128e-16,
    "(((2,), (1,)), ((4,), (0,)))": 5.088269905941101e-18,
    "(((2,), (1,)), ((4,), (1,)))": 2.4068799950178327e-17,
    "(((3,), (0,)), ((0,), (0,)))": 0.00012832878306046937,
    "(((3,), (0,)), ((0,), (1,)))": 7.779434468371247e-19,
    "(((3,), (0,)), ((1,), (0,)))": -0.030067213217171956,
    "(((3,), (0,)), ((1,), (1,)))": -1.1539797751183966e-17,
    "(((3,), (0,)), ((2,), (0,)))": -3.984251214526874e-17,
    "(((3,), (0,)), ((2,), (1,)))": 0.039202554970654974,
    "(((3,), (0,)), ((3,), (0,)))": -0.036710313071270234,
    "(((3,), (0,)), ((3,), (1,)))": 1.0525277615309617e-16,
    "(((3,), (0,)), ((4,), (0,)))": -3.5636454855741255e-18,
    "(((3,), (0,)), ((4,), (1,)))": -2.0526385092217324e-17,
    "(((3,), (1,)), ((0,), (0,)))": -6.585810375882115e-19,
    "(((3,), (1,)), ((0,), (1,)))": -0.0005491873769890702,
    "(((3,), (1,)), ((1,), (0,)))": -1.487169995795461e-17,
    "(((3,), (1,)), ((1,), (1,)))": 0.0036834710562940838,
    "(((3,), (1,)), ((2,), (0,)))": 0.02856201417149729,
    "(((3,), (1,)), ((2,), (1,)))": -9.851002659806945e-17,
    "(((3,), (1,)), ((3,), (0,)))": 8.419691144250546e-17,
    "(((3,), (1,)), ((3,), (1,)))": -0.03753861421465606,
    "(((3,), (1,)), ((4,), (0,)))": -3.315793889117854e-17,
    "(((3,), (1,)), ((4,), (1,)))": -5.913337603003342e-19,
    "(((4,), (0,)), ((0,), (0,)))": 2.691229126451063e-20,
    "(((4,), (0,)), ((0,), (1,)))": -3.6804437402219995e-20,
    "(((4,), (0,)), ((1,), (0,)))": -4.298416064882416e-18,
    "(((4,), (0,)), ((1,), (1,)))": -1.3776314533093602e-17,
    "(((4,), (0,)), ((2,), (0,)))": 2.2213823157630966e-17,
    "(((4,), (0,)), ((2,), (1,)))": 5.088269905941176e-18,
    "(((4,), (0,)), ((3,), (0,)))": -3.563645485574113e-18,
    "(((4,), (0,)), ((3,), (1,)))": -3.315793889117852e-17,
    "(((4,), (0,)), ((4,), (0,)))": -0.025194415071315028,
    "(((4,), (0,)), ((4,), (1,)))": 4.458582245297661e-17,
    "(((4,), (1,)), ((0,), (0,)))": -1.4129501893735724e-19,
    "(((4,), (1,)), ((0,), (1,)))": -1.1480087969335025e-21,
    "(((4,), (1,)), ((1,), (0,)))": -9.72087552464418e-18,
    "(((4,), (1,)), ((1,), (1,)))": 1.87511480813009e-19,
    "(((4,), (1,)), ((2,), (0,)))": 1.4675626636803683e-18,
    "(((4,), (1,)), ((2,), (1,)))": 2.4068799950178336e-17,
    "(((4,), (1,)), ((3,), (0,)))": -2.0526385092217348e-17,
    "(((4,), (1,)), ((3,), (1,)))": -5.913337603003296e-19,
    "(((4,), (1,)), ((4,), (0,)))": 3.686251198546015e-17,
    "(((4,), (1,)), ((4,), (1,)))": -0.009603253497830097
  }
}