{
  "E": -75.00245902856216,
  "sol": {
    "(((), ()), ((), ()))": 0.9883098146034694,
    "(((0,), (0,)), ((), ()))": 2.6227562727258937e-05,
    "(((), ()), ((0,), (0,)))": 2.6227562727258937e-05,
    "(((0,), (1,)), ((), ()))": 3.150895429251434e-06,
    "(((), ()), ((0,), (1,)))": 3.150895429251434e-06,
    "(((1,), (0,)), ((), ()))": -0.0004659607772621292,
    "(((), ()), ((1,), (0,)))": -0.0004659607772621292,
    "(((1,), (1,)), ((), ()))": -0.0002606367748809761,
    "(((), ()), ((1,), (1,)))": -0.0002606367748809761,
    "(((2,), (0,)), ((), ()))": 0.0006109868875566076,
    "(((), ()), ((2,), (0,)))": 0.0006109868875566076,
    "(((2,), (1,)), ((), ()))": -0.003000148143608341,
    "(((), ()), ((2,), (1,)))": -0.003000148143608341,
    "(((3,), (0,)), ((), ()))": -0.011290069966951578,
    "(((), ()), ((3,), (0,)))": -0.011290069966951578,
    "(((3,), (1,)), ((), ()))": -0.001272821919000782,
    "(((), ()), ((3,), (1,)))": -0.001272821919000782,
    "(((4,), (0,)), ((), ()))": 7.753956645708807e-17,
    "(((), ()), ((4,), (0,)))": 7.753956645708807e-17,
    "(((4,), (1,)), ((), ()))": -2.229606626363174e-16,
    "(((), ()), ((4,), (1,)))": -2.229606626363174e-16,
    "(((0,), (0,)), ((0,), (0,)))": -0.0006525151782175455,
    "(((0,), (0,)), ((0,), (1,)))": -5.789178752129935e-05,
    "(((0,), (0,)), ((1,), (0,)))": 0.00027933697484762226,
    "(((0,), (0,)), ((1,), (1,)))": -9.328437016909832e-05,
    "(((0,), (0,)), ((2,), (0,)))": -9.106937415203764e-06,
    "(((0,), (0,)), ((2,), (1,)))": -0.00025471119493404766,
    "(((0,), (0,)), ((3,), (0,)))": 0.00010016611165084036,
    "(((0,), (0,)), ((3,), (1,)))": 0.00012700263267732465,
    "(((0,), (0,)), ((4,), (0,)))": 4.072135901553368e-19,
    "(((0,), (0,)), ((4,), (1,)))": 3.520121151320016e-18,
    "(((0,), (1,)), ((0,), (0,)))": -5.789178752129958e-05,
    "(((0,), (1,)), ((0,), (1,)))": -0.0004450556780345765,
    "(((0,), (1,)), ((1,), (0,)))": -8.843836515287043e-05,
    "(((0,), (1,)), ((1,), (1,)))": 0.0007001579626168498,
    "(((0,), (1,)), ((2,), (0,)))": 0.00024051731864892212,
    "(((0,), (1,)), ((2,), (1,)))": -3.2374086196445556e-05,
    "(((0,), (1,)), ((3,), (0,)))": 0.00010578950327333301,
    "(((0,), (1,)), ((3,), (1,)))": -0.0005102845747197938,
    "(((0,), (1,)), ((4,), (0,)))": -2.8416177804844794e-18,
    "(((0,), (1,)), ((4,), (1,)))": -7.605767923117219e-19,
    "(((1,), (0,)), ((0,), (0,)))": 0.00027933697484762275,
    "(((1,), (0,)), ((0,), (1,)))": -8.843836515286924e-05,
    "(((1,), (0,)), ((1,), (0,)))": -0.03084872586857445,
    "(((1,), (0,)), ((1,), (1,)))": -0.003422814611335206,
    "(((1,), (0,)), ((2,), (0,)))": 0.009346742070119048,
    "(((1,), (0,)), ((2,), (1,)))": -0.028549624922111615,
    "(((1,), (0,)), ((3,), (0,)))": -0.0302154458497301,
    "(((1,), (0,)), ((3,), (1,)))": -0.005720924009528641,
    "(((1,), (0,)), ((4,), (0,)))": -1.9036164434111098e-16,
    "(((1,), (0,)), ((4,), (1,)))": 3.4746901616299533e-16,
    "(((1,), (1,)), ((0,), (0,)))": -9.328437016909917e-05,
    "(((1,), (1,)), ((0,), (1,)))": 0.0007001579626168498,
    "(((1,), (1,)), ((1,), (0,)))": -0.0034228146113351983,
    "(((1,), (1,)), ((1,), (1,)))": -0.01658550915554384,
    "(((1,), (1,)), ((2,), (0,)))": -0.017893331526446697,
    "(((1,), (1,)), ((2,), (1,)))": -0.009515213240477209,
    "(((1,), (1,)), ((3,), (0,)))": -0.006040987676765947,
    "(((1,), (1,)), ((3,), (1,)))": 0.0027279507056593415,
    "(((1,), (1,)), ((4,), (0,)))": 2.0913155450738084e-16,
    "(((1,), (1,)), ((4,), (1,)))": 1.275139657561416e-16,
    "(((2,), (0,)), ((0,), (0,)))": -9.106937415203195e-06,
    "(((2,), (0,)), ((0,), (1,)))": 0.0002405173186489225,
    "(((2,), (0,)), ((1,), (0,)))": 0.009346742070119044,
    "(((2,), (0,)), ((1,), (1,)))": -0.017893331526446662,
    "(((2,), (0,)), ((2,), (0,)))": -0.04239055176896362,
    "(((2,), (0,)), ((2,), (1,)))": 0.008215081657611733,
    "(((2,), (0,)), ((3,), (0,)))": 0.016444955502558634,
    "(((2,), (0,)), ((3,), (1,)))": -0.028700844585501165,
    "(((2,), (0,)), ((4,), (0,)))": 2.501050316192518e-16,
    "(((2,), (0,)), ((4,), (1,)))": -1.9305827572061984e-16,
    "(((2,), (1,)), ((0,), (0,)))": -0.0002547111949340481,
    "(((2,), (1,)), ((0,), (1,)))": -3.2374086196445616e-05,
    "(((2,), (1,)), ((1,), (0,)))": -0.028549624922111674,
    "(((2,), (1,)), ((1,), (1,)))": -0.009515213240477207,
    "(((2,), (1,)), ((2,), (0,)))": 0.008215081657611752,
    "(((2,), (1,)), ((2,), (1,)))": -0.07122530446034148,
    "(((2,), (1,)), ((3,), (0,)))": -0.040156162804617514,
    "(((2,), (1,)), ((3,), (1,)))": -0.010201633603456172,
    "(((2,), (1,)), ((4,), (0,)))": -2.247510672880551e-16,
    "(((2,), (1,)), ((4,), (1,)))": 7.488489089699894e-16,
    "(((3,), (0,)), ((0,), (0,)))": 0.00010016611165084046,
    "(((3,), (0,)), ((0,), (1,)))": 0.00010578950327333306,
    "(((3,), (0,)), ((1,), (0,)))": -0.030215445849730085,
    "(((3,), (0,)), ((1,), (1,)))": -0.006040987676765947,
    "(((3,), (0,)), ((2,), (0,)))": 0.01644495550255863,
    "(((3,), (0,)), ((2,), (1,)))": -0.040156162804617555,
    "(((3,), (0,)), ((3,), (0,)))": -0.0422552159985582,
    "(((3,), (0,)), ((3,), (1,)))": 0.0035704215390054807,
    "(((3,), (0,)), ((4,), (0,)))": -2.439420331216274e-16,
    "(((3,), (0,)), ((4,), (1,)))": 5.190965407655987e-16,
    "(((3,), (1,)), ((0,), (0,)))": 0.00012700263267732478,
    "(((3,), (1,)), ((0,), (1,)))": -0.0005102845747197941,
    "(((3,), (1,)), ((1,), (0,)))": -0.005720924009528625,
    "(((3,), (1,)), ((1,), (1,)))": 0.0027279507056593368,
    "(((3,), (1,)), ((2,), (0,)))": -0.02870084458550114,
    "(((3,), (1,)), ((2,), (1,)))": -0.010201633603456172,
    "(((3,), (1,)), ((3,), (0,)))": 0.0035704215390055176,
    "(((3,), (1,)), ((3,), (1,)))": -0.03793641408469854,
    "(((3,), (1,)), ((4,), (0,)))": 3.671502785477502e-16,
    "(((3,), (1,)), ((4,), (1,)))": 7.057005516423165e-17,
    "(((4,), (0,)), ((0,), (0,)))": 4.072135901553318e-19,
    "(((4,), (0,)), ((0,), (1,)))": -2.841617780484481e-18,
    "(((4,), (0,)), ((1,), (0,)))": -1.903616443411109e-16,
    "(((4,), (0,)), ((1,), (1,)))": 2.0913155450738065e-16,
    "(((4,), (0,)), ((2,), (0,)))": 2.5010503161925193e-16,
    "(((4,), (0,)), ((2,), (1,)))": -2.2475106728805492e-16,
    "(((4,), (0,)), ((3,), (0,)))": -2.4394203312162743e-16,
    "(((4,), (0,)), ((3,), (1,)))": 3.6715027854775027e-16,
    "(((4,), (0,)), ((4,), (0,)))": -0.024909289468640648,
    "(((4,), (0,)), ((4,), (1,)))": -0.002539716047826077,
    "(((4,), (1,)), ((0,), (0,)))": 3.520121151320019e-18,
    "(((4,), (1,)), ((0,), (1,)))": -7.6057679231171715e-19,
    "(((4,), (1,)), ((1,), (0,)))": 3.474690161629958e-16,
    "(((4,), (1,)), ((1,), (1,)))": 1.2751396575614157e-16,
    "(((4,), (1,)), ((2,), (0,)))": -1.9305827572062014e-16,
    "(((4,), (1,)), ((2,), (1,)))": 7.488489089699896e-16,
    "(((4,), (1,)), ((3,), (0,)))": 5.190965407655986e-16,
    "(((4,), (1,)), ((3,), (1,)))": 7.057005516423164e-17,
    "(((4,), (1,)), ((4,), (0,)))": -0.0025397160478260773,
    "(((4,), (1,)), ((4,), (1,)))": -0.010369604150095227
  }
}