{
  "E": -147.54233618973333,
  "sol": {
    "(((), ()), ((), ()))": -0.5013378717456175,
    "(((0,), (0,)), ((), ()))": 3.4628622075755334e-19,
    "(((), ()), ((0,), (0,)))": 3.4628622075755334e-19,
    "(((0,), (1,)), ((), ()))": -1.8885139298386944e-06,
    "(((), ()), ((0,), (1,)))": -1.8885139298386944e-06,
    "(((1,), (0,)), ((), ()))": 2.941501155061353e-19,
    "(((), ()), ((1,), (0,)))": 2.941501155061353e-19,
    "(((1,), (1,)), ((), ()))": 5.414741195159102e-13,
    "(((), ()), ((1,), (1,)))": 5.414741195159102e-13,
    "(((2,), (0,)), ((), ()))": 1.969403992814392e-16,
    "(((), ()), ((2,), (0,)))": 1.969403992814392e-16,
    "(((2,), (1,)), ((), ()))": 5.486892640310826e-12,
    "(((), ()), ((2,), (1,)))": 5.486892640310826e-12,
    "(((3,), (0,)), ((), ()))": -7.827739298308492e-19,
    "(((), ()), ((3,), (0,)))": -7.827739298308492e-19,
    "(((3,), (1,)), ((), ()))": -0.008966633203472097,
    "(((), ()), ((3,), (1,)))": -0.008966633203472097,
    "(((4,), (0,)), ((), ()))": -3.074147987864146e-12,
    "(((), ()), ((4,), (0,)))": -3.074147987864146e-12,
    "(((4,), (1,)), ((), ()))": 9.44707566880073e-12,
    "(((), ()), ((4,), (1,)))": 9.44707566880073e-12,
    "(((5,), (0,)), ((), ()))": 1.2229604153724987e-12,
    "(((), ()), ((5,), (0,)))": 1.2229604153724987e-12,
    "(((5,), (1,)), ((), ()))": 1.0863320342552917e-15,
    "(((), ()), ((5,), (1,)))": 1.0863320342552917e-15,
    "(((6,), (0,)), ((), ()))": -6.645251879701221e-15,
    "(((), ()), ((6,), (0,)))": -6.645251879701221e-15,
    "(((6,), (1,)), ((), ()))": -8.488018742658411e-10,
    "(((), ()), ((6,), (1,)))": -8.488018742658411e-10,
    "(((7,), (0,)), ((), ()))": -1.0553332451082647e-09,
    "(((), ()), ((7,), (0,)))": -1.0553332451082647e-09,
    "(((7,), (1,)), ((), ()))": -6.431215567188212e-15,
    "(((), ()), ((7,), (1,)))": -6.431215567188212e-15,
    "(((0,), (0,)), ((0,), (0,)))": 1.1985286475409255e-05,
    "(((0,), (0,)), ((0,), (1,)))": 6.4471698065151344e-21,
    "(((0,), (0,)), ((1,), (0,)))": 5.684081680089596e-13,
    "(((0,), (0,)), ((1,), (1,)))": -8.91195133154267e-19,
    "(((0,), (0,)), ((2,), (0,)))": -1.1653908310744649e-12,
    "(((0,), (0,)), ((2,), (1,)))": 2.853848251203439e-18,
    "(((0,), (0,)), ((3,), (0,)))": 4.828336081840064e-05,
    "(((0,), (0,)), ((3,), (1,)))": 3.8417827952660336e-20,
    "(((0,), (0,)), ((4,), (0,)))": 6.429373539021315e-16,
    "(((0,), (0,)), ((4,), (1,)))": -1.157719246035865e-16,
    "(((0,), (0,)), ((5,), (0,)))": 6.235438696080502e-20,
    "(((0,), (0,)), ((5,), (1,)))": 4.357281802704908e-17,
    "(((0,), (0,)), ((6,), (0,)))": 8.89637020176293e-15,
    "(((0,), (0,)), ((6,), (1,)))": 3.09095114547885e-19,
    "(((0,), (0,)), ((7,), (0,)))": 3.0836651072962074e-19,
    "(((0,), (0,)), ((7,), (1,)))": -1.4147815290985848e-12,
    "(((0,), (1,)), ((0,), (0,)))": 6.447169806514894e-21,
    "(((0,), (1,)), ((0,), (1,)))": 7.779477088578613e-05,
    "(((0,), (1,)), ((1,), (0,)))": -8.955848990585654e-19,
    "(((0,), (1,)), ((1,), (1,)))": 4.34681247822229e-13,
    "(((0,), (1,)), ((2,), (0,)))": 2.958930658396024e-18,
    "(((0,), (1,)), ((2,), (1,)))": 3.8467359195387834e-13,
    "(((0,), (1,)), ((3,), (0,)))": 4.15573575180918e-20,
    "(((0,), (1,)), ((3,), (1,)))": 0.00023301573138219175,
    "(((0,), (1,)), ((4,), (0,)))": -1.8794424304100493e-16,
    "(((0,), (1,)), ((4,), (1,)))": 1.548537392289183e-15,
    "(((0,), (1,)), ((5,), (0,)))": 8.00170387561903e-17,
    "(((0,), (1,)), ((5,), (1,)))": 1.3702631517886223e-19,
    "(((0,), (1,)), ((6,), (0,)))": 2.2179763454797956e-19,
    "(((0,), (1,)), ((6,), (1,)))": -1.2241430713280932e-12,
    "(((0,), (1,)), ((7,), (0,)))": -5.385165201823347e-13,
    "(((0,), (1,)), ((7,), (1,)))": 2.7671275204714213e-19,
    "(((1,), (0,)), ((0,), (0,)))": 5.684081592426878e-13,
    "(((1,), (0,)), ((0,), (1,)))": -8.955848990585639e-19,
    "(((1,), (0,)), ((1,), (0,)))": 1.0438057498958932e-05,
    "(((1,), (0,)), ((1,), (1,)))": 3.66550220323159e-21,
    "(((1,), (0,)), ((2,), (0,)))": -2.1407045245476677e-05,
    "(((1,), (0,)), ((2,), (1,)))": -2.2442530196950146e-20,
    "(((1,), (0,)), ((3,), (0,)))": 1.6978296868044801e-12,
    "(((1,), (0,)), ((3,), (1,)))": -3.1008667387214298e-18,
    "(((1,), (0,)), ((4,), (0,)))": -1.6054584100438914e-19,
    "(((1,), (0,)), ((4,), (1,)))": -7.617689512642726e-18,
    "(((1,), (0,)), ((5,), (0,)))": -1.162778844475894e-15,
    "(((1,), (0,)), ((5,), (1,)))": 4.104733221031287e-17,
    "(((1,), (0,)), ((6,), (0,)))": -3.059529917395639e-05,
    "(((1,), (0,)), ((6,), (1,)))": 5.405849253347759e-20,
    "(((1,), (0,)), ((7,), (0,)))": 1.5805894140677383e-19,
    "(((1,), (0,)), ((7,), (1,)))": 0.00019028079578509066,
    "(((1,), (1,)), ((0,), (0,)))": -8.91195133154267e-19,
    "(((1,), (1,)), ((0,), (1,)))": 4.3468125190559783e-13,
    "(((1,), (1,)), ((1,), (0,)))": 3.665502203230916e-21,
    "(((1,), (1,)), ((1,), (1,)))": 7.501557515651234e-05,
    "(((1,), (1,)), ((2,), (0,)))": -7.924636824248303e-21,
    "(((1,), (1,)), ((2,), (1,)))": -0.00019502459951873494,
    "(((1,), (1,)), ((3,), (0,)))": -3.0791891773017105e-18,
    "(((1,), (1,)), ((3,), (1,)))": 2.7272374672740945e-12,
    "(((1,), (1,)), ((4,), (0,)))": -5.405865363382294e-16,
    "(((1,), (1,)), ((4,), (1,)))": -5.322754522415653e-19,
    "(((1,), (1,)), ((5,), (0,)))": 1.4776490051637873e-15,
    "(((1,), (1,)), ((5,), (1,)))": -6.0074030904654e-15,
    "(((1,), (1,)), ((6,), (0,)))": 8.041764647997391e-20,
    "(((1,), (1,)), ((6,), (1,)))": 0.00013219979295435365,
    "(((1,), (1,)), ((7,), (0,)))": 6.281117279751858e-05,
    "(((1,), (1,)), ((7,), (1,)))": -7.33165585942811e-20,
    "(((2,), (0,)), ((0,), (0,)))": -1.1653908119230238e-12,
    "(((2,), (0,)), ((0,), (1,)))": 2.958930658396024e-18,
    "(((2,), (0,)), ((1,), (0,)))": -2.1407045245476494e-05,
    "(((2,), (0,)), ((1,), (1,)))": -7.92463682424888e-21,
    "(((2,), (0,)), ((2,), (0,)))": -0.0005831523175061665,
    "(((2,), (0,)), ((2,), (1,)))": 2.7712527326726675e-18,
    "(((2,), (0,)), ((3,), (0,)))": -7.471512661033545e-11,
    "(((2,), (0,)), ((3,), (1,)))": 1.3481512829638179e-16,
    "(((2,), (0,)), ((4,), (0,)))": 1.4870399912044617e-17,
    "(((2,), (0,)), ((4,), (1,)))": 1.1620753206301084e-15,
    "(((2,), (0,)), ((5,), (0,)))": 1.0251311477906819e-13,
    "(((2,), (0,)), ((5,), (1,)))": -4.559274417016809e-15,
    "(((2,), (0,)), ((6,), (0,)))": 0.003328648791812165,
    "(((2,), (0,)), ((6,), (1,)))": -1.2835844286629477e-17,
    "(((2,), (0,)), ((7,), (0,)))": -3.795755134084595e-17,
    "(((2,), (0,)), ((7,), (1,)))": -0.022793352785590457,
    "(((2,), (1,)), ((0,), (0,)))": 2.853848251203439e-18,
    "(((2,), (1,)), ((0,), (1,)))": 3.8467362784562277e-13,
    "(((2,), (1,)), ((1,), (0,)))": -2.2442530196950266e-20,
    "(((2,), (1,)), ((1,), (1,)))": -0.00019502459951873494,
    "(((2,), (1,)), ((2,), (0,)))": 2.7712527326726683e-18,
    "(((2,), (1,)), ((2,), (1,)))": 0.006290297060290957,
    "(((2,), (1,)), ((3,), (0,)))": 1.1554690850773277e-16,
    "(((2,), (1,)), ((3,), (1,)))": -5.1389445168192216e-11,
    "(((2,), (1,)), ((4,), (0,)))": -1.9914873982787715e-14,
    "(((2,), (1,)), ((4,), (1,)))": -3.309756070823177e-17,
    "(((2,), (1,)), ((5,), (0,)))": 5.0700240503549715e-14,
    "(((2,), (1,)), ((5,), (1,)))": -1.1015301301133025e-13,
    "(((2,), (1,)), ((6,), (0,)))": -2.4260878701748562e-17,
    "(((2,), (1,)), ((6,), (1,)))": -0.020895668108095365,
    "(((2,), (1,)), ((7,), (0,)))": -0.006410253297806214,
    "(((2,), (1,)), ((7,), (1,)))": 7.73511634236982e-18,
    "(((3,), (0,)), ((0,), (0,)))": 4.828336081840064e-05,
    "(((3,), (0,)), ((0,), (1,)))": 4.1557357518092955e-20,
    "(((3,), (0,)), ((1,), (0,)))": 1.6978297146129603e-12,
    "(((3,), (0,)), ((1,), (1,)))": -3.0791891773017105e-18,
    "(((3,), (0,)), ((2,), (0,)))": -7.471512660060875e-11,
    "(((3,), (0,)), ((2,), (1,)))": 1.1554690850773287e-16,