{
  "E": -74.86886341078618,
  "sol": {
    "(((), ()), ((), ()))": 0.8700957492134109,
    "(((0,), (0,)), ((), ()))": 5.277713040422777e-05,
    "(((), ()), ((0,), (0,)))": 5.277713040422777e-05,
    "(((0,), (1,)), ((), ()))": 2.591528768302505e-05,
    "(((), ()), ((0,), (1,)))": 2.591528768302505e-05,
    "(((1,), (0,)), ((), ()))": 0.010404225227117229,
    "(((), ()), ((1,), (0,)))": 0.010404225227117229,
    "(((1,), (1,)), ((), ()))": 0.0006660822418503996,
    "(((), ()), ((1,), (1,)))": 0.0006660822418503996,
    "(((2,), (0,)), ((), ()))": 0.03298137864237703,
    "(((), ()), ((2,), (0,)))": 0.03298137864237703,
    "(((2,), (1,)), ((), ()))": 0.0035174491399340363,
    "(((), ()), ((2,), (1,)))": 0.0035174491399340363,
    "(((3,), (0,)), ((), ()))": -1.1130310899292836e-15,
    "(((), ()), ((3,), (0,)))": -1.1130310899292836e-15,
    "(((3,), (1,)), ((), ()))": -2.0872633949824425e-17,
    "(((), ()), ((3,), (1,)))": -2.0872633949824425e-17,
    "(((4,), (0,)), ((), ()))": 0.018942295306314517,
    "(((), ()), ((4,), (0,)))": 0.018942295306314517,
    "(((4,), (1,)), ((), ()))": 0.0014769823291120331,
    "(((), ()), ((4,), (1,)))": 0.0014769823291120331,
    "(((0,), (0,)), ((0,), (0,)))": -0.00013553304116833027,
    "(((0,), (0,)), ((0,), (1,)))": -3.494571175035637e-05,
    "(((0,), (0,)), ((1,), (0,)))": 0.00033684434355324487,
    "(((0,), (0,)), ((1,), (1,)))": -4.0482448424678476e-05,
    "(((0,), (0,)), ((2,), (0,)))": 0.00012076247926766804,
    "(((0,), (0,)), ((2,), (1,)))": 3.6699664644212235e-06,
    "(((0,), (0,)), ((3,), (0,)))": 1.4165219073027848e-18,
    "(((0,), (0,)), ((3,), (1,)))": 2.9215117282520873e-18,
    "(((0,), (0,)), ((4,), (0,)))": -0.0001622678369596495,
    "(((0,), (0,)), ((4,), (1,)))": -0.00033636094564915323,
    "(((0,), (1,)), ((0,), (0,)))": -3.4945711750356425e-05,
    "(((0,), (1,)), ((0,), (1,)))": -0.00046592006894539273,
    "(((0,), (1,)), ((1,), (0,)))": -3.295999021684531e-05,
    "(((0,), (1,)), ((1,), (1,)))": 0.000472650354224437,
    "(((0,), (1,)), ((2,), (0,)))": -7.718324954717436e-05,
    "(((0,), (1,)), ((2,), (1,)))": 0.0001783948291311363,
    "(((0,), (1,)), ((3,), (0,)))": 8.239576214335172e-19,
    "(((0,), (1,)), ((3,), (1,)))": -5.251000240702248e-19,
    "(((0,), (1,)), ((4,), (0,)))": -9.258517055637649e-05,
    "(((0,), (1,)), ((4,), (1,)))": 5.479779740792968e-05,
    "(((1,), (0,)), ((0,), (0,)))": 0.00033684434355324487,
    "(((1,), (0,)), ((0,), (1,)))": -3.295999021684536e-05,
    "(((1,), (0,)), ((1,), (0,)))": -0.012147907187903009,
    "(((1,), (0,)), ((1,), (1,)))": -0.0027985623731729154,
    "(((1,), (0,)), ((2,), (0,)))": -0.004636137540438671,
    "(((1,), (0,)), ((2,), (1,)))": 0.0045304917281482554,
    "(((1,), (0,)), ((3,), (0,)))": -1.5822600936679786e-16,
    "(((1,), (0,)), ((3,), (1,)))": -1.7934004832059398e-16,
    "(((1,), (0,)), ((4,), (0,)))": 0.016154623534187354,
    "(((1,), (0,)), ((4,), (1,)))": 0.021089928120983068,
    "(((1,), (1,)), ((0,), (0,)))": -4.048244842467846e-05,
    "(((1,), (1,)), ((0,), (1,)))": 0.00047265035422443713,
    "(((1,), (1,)), ((1,), (0,)))": -0.0027985623731729276,
    "(((1,), (1,)), ((1,), (1,)))": -0.025488861774289828,
    "(((1,), (1,)), ((2,), (0,)))": 0.0027389470955299176,
    "(((1,), (1,)), ((2,), (1,)))": 0.025930107699672154,
    "(((1,), (1,)), ((3,), (0,)))": -1.4937655594940105e-16,
    "(((1,), (1,)), ((3,), (1,)))": 2.6579228753606193e-17,
    "(((1,), (1,)), ((4,), (0,)))": 0.018040659449003314,
    "(((1,), (1,)), ((4,), (1,)))": -0.0015762704003787899,
    "(((2,), (0,)), ((0,), (0,)))": 0.0001207624792676681,
    "(((2,), (0,)), ((0,), (1,)))": -7.718324954717417e-05,
    "(((2,), (0,)), ((1,), (0,)))": -0.004636137540438673,
    "(((2,), (0,)), ((1,), (1,)))": 0.002738947095529911,
    "(((2,), (0,)), ((2,), (0,)))": -0.006095280716514492,
    "(((2,), (0,)), ((2,), (1,)))": 0.0011330748864711048,
    "(((2,), (0,)), ((3,), (0,)))": -2.466335203734759e-16,
    "(((2,), (0,)), ((3,), (1,)))": 1.1694575724962815e-16,
    "(((2,), (0,)), ((4,), (0,)))": 0.023519956020617742,
    "(((2,), (0,)), ((4,), (1,)))": -0.013647859195940918,
    "(((2,), (1,)), ((0,), (0,)))": 3.669966464421088e-06,
    "(((2,), (1,)), ((0,), (1,)))": 0.0001783948291311363,
    "(((2,), (1,)), ((1,), (0,)))": 0.00453049172814826,
    "(((2,), (1,)), ((1,), (1,)))": 0.02593010769967216,
    "(((2,), (1,)), ((2,), (0,)))": 0.00113307488647111,
    "(((2,), (1,)), ((2,), (1,)))": -0.07527390300662846,
    "(((2,), (1,)), ((3,), (0,)))": 1.6063481015439224e-16,
    "(((2,), (1,)), ((3,), (1,)))": -6.131892630154998e-18,
    "(((2,), (1,)), ((4,), (0,)))": -0.01932402562988024,
    "(((2,), (1,)), ((4,), (1,)))": -0.0025426391439268164,
    "(((3,), (0,)), ((0,), (0,)))": 1.4165219073027856e-18,
    "(((3,), (0,)), ((0,), (1,)))": 8.2395762143351795e-19,
    "(((3,), (0,)), ((1,), (0,)))": -1.5822600936679786e-16,
    "(((3,), (0,)), ((1,), (1,)))": -1.493765559494011e-16,
    "(((3,), (0,)), ((2,), (0,)))": -2.466335203734759e-16,
    "(((3,), (0,)), ((2,), (1,)))": 1.6063481015439224e-16,
    "(((3,), (0,)), ((3,), (0,)))": -0.011912519029665163,
    "(((3,), (0,)), ((3,), (1,)))": -0.002175997459197054,
    "(((3,), (0,)), ((4,), (0,)))": 4.239782036740124e-15,
    "(((3,), (0,)), ((4,), (1,)))": -1.6074773880811653e-16,
    "(((3,), (1,)), ((0,), (0,)))": 2.9215117282520873e-18,
    "(((3,), (1,)), ((0,), (1,)))": -5.251000240702206e-19,
    "(((3,), (1,)), ((1,), (0,)))": -1.7934004832059398e-16,
    "(((3,), (1,)), ((1,), (1,)))": 2.6579228753606233e-17,
    "(((3,), (1,)), ((2,), (0,)))": 1.1694575724962818e-16,
    "(((3,), (1,)), ((2,), (1,)))": -6.1318926301549376e-18,
    "(((3,), (1,)), ((3,), (0,)))": -0.0021759974591970543,
    "(((3,), (1,)), ((3,), (1,)))": -0.014344420774621995,
    "(((3,), (1,)), ((4,), (0,)))": -1.6133936364796502e-16,
    "(((3,), (1,)), ((4,), (1,)))": -1.1439842429771718e-16,
    "(((4,), (0,)), ((0,), (0,)))": -0.00016226783695964955,
    "(((4,), (0,)), ((0,), (1,)))": -9.258517055637735e-05,
    "(((4,), (0,)), ((1,), (0,)))": 0.016154623534187357,
    "(((4,), (0,)), ((1,), (1,)))": 0.018040659449003342,
    "(((4,), (0,)), ((2,), (0,)))": 0.02351995602061775,
    "(((4,), (0,)), ((2,), (1,)))": -0.019324025629880226,
    "(((4,), (0,)), ((3,), (0,)))": 4.239782036740124e-15,
    "(((4,), (0,)), ((3,), (1,)))": -1.6133936364796502e-16,
    "(((4,), (0,)), ((4,), (0,)))": -0.4760510014721281,
    "(((4,), (0,)), ((4,), (1,)))": 0.01495244408317643,
    "(((4,), (1,)), ((0,), (0,)))": -0.0003363609456491528,
    "(((4,), (1,)), ((0,), (1,)))": 5.4797797407929174e-05,
    "(((4,), (1,)), ((1,), (0,)))": 0.02108992812098306,
    "(((4,), (1,)), ((1,), (1,)))": -0.0015762704003787942,
    "(((4,), (1,)), ((2,), (0,)))": -0.013647859195940925,
    "(((4,), (1,)), ((2,), (1,)))": -0.002542639143926821,
    "(((4,), (1,)), ((3,), (0,)))": -1.6074773880811653e-16,
    "(((4,), (1,)), ((3,), (1,)))": -1.1439842429771715e-16,
    "(((4,), (1,)), ((4,), (0,)))": 0.014952444083176428,
    "(((4,), (1,)), ((4,), (1,)))": -0.0023028410735490695
  }
}