{
  "E": -74.7169086068251,
  "sol": {
    "(((), ()), ((), ()))": 0.7757293442337685,
    "(((0,), (0,)), ((), ()))": -2.9607123000759036e-05,
    "(((), ()), ((0,), (0,)))": -2.9607123000759036e-05,
    "(((0,), (1,)), ((), ()))": 2.009114910682132e-17,
    "(((), ()), ((0,), (1,)))": 2.009114910682132e-17,
    "(((1,), (0,)), ((), ()))": -0.014550529356531276,
    "(((), ()), ((1,), (0,)))": -0.014550529356531276,
    "(((1,), (1,)), ((), ()))": 7.541163308820318e-16,
    "(((), ()), ((1,), (1,)))": 7.541163308820318e-16,
    "(((2,), (0,)), ((), ()))": -6.077591380603034e-17,
    "(((), ()), ((2,), (0,)))": -6.077591380603034e-17,
    "(((2,), (1,)), ((), ()))": -3.9764986886560617e-16,
    "(((), ()), ((2,), (1,)))": -3.9764986886560617e-16,
    "(((3,), (0,)), ((), ()))": 1.916533729239757e-15,
    "(((), ()), ((3,), (0,)))": 1.916533729239757e-15,
    "(((3,), (1,)), ((), ()))": -0.029862362002055377,
    "(((), ()), ((3,), (1,)))": -0.029862362002055377,
    "(((4,), (0,)), ((), ()))": -0.04945051050344884,
    "(((), ()), ((4,), (0,)))": -0.04945051050344884,
    "(((4,), (1,)), ((), ()))": -4.614214773347354e-15,
    "(((), ()), ((4,), (1,)))": -4.614214773347354e-15,
    "(((0,), (0,)), ((0,), (0,)))": -0.0001319544003817626,
    "(((0,), (0,)), ((0,), (1,)))": 6.074301324918063e-20,
    "(((0,), (0,)), ((1,), (0,)))": 0.0003601826300635825,
    "(((0,), (0,)), ((1,), (1,)))": -1.2190312175414467e-19,
    "(((0,), (0,)), ((2,), (0,)))": -1.5663470790851784e-20,
    "(((0,), (0,)), ((2,), (1,)))": -3.82584496722319e-21,
    "(((0,), (0,)), ((3,), (0,)))": 6.253643326434769e-19,
    "(((0,), (0,)), ((3,), (1,)))": 3.157008271094706e-05,
    "(((0,), (0,)), ((4,), (0,)))": -0.00017307673660958537,
    "(((0,), (0,)), ((4,), (1,)))": 8.683580631806103e-19,
    "(((0,), (1,)), ((0,), (0,)))": 6.081867059839869e-20,
    "(((0,), (1,)), ((0,), (1,)))": -0.0001308558784804392,
    "(((0,), (1,)), ((1,), (0,)))": -5.467530676787293e-19,
    "(((0,), (1,)), ((1,), (1,)))": 0.00037506350877227173,
    "(((0,), (1,)), ((2,), (0,)))": 1.5740646366570157e-19,
    "(((0,), (1,)), ((2,), (1,)))": 3.932312929689619e-21,
    "(((0,), (1,)), ((3,), (0,)))": 0.00013919743516600428,
    "(((0,), (1,)), ((3,), (1,)))": -1.8252535670918267e-18,
    "(((0,), (1,)), ((4,), (0,)))": -1.4499500881380416e-19,
    "(((0,), (1,)), ((4,), (1,)))": 5.954103725361876e-05,
    "(((1,), (0,)), ((0,), (0,)))": 0.0003601826300635825,
    "(((1,), (0,)), ((0,), (1,)))": -5.466251487837824e-19,
    "(((1,), (0,)), ((1,), (0,)))": -0.015643906688474863,
    "(((1,), (0,)), ((1,), (1,)))": 1.6056942575158542e-17,
    "(((1,), (0,)), ((2,), (0,)))": 3.030447272461782e-18,
    "(((1,), (0,)), ((2,), (1,)))": -3.709492613183687e-18,
    "(((1,), (0,)), ((3,), (0,)))": -1.5354959697850316e-16,
    "(((1,), (0,)), ((3,), (1,)))": -0.006781442889842287,
    "(((1,), (0,)), ((4,), (0,)))": 0.025160961967769842,
    "(((1,), (0,)), ((4,), (1,)))": -9.849203747207579e-17,
    "(((1,), (1,)), ((0,), (0,)))": -1.2196108124822624e-19,
    "(((1,), (1,)), ((0,), (1,)))": 0.00037506350877227173,
    "(((1,), (1,)), ((1,), (0,)))": 1.6034853012879175e-17,
    "(((1,), (1,)), ((1,), (1,)))": -0.014016220620159631,
    "(((1,), (1,)), ((2,), (0,)))": -1.006636787084486e-17,
    "(((1,), (1,)), ((2,), (1,)))": 4.586388286003185e-19,
    "(((1,), (1,)), ((3,), (0,)))": -0.012998432350649628,
    "(((1,), (1,)), ((3,), (1,)))": 1.874442675904233e-16,
    "(((1,), (1,)), ((4,), (0,)))": -1.327687777632814e-16,
    "(((1,), (1,)), ((4,), (1,)))": -0.004603378413746957,
    "(((2,), (0,)), ((0,), (0,)))": -1.5663470790851778e-20,
    "(((2,), (0,)), ((0,), (1,)))": 1.5740646366570133e-19,
    "(((2,), (0,)), ((1,), (0,)))": 3.0304472724617813e-18,
    "(((2,), (0,)), ((1,), (1,)))": -1.006636787084486e-17,
    "(((2,), (0,)), ((2,), (0,)))": -0.01067664447191262,
    "(((2,), (0,)), ((2,), (1,)))": 3.947070315313671e-17,
    "(((2,), (0,)), ((3,), (0,)))": 7.245198065457872e-18,
    "(((2,), (0,)), ((3,), (1,)))": 1.7299943411742884e-17,
    "(((2,), (0,)), ((4,), (0,)))": -3.670172299073495e-17,
    "(((2,), (0,)), ((4,), (1,)))": 2.3993170199865037e-16,
    "(((2,), (1,)), ((0,), (0,)))": -3.825844967222757e-21,
    "(((2,), (1,)), ((0,), (1,)))": 3.932312929689635e-21,
    "(((2,), (1,)), ((1,), (0,)))": -3.709492613183687e-18,
    "(((2,), (1,)), ((1,), (1,)))": 4.586388286003201e-19,
    "(((2,), (1,)), ((2,), (0,)))": 3.9470303008950535e-17,
    "(((2,), (1,)), ((2,), (1,)))": -0.010275105274834159,
    "(((2,), (1,)), ((3,), (0,)))": 2.5432582930307182e-17,
    "(((2,), (1,)), ((3,), (1,)))": -3.39513764504633e-16,
    "(((2,), (1,)), ((4,), (0,)))": 1.6325306372958278e-16,
    "(((2,), (1,)), ((4,), (1,)))": -4.709324865673022e-19,
    "(((3,), (0,)), ((0,), (0,)))": 6.278344019388303e-19,
    "(((3,), (0,)), ((0,), (1,)))": 0.0001391974351660043,
    "(((3,), (0,)), ((1,), (0,)))": -1.5358768612948027e-16,
    "(((3,), (0,)), ((1,), (1,)))": -0.012998432350649628,
    "(((3,), (0,)), ((2,), (0,)))": 7.245198065457872e-18,
    "(((3,), (0,)), ((2,), (1,)))": 2.5432582930307176e-17,
    "(((3,), (0,)), ((3,), (0,)))": -0.02378488313684437,
    "(((3,), (0,)), ((3,), (1,)))": -1.3330154753252209e-15,
    "(((3,), (0,)), ((4,), (0,)))": 1.6765170514481388e-15,
    "(((3,), (0,)), ((4,), (1,)))": 0.23252010000665713,
    "(((3,), (1,)), ((0,), (0,)))": 3.157008271094711e-05,
    "(((3,), (1,)), ((0,), (1,)))": -1.8265376965614043e-18,
    "(((3,), (1,)), ((1,), (0,)))": -0.006781442889842287,
    "(((3,), (1,)), ((1,), (1,)))": 1.87468170162838e-16,
    "(((3,), (1,)), ((2,), (0,)))": 1.7299943411742893e-17,
    "(((3,), (1,)), ((2,), (1,)))": -3.39513764504633e-16,
    "(((3,), (1,)), ((3,), (0,)))": -1.333111785983897e-15,
    "(((3,), (1,)), ((3,), (1,)))": -0.312352167336565,
    "(((3,), (1,)), ((4,), (0,)))": 0.13843845557828907,
    "(((3,), (1,)), ((4,), (1,)))": -1.37245158004894e-15,
    "(((4,), (0,)), ((0,), (0,)))": -0.00017307673660958537,
    "(((4,), (0,)), ((0,), (1,)))": -1.5732976806928393e-19,
    "(((4,), (0,)), ((1,), (0,)))": 0.025160961967769842,
    "(((4,), (0,)), ((1,), (1,)))": -1.3284229939263334e-16,
    "(((4,), (0,)), ((2,), (0,)))": -3.6701722990734945e-17,
    "(((4,), (0,)), ((2,), (1,)))": 1.6325306372958278e-16,
    "(((4,), (0,)), ((3,), (0,)))": 1.6765026284661588e-15,
    "(((4,), (0,)), ((3,), (1,)))": 0.13843845557828907,
    "(((4,), (0,)), ((4,), (0,)))": -0.35306645552272503,
    "(((4,), (0,)), ((4,), (1,)))": 1.334660695358604e-15,
    "(((4,), (1,)), ((0,), (0,)))": 8.778782555586652e-19,
    "(((4,), (1,)), ((0,), (1,)))": 5.954103725361873e-05,
    "(((4,), (1,)), ((1,), (0,)))": -9.837464378702162e-17,
    "(((4,), (1,)), ((1,), (1,)))": -0.004603378413746956,
    "(((4,), (1,)), ((2,), (0,)))": 2.3993170199865037e-16,
    "(((4,), (1,)), ((2,), (1,)))": -4.709324865673033e-19,
    "(((4,), (1,)), ((3,), (0,)))": 0.23252010000665713,
    "(((4,), (1,)), ((3,), (1,)))": -1.3724569444942624e-15,
    "(((4,), (1,)), ((4,), (0,)))": 1.3346410926726431e-15,
    "(((4,), (1,)), ((4,), (1,)))": -0.04146438845000676
  }
}