{
  "E": -196.03271575557514,
  "sol": {
    "(((), ()), ((), ()))": 0.9364195868515788,
    "(((0,), (0,)), ((), ()))": -3.590761786662021e-05,
    "(((), ()), ((0,), (0,)))": -3.590761786662021e-05,
    "(((1,), (0,)), ((), ()))": -3.3209851738299224e-16,
    "(((), ()), ((1,), (0,)))": -3.3209851738299224e-16,
    "(((2,), (0,)), ((), ()))": 6.336666390527308e-16,
    "(((), ()), ((2,), (0,)))": 6.336666390527308e-16,
    "(((3,), (0,)), ((), ()))": 0.020356596158516472,
    "(((), ()), ((3,), (0,)))": 0.020356596158516472,
    "(((4,), (0,)), ((), ()))": -1.2088278717499723e-15,
    "(((), ()), ((4,), (0,)))": -1.2088278717499723e-15,
    "(((5,), (0,)), ((), ()))": -1.3162227511975037e-15,
    "(((), ()), ((5,), (0,)))": -1.3162227511975037e-15,
    "(((6,), (0,)), ((), ()))": -1.760066037868486e-15,
    "(((), ()), ((6,), (0,)))": -1.760066037868486e-15,
    "(((7,), (0,)), ((), ()))": -2.1106704944559512e-16,
    "(((), ()), ((7,), (0,)))": -2.1106704944559512e-16,
    "(((8,), (0,)), ((), ()))": 8.130140135946468e-19,
    "(((), ()), ((8,), (0,)))": 8.130140135946468e-19,
    "(((0,), (0,)), ((0,), (0,)))": -0.00018486867088631154,
    "(((0,), (0,)), ((1,), (0,)))": -4.929250194538632e-17,
    "(((0,), (0,)), ((2,), (0,)))": -3.056389599258015e-15,
    "(((0,), (0,)), ((3,), (0,)))": -0.0004930883754712941,
    "(((0,), (0,)), ((4,), (0,)))": 6.896833464462618e-20,
    "(((0,), (0,)), ((5,), (0,)))": 3.9817787857129556e-21,
    "(((0,), (0,)), ((6,), (0,)))": -6.61542618936224e-16,
    "(((0,), (0,)), ((7,), (0,)))": -9.57268106062405e-20,
    "(((0,), (0,)), ((8,), (0,)))": -3.07178778167273e-20,
    "(((1,), (0,)), ((0,), (0,)))": -4.924495119701168e-17,
    "(((1,), (0,)), ((1,), (0,)))": -0.00017852740953186496,
    "(((1,), (0,)), ((2,), (0,)))": 0.0004017687450281274,
    "(((1,), (0,)), ((3,), (0,)))": -3.7575856838608545e-15,
    "(((1,), (0,)), ((4,), (0,)))": -2.4523336358399867e-19,
    "(((1,), (0,)), ((5,), (0,)))": -1.3550706989866214e-19,
    "(((1,), (0,)), ((6,), (0,)))": 8.908194598313048e-05,
    "(((1,), (0,)), ((7,), (0,)))": 1.1617467030585115e-16,
    "(((1,), (0,)), ((8,), (0,)))": -2.787042507018823e-17,
    "(((2,), (0,)), ((0,), (0,)))": -3.056458762853676e-15,
    "(((2,), (0,)), ((1,), (0,)))": 0.0004017687450281274,
    "(((2,), (0,)), ((2,), (0,)))": -0.014459075703580798,
    "(((2,), (0,)), ((3,), (0,)))": -2.328074159091095e-16,
    "(((2,), (0,)), ((4,), (0,)))": 5.5338749791656436e-17,
    "(((2,), (0,)), ((5,), (0,)))": -1.0999037726060884e-17,
    "(((2,), (0,)), ((6,), (0,)))": -0.02920023762411863,
    "(((2,), (0,)), ((7,), (0,)))": -3.7166933171980435e-14,
    "(((2,), (0,)), ((8,), (0,)))": 1.0782831088628643e-14,
    "(((3,), (0,)), ((0,), (0,)))": -0.0004930883754712945,
    "(((3,), (0,)), ((1,), (0,)))": -3.757556388995262e-15,
    "(((3,), (0,)), ((2,), (0,)))": -2.3650837962675556e-16,
    "(((3,), (0,)), ((3,), (0,)))": -0.022502481223066032,
    "(((3,), (0,)), ((4,), (0,)))": -2.2030753246966962e-17,
    "(((3,), (0,)), ((5,), (0,)))": -1.9517731020395235e-17,
    "(((3,), (0,)), ((6,), (0,)))": 1.1390268509855214e-15,
    "(((3,), (0,)), ((7,), (0,)))": -1.9678122451704705e-20,
    "(((3,), (0,)), ((8,), (0,)))": -3.316629572906216e-18,
    "(((4,), (0,)), ((0,), (0,)))": 6.896833464462571e-20,
    "(((4,), (0,)), ((1,), (0,)))": -2.4523336358399867e-19,
    "(((4,), (0,)), ((2,), (0,)))": 5.5338749791656436e-17,
    "(((4,), (0,)), ((3,), (0,)))": -2.2030753246967052e-17,
    "(((4,), (0,)), ((4,), (0,)))": -0.004329892531920926,
    "(((4,), (0,)), ((5,), (0,)))": 6.348321432378823e-18,
    "(((4,), (0,)), ((6,), (0,)))": 6.33284581933939e-16,
    "(((4,), (0,)), ((7,), (0,)))": 4.494598024767672e-16,
    "(((4,), (0,)), ((8,), (0,)))": 7.526768910458562e-16,
    "(((5,), (0,)), ((0,), (0,)))": 3.9817787857129556e-21,
    "(((5,), (0,)), ((1,), (0,)))": -1.355070698986619e-19,
    "(((5,), (0,)), ((2,), (0,)))": -1.099903772606089e-17,
    "(((5,), (0,)), ((3,), (0,)))": -1.9517731020395226e-17,
    "(((5,), (0,)), ((4,), (0,)))": 6.466021972695566e-18,
    "(((5,), (0,)), ((5,), (0,)))": -0.004329892531920905,
    "(((5,), (0,)), ((6,), (0,)))": -1.8866167306783338e-16,
    "(((5,), (0,)), ((7,), (0,)))": 4.97084096054881e-16,
    "(((5,), (0,)), ((8,), (0,)))": -3.816359324578311e-16,
    "(((6,), (0,)), ((0,), (0,)))": -6.613883892364396e-16,
    "(((6,), (0,)), ((1,), (0,)))": 8.908194598313048e-05,
    "(((6,), (0,)), ((2,), (0,)))": -0.02920023762411863,
    "(((6,), (0,)), ((3,), (0,)))": 1.1379533804876425e-15,
    "(((6,), (0,)), ((4,), (0,)))": 6.332845819339391e-16,
    "(((6,), (0,)), ((5,), (0,)))": -1.8866167306783422e-16,
    "(((6,), (0,)), ((6,), (0,)))": -0.34357006121495437,
    "(((6,), (0,)), ((7,), (0,)))": -3.9908095947119125e-13,
    "(((6,), (0,)), ((8,), (0,)))": 1.1586487055071192e-13,
    "(((7,), (0,)), ((0,), (0,)))": -9.572681060597948e-20,
    "(((7,), (0,)), ((1,), (0,)))": 1.1617467030585135e-16,
    "(((7,), (0,)), ((2,), (0,)))": -3.7166933171980435e-14,
    "(((7,), (0,)), ((3,), (0,)))": -1.9678122450178743e-20,
    "(((7,), (0,)), ((4,), (0,)))": 4.49520615564495e-16,
    "(((7,), (0,)), ((5,), (0,)))": 4.9766408630146e-16,
    "(((7,), (0,)), ((6,), (0,)))": -3.9908095947119125e-13,
    "(((7,), (0,)), ((7,), (0,)))": -0.02991709002864166,
    "(((7,), (0,)), ((8,), (0,)))": 1.7063037053298954e-17,
    "(((8,), (0,)), ((0,), (0,)))": -3.071787781674772e-20,
    "(((8,), (0,)), ((1,), (0,)))": -2.787042507018823e-17,
    "(((8,), (0,)), ((2,), (0,)))": 1.0782831088628642e-14,
    "(((8,), (0,)), ((3,), (0,)))": -3.316629572906314e-18,
    "(((8,), (0,)), ((4,), (0,)))": 7.526027957464749e-16,
    "(((8,), (0,)), ((5,), (0,)))": -3.8160323322496913e-16,
    "(((8,), (0,)), ((6,), (0,)))": 1.1586487055071192e-13,
    "(((8,), (0,)), ((7,), (0,)))": 1.7061553027108048e-17,
    "(((8,), (0,)), ((8,), (0,)))": -0.029917090028641624
  }
}