{
  "E": -14.956972812048194,
  "sol": {
    "((1, 1, 1), (1, 1))": 0.9860808427600815,
    "((1, 1, 1), (1, 0, 1))": 0.043086817674197794,
    "((1, 1, 1), (0, 1, 1))": -0.00015277763559712332,
    "((1, 1, 1), (1, 0, 0, 1))": -7.147060721024445e-16,
    "((1, 1, 1), (0, 1, 0, 1))": 4.163336342344337e-17,
    "((1, 1, 1), (0, 0, 1, 1))": 2.42861286636753e-17,
    "((1, 1, 1), (1, 0, 0, 0, 1))": 2.0469737016526324e-16,
    "((1, 1, 1), (0, 1, 0, 0, 1))": 6.938893903907228e-18,
    "((1, 1, 1), (0, 0, 1, 0, 1))": -1.734723475976807e-18,
    "((1, 1, 1), (0, 0, 0, 1, 1))": -1.0408340855860843e-17,
    "((1, 1, 1), (1, 0, 0, 0, 0, 1))": -0.0008083147351390738,
    "((1, 1, 1), (0, 1, 0, 0, 0, 1))": 0.00026207378674406815,
    "((1, 1, 1), (0, 0, 1, 0, 0, 1))": 8.734780635213284e-05,
    "((1, 1, 1), (0, 0, 0, 1, 0, 1))": -1.0842021724855044e-18,
    "((1, 1, 1), (0, 0, 0, 0, 1, 1))": 1.4094628242311558e-18,
    "((1, 1, 0, 1), (1, 1))": 1.8176649421719482e-16,
    "((1, 1, 0, 1), (1, 0, 1))": -4.7488055154865094e-17,
    "((1, 1, 0, 1), (0, 1, 1))": 4.7704895589362195e-18,
    "((1, 1, 0, 1), (1, 0, 0, 1))": -0.044098710883018276,
    "((1, 1, 0, 1), (0, 1, 0, 1))": 0.0019686755186590988,
    "((1, 1, 0, 1), (0, 0, 1, 1))": -2.7563565172955006e-05,
    "((1, 1, 0, 1), (1, 0, 0, 0, 1))": -0.05158906114991219,
    "((1, 1, 0, 1), (0, 1, 0, 0, 1))": 0.0023030632796921004,
    "((1, 1, 0, 1), (0, 0, 1, 0, 1))": -3.2245351865032174e-05,
    "((1, 1, 0, 1), (0, 0, 0, 1, 1))": -1.906313180500327e-18,
    "((1, 1, 0, 1), (1, 0, 0, 0, 0, 1))": -1.2035182168856449e-17,
    "((1, 1, 0, 1), (0, 1, 0, 0, 0, 1))": -3.5985313019583656e-19,
    "((1, 1, 0, 1), (0, 0, 1, 0, 0, 1))": 2.1933491132710504e-19,
    "((1, 1, 0, 1), (0, 0, 0, 1, 0, 1))": 3.712165775540632e-05,
    "((1, 1, 0, 1), (0, 0, 0, 0, 1, 1))": 4.3426926401770346e-05,
    "((1, 0, 1, 1), (1, 1))": -2.065417742059498e-16,
    "((1, 0, 1, 1), (1, 0, 1))": 7.373494259697199e-17,
    "((1, 0, 1, 1), (0, 1, 1))": -4.674970714465539e-18,
    "((1, 0, 1, 1), (1, 0, 0, 1))": 0.030165365431004395,
    "((1, 0, 1, 1), (0, 1, 0, 1))": -0.0017999013517222887,
    "((1, 0, 1, 1), (0, 0, 1, 1))": 4.379464578978609e-05,
    "((1, 0, 1, 1), (1, 0, 0, 0, 1))": 0.03528907876599158,
    "((1, 0, 1, 1), (0, 1, 0, 0, 1))": -0.002105622115442989,
    "((1, 0, 1, 1), (0, 0, 1, 0, 1))": 5.123334933035527e-05,
    "((1, 0, 1, 1), (0, 0, 0, 1, 1))": 1.1736348927755044e-18,
    "((1, 0, 1, 1), (1, 0, 0, 0, 0, 1))": -1.6504182506061067e-17,
    "((1, 0, 1, 1), (0, 1, 0, 0, 0, 1))": -1.2468238773176156e-19,
    "((1, 0, 1, 1), (0, 0, 1, 0, 0, 1))": 6.69096776455176e-19,
    "((1, 0, 1, 1), (0, 0, 0, 1, 0, 1))": 0.00025074457443339745,
    "((1, 0, 1, 1), (0, 0, 0, 0, 1, 1))": 0.000293334587892329,
    "((0, 1, 1, 1), (1, 1))": -7.192806306586473e-19,
    "((0, 1, 1, 1), (1, 0, 1))": -3.4655560675937733e-18,
    "((0, 1, 1, 1), (0, 1, 1))": 2.6588183239487026e-18,
    "((0, 1, 1, 1), (1, 0, 0, 1))": -0.0015993419588006934,
    "((0, 1, 1, 1), (0, 1, 0, 1))": 0.000963099169053864,
    "((0, 1, 1, 1), (0, 0, 1, 1))": -0.0001044567321268231,
    "((0, 1, 1, 1), (1, 0, 0, 0, 1))": -0.0018709968717920196,
    "((0, 1, 1, 1), (0, 1, 0, 0, 1))": 0.0011266855862873282,
    "((0, 1, 1, 1), (0, 0, 1, 0, 1))": -0.00012219914444904683,
    "((0, 1, 1, 1), (0, 0, 0, 1, 1))": -9.727734777083922e-19,
    "((0, 1, 1, 1), (1, 0, 0, 0, 0, 1))": -1.0044016985758937e-19,
    "((0, 1, 1, 1), (0, 1, 0, 0, 0, 1))": -2.9327009759545066e-19,
    "((0, 1, 1, 1), (0, 0, 1, 0, 0, 1))": -7.134816321493755e-20,
    "((0, 1, 1, 1), (0, 0, 0, 1, 0, 1))": -2.59772966526151e-05,
    "((0, 1, 1, 1), (0, 0, 0, 0, 1, 1))": -3.0389649009836585e-05,
    "((1, 1, 0, 0, 1), (1, 1))": -6.694053939632066e-16,
    "((1, 1, 0, 0, 1), (1, 0, 1))": -9.801380513477048e-17,
    "((1, 1, 0, 0, 1), (0, 1, 1))": 6.879769929317989e-19,
    "((1, 1, 0, 0, 1), (1, 0, 0, 1))": 0.051589061149911276,
    "((1, 1, 0, 0, 1), (0, 1, 0, 1))": -0.0023030632796921103,
    "((1, 1, 0, 0, 1), (0, 0, 1, 1))": 3.224535186502822e-05,
    "((1, 1, 0, 0, 1), (1, 0, 0, 0, 1))": -0.0440987108830183,
    "((1, 1, 0, 0, 1), (0, 1, 0, 0, 1))": 0.0019686755186590953,
    "((1, 1, 0, 0, 1), (0, 0, 1, 0, 1))": -2.756356517295506e-05,
    "((1, 1, 0, 0, 1), (0, 0, 0, 1, 1))": -1.728253258973004e-19,
    "((1, 1, 0, 0, 1), (1, 0, 0, 0, 0, 1))": -1.6095563798721722e-17,
    "((1, 1, 0, 0, 1), (0, 1, 0, 0, 0, 1))": 6.08904800297872e-19,
    "((1, 1, 0, 0, 1), (0, 0, 1, 0, 0, 1))": -1.6794608383862644e-19,
    "((1, 1, 0, 0, 1), (0, 0, 0, 1, 0, 1))": -4.3426926401771166e-05,
    "((1, 1, 0, 0, 1), (0, 0, 0, 0, 1, 1))": 3.712165775540665e-05,
    "((1, 0, 1, 0, 1), (1, 1))": -9.122393730849518e-17,
    "((1, 0, 1, 0, 1), (1, 0, 1))": 3.6560800558541107e-17,
    "((1, 0, 1, 0, 1), (0, 1, 1))": 1.78447293870338e-19,
    "((1, 0, 1, 0, 1), (1, 0, 0, 1))": -0.03528907876599134,
    "((1, 0, 1, 0, 1), (0, 1, 0, 1))": 0.0021056221154429947,
    "((1, 0, 1, 0, 1), (0, 0, 1, 1))": -5.123334933035455e-05,
    "((1, 0, 1, 0, 1), (1, 0, 0, 0, 1))": 0.030165365431004433,
    "((1, 0, 1, 0, 1), (0, 1, 0, 0, 1))": -0.0017999013517222887,
    "((1, 0, 1, 0, 1), (0, 0, 1, 0, 1))": 4.379464578978633e-05,
    "((1, 0, 1, 0, 1), (0, 0, 0, 1, 1))": 7.77006727178487e-20,
    "((1, 0, 1, 0, 1), (1, 0, 0, 0, 0, 1))": -2.2114863913080743e-17,
    "((1, 0, 1, 0, 1), (0, 1, 0, 0, 0, 1))": -3.595523733986976e-19,
    "((1, 0, 1, 0, 1), (0, 0, 1, 0, 0, 1))": 1.8612295260093937e-19,
    "((1, 0, 1, 0, 1), (0, 0, 0, 1, 0, 1))": -0.0002933345878923289,
    "((1, 0, 1, 0, 1), (0, 0, 0, 0, 1, 1))": 0.000250744574433398,
    "((0, 1, 1, 0, 1), (1, 1))": 1.4695533342736538e-18,
    "((0, 1, 1, 0, 1), (1, 0, 1))": -1.4451144188940672e-18,
    "((0, 1, 1, 0, 1), (0, 1, 1))": 4.1087707446127964e-19,
    "((0, 1, 1, 0, 1), (1, 0, 0, 1))": 0.0018709968717920244,
    "((0, 1, 1, 0, 1), (0, 1, 0, 1))": -0.0011266855862873304,
    "((0, 1, 1, 0, 1), (0, 0, 1, 1))": 0.00012219914444904368,
    "((0, 1, 1, 0, 1), (1, 0, 0, 0, 1))": -0.00159934195880069,
    "((0, 1, 1, 0, 1), (0, 1, 0, 0, 1))": 0.0009630991690538645,
    "((0, 1, 1, 0, 1), (0, 0, 1, 0, 1))": -0.00010445673212682349,
    "((0, 1, 1, 0, 1), (0, 0, 0, 1, 1))": 3.2912536525799e-20,
    "((0, 1, 1, 0, 1), (1, 0, 0, 0, 0, 1))": 4.446010745702864e-19,
    "((0, 1, 1, 0, 1), (0, 1, 0, 0, 0, 1))": 6.12298182893812e-20,
    "((0, 1, 1, 0, 1), (0, 0, 1, 0, 0, 1))": -7.99781874926572e-20,
    "((0, 1, 1, 0, 1), (0, 0, 0, 1, 0, 1))": 3.0389649009835637e-05,
    "((0, 1, 1, 0, 1), (0, 0, 0, 0, 1, 1))": -2.5977296652615347e-05,
    "((1, 0, 0, 1, 1), (1, 1))": -2.3386290154407614e-17,
    "((1, 0, 0, 1, 1), (1, 0, 1))": -4.865606102039052e-18,
    "((1, 0, 0, 1, 1), (0, 1, 1))": -5.752349240623109e-20,
    "((1, 0, 0, 1, 1), (1, 0, 0, 1))": 2.359784798116406e-17,
    "((1, 0, 0, 1, 1), (0, 1, 0, 1))": -1.5217597835166773e-18,
    "((1, 0, 0, 1, 1), (0, 0, 1, 1))": 9.769378646044727e-20,
    "((1, 0, 0, 1, 1), (1, 0, 0, 0, 1))": 2.7363251307554622e-17,
    "((1, 0, 0, 1, 1), (0, 1, 0, 0, 1))": -1.5621815917020722e-18,
    "((1, 0, 0, 1, 1), (0, 0, 1, 0, 1))": -3.56728559318614e-20,
    "((1, 0, 0, 1, 1), (0, 0, 0, 1, 1))": 3.389522842028187e-05,
    "((1, 0, 0, 1, 1), (1, 0, 0, 0, 0, 1))": 9.045264353783796e-19,
    "((1, 0, 0, 1, 1), (0, 1, 0, 0, 0, 1))": 4.153766740242847e-20,
    "((1, 0, 0, 1, 1), (0, 0, 1, 0, 0, 1))": -9.600530544444697e-21,
    "((1, 0, 0, 1, 1), (0, 0, 0, 1, 0, 1))": 2.421777110472505e-19,
    "((1, 0, 0, 1, 1), (0, 0, 0, 0, 1, 1))": 2.6079226655688994e-19,
    "((0, 1, 0, 1, 1), (1, 1))": 2.925080407222914e-19,
    "((0, 1, 0, 1, 1), (1, 0, 1))": 6.821491898653233e-19,
    "((0, 1, 0, 1, 1), (0, 1, 1))": -3.02974238466823e-20,
    "((0, 1, 0, 1, 1), (1, 0, 0, 1))": -6.972718667003951e-19,
    "((0, 1, 0, 1, 1), (0, 1, 0, 1))": 4.660207064467875e-19,
    "((0, 1, 0, 1, 1), (0, 0, 1, 1))": 2.4301867161119607e-19,
    "((0, 1, 0, 1, 1), (1, 0, 0, 0, 1))": -1.992292504686704e-18,