{
  "E": -196.04925965468496,
  "sol": {
    "(((), ()), ((), ()))": 0.96421572375001,
    "(((0,), (0,)), ((), ()))": -3.711682973713407e-05,
    "(((), ()), ((0,), (0,)))": -3.711682973713407e-05,
    "(((1,), (0,)), ((), ()))": -1.2999241400914332e-16,
    "(((), ()), ((1,), (0,)))": -1.2999241400914332e-16,
    "(((2,), (0,)), ((), ()))": 9.842948115557674e-16,
    "(((), ()), ((2,), (0,)))": 9.842948115557674e-16,
    "(((3,), (0,)), ((), ()))": 0.016764651245775246,
    "(((), ()), ((3,), (0,)))": 0.016764651245775246,
    "(((4,), (0,)), ((), ()))": 1.8255290209949182e-16,
    "(((), ()), ((4,), (0,)))": 1.8255290209949182e-16,
    "(((5,), (0,)), ((), ()))": 1.9868640168493015e-17,
    "(((), ()), ((5,), (0,)))": 1.9868640168493015e-17,
    "(((6,), (0,)), ((), ()))": -3.581573815463365e-15,
    "(((), ()), ((6,), (0,)))": -3.581573815463365e-15,
    "(((7,), (0,)), ((), ()))": -1.6170996714091623e-16,
    "(((), ()), ((7,), (0,)))": -1.6170996714091623e-16,
    "(((8,), (0,)), ((), ()))": -9.110836131226498e-17,
    "(((), ()), ((8,), (0,)))": -9.110836131226498e-17,
    "(((0,), (0,)), ((0,), (0,)))": -0.0002480998470389724,
    "(((0,), (0,)), ((1,), (0,)))": -1.8812694638601593e-17,
    "(((0,), (0,)), ((2,), (0,)))": -1.1217439432286545e-15,
    "(((0,), (0,)), ((3,), (0,)))": -0.0005794626535675156,
    "(((0,), (0,)), ((4,), (0,)))": -2.213212494071913e-21,
    "(((0,), (0,)), ((5,), (0,)))": -5.3322403106597573e-20,
    "(((0,), (0,)), ((6,), (0,)))": 3.6811750812391227e-17,
    "(((0,), (0,)), ((7,), (0,)))": -1.3816897648573807e-19,
    "(((0,), (0,)), ((8,), (0,)))": 5.8427872518839024e-21,
    "(((1,), (0,)), ((0,), (0,)))": -1.883193005947539e-17,
    "(((1,), (0,)), ((1,), (0,)))": -0.00023987558121225575,
    "(((1,), (0,)), ((2,), (0,)))": 0.00046595232261545546,
    "(((1,), (0,)), ((3,), (0,)))": -1.3858498094006896e-15,
    "(((1,), (0,)), ((4,), (0,)))": -2.409185700149539e-19,
    "(((1,), (0,)), ((5,), (0,)))": -2.782892034104132e-19,
    "(((1,), (0,)), ((6,), (0,)))": -1.5941319517535533e-05,
    "(((1,), (0,)), ((7,), (0,)))": -3.851360803250315e-19,
    "(((1,), (0,)), ((8,), (0,)))": -6.360147856386053e-19,
    "(((2,), (0,)), ((0,), (0,)))": -1.1216486033034866e-15,
    "(((2,), (0,)), ((1,), (0,)))": 0.00046595232261545546,
    "(((2,), (0,)), ((2,), (0,)))": -0.018485021128430524,
    "(((2,), (0,)), ((3,), (0,)))": -9.203458826264261e-17,
    "(((2,), (0,)), ((4,), (0,)))": 8.454856066580495e-16,
    "(((2,), (0,)), ((5,), (0,)))": 4.345999299807301e-16,
    "(((2,), (0,)), ((6,), (0,)))": 0.03341722805426495,
    "(((2,), (0,)), ((7,), (0,)))": 2.4493176991677586e-16,
    "(((2,), (0,)), ((8,), (0,)))": -8.615095147847954e-16,
    "(((3,), (0,)), ((0,), (0,)))": -0.0005794626535675161,
    "(((3,), (0,)), ((1,), (0,)))": -1.3860439552968042e-15,
    "(((3,), (0,)), ((2,), (0,)))": -9.187185964208324e-17,
    "(((3,), (0,)), ((3,), (0,)))": -0.024572403738699317,
    "(((3,), (0,)), ((4,), (0,)))": 8.982733102452221e-18,
    "(((3,), (0,)), ((5,), (0,)))": 4.293470120382313e-18,
    "(((3,), (0,)), ((6,), (0,)))": -1.3228783569285009e-15,
    "(((3,), (0,)), ((7,), (0,)))": -9.872565413256319e-18,
    "(((3,), (0,)), ((8,), (0,)))": -4.035203253438072e-18,
    "(((4,), (0,)), ((0,), (0,)))": -2.213212494066966e-21,
    "(((4,), (0,)), ((1,), (0,)))": -2.4091857001495543e-19,
    "(((4,), (0,)), ((2,), (0,)))": 8.454856066580495e-16,
    "(((4,), (0,)), ((3,), (0,)))": 8.982733102452242e-18,
    "(((4,), (0,)), ((4,), (0,)))": -0.007896650803068709,
    "(((4,), (0,)), ((5,), (0,)))": 1.0357074367121427e-17,
    "(((4,), (0,)), ((6,), (0,)))": -6.234180727599959e-15,
    "(((4,), (0,)), ((7,), (0,)))": -3.2805309874276857e-16,
    "(((4,), (0,)), ((8,), (0,)))": -3.303078169598823e-17,
    "(((5,), (0,)), ((0,), (0,)))": -5.33224031065935e-20,
    "(((5,), (0,)), ((1,), (0,)))": -2.782892034104174e-19,
    "(((5,), (0,)), ((2,), (0,)))": 4.3459992998073016e-16,
    "(((5,), (0,)), ((3,), (0,)))": 4.2934701203823315e-18,
    "(((5,), (0,)), ((4,), (0,)))": 1.0668509705084249e-17,
    "(((5,), (0,)), ((5,), (0,)))": -0.007896650803068686,
    "(((5,), (0,)), ((6,), (0,)))": -3.19762502703018e-15,
    "(((5,), (0,)), ((7,), (0,)))": 2.5799899539895812e-17,
    "(((5,), (0,)), ((8,), (0,)))": -3.9926747017702767e-16,
    "(((6,), (0,)), ((0,), (0,)))": 3.7071039637633133e-17,
    "(((6,), (0,)), ((1,), (0,)))": -1.5941319517535804e-05,
    "(((6,), (0,)), ((2,), (0,)))": 0.03341722805426495,
    "(((6,), (0,)), ((3,), (0,)))": -1.3193969784837765e-15,
    "(((6,), (0,)), ((4,), (0,)))": -6.234180727599959e-15,
    "(((6,), (0,)), ((5,), (0,)))": -3.19762502703018e-15,
    "(((6,), (0,)), ((6,), (0,)))": -0.2540953289908384,
    "(((6,), (0,)), ((7,), (0,)))": -1.5686994940760791e-15,
    "(((6,), (0,)), ((8,), (0,)))": 5.774768168127026e-15,
    "(((7,), (0,)), ((0,), (0,)))": -1.381689764857373e-19,
    "(((7,), (0,)), ((1,), (0,)))": -3.8513608032503225e-19,
    "(((7,), (0,)), ((2,), (0,)))": 2.4493176991677586e-16,
    "(((7,), (0,)), ((3,), (0,)))": -9.872565413256316e-18,
    "(((7,), (0,)), ((4,), (0,)))": -3.292203310192363e-16,
    "(((7,), (0,)), ((5,), (0,)))": 2.604150085069262e-17,
    "(((7,), (0,)), ((6,), (0,)))": -1.5686994940760787e-15,
    "(((7,), (0,)), ((7,), (0,)))": -0.0304682718573194,
    "(((7,), (0,)), ((8,), (0,)))": -1.0125000150891455e-17,
    "(((8,), (0,)), ((0,), (0,)))": 5.842787251880309e-21,
    "(((8,), (0,)), ((1,), (0,)))": -6.360147856385991e-19,
    "(((8,), (0,)), ((2,), (0,)))": -8.6150951478479555e-16,
    "(((8,), (0,)), ((3,), (0,)))": -4.035203253438182e-18,
    "(((8,), (0,)), ((4,), (0,)))": -3.366569354069732e-17,
    "(((8,), (0,)), ((5,), (0,)))": -3.9898456856444936e-16,
    "(((8,), (0,)), ((6,), (0,)))": 5.774768168127025e-15,
    "(((8,), (0,)), ((7,), (0,)))": -9.294201198183042e-18,
    "(((8,), (0,)), ((8,), (0,)))": -0.030468271857319443
  },