{
  "E": -146.82318725960826,
  "sol": {
    "(((), ()), ((), ()))": 0.8786973161665118,
    "(((0,), (0,)), ((), ()))": 4.71531462132644e-17,
    "(((), ()), ((0,), (0,)))": 4.71531462132644e-17,
    "(((0,), (1,)), ((), ()))": 4.185023256243446e-17,
    "(((), ()), ((0,), (1,)))": 4.185023256243446e-17,
    "(((1,), (0,)), ((), ()))": 1.1756961553335993e-16,
    "(((), ()), ((1,), (0,)))": 1.1756961553335993e-16,
    "(((1,), (1,)), ((), ()))": 4.72349988843318e-05,
    "(((), ()), ((1,), (1,)))": 4.72349988843318e-05,
    "(((2,), (0,)), ((), ()))": 3.369775696186273e-16,
    "(((), ()), ((2,), (0,)))": 3.369775696186273e-16,
    "(((2,), (1,)), ((), ()))": -4.162777667681905e-17,
    "(((), ()), ((2,), (1,)))": -4.162777667681905e-17,
    "(((3,), (0,)), ((), ()))": 8.072204691404024e-16,
    "(((), ()), ((3,), (0,)))": 8.072204691404024e-16,
    "(((3,), (1,)), ((), ()))": 2.5715672857335995e-17,
    "(((), ()), ((3,), (1,)))": 2.5715672857335995e-17,
    "(((4,), (0,)), ((), ()))": -8.308386797999666e-16,
    "(((), ()), ((4,), (0,)))": -8.308386797999666e-16,
    "(((4,), (1,)), ((), ()))": -0.003144511393594812,
    "(((), ()), ((4,), (1,)))": -0.003144511393594812,
    "(((5,), (0,)), ((), ()))": 3.1656671481312125e-16,
    "(((), ()), ((5,), (0,)))": 3.1656671481312125e-16,
    "(((5,), (1,)), ((), ()))": 1.9547765687988547e-17,
    "(((), ()), ((5,), (1,)))": 1.9547765687988547e-17,
    "(((6,), (0,)), ((), ()))": -8.809568045186628e-16,
    "(((), ()), ((6,), (0,)))": -8.809568045186628e-16,
    "(((6,), (1,)), ((), ()))": -1.193040842377979e-15,
    "(((), ()), ((6,), (1,)))": -1.193040842377979e-15,
    "(((7,), (0,)), ((), ()))": 5.057173164064878e-10,
    "(((), ()), ((7,), (0,)))": 5.057173164064878e-10,
    "(((7,), (1,)), ((), ()))": 5.572221682209274e-17,
    "(((), ()), ((7,), (1,)))": 5.572221682209274e-17,
    "(((0,), (0,)), ((0,), (0,)))": -0.0001302376264349716,
    "(((0,), (0,)), ((0,), (1,)))": -3.039010552047357e-19,
    "(((0,), (0,)), ((1,), (0,)))": 5.368548837287872e-19,
    "(((0,), (0,)), ((1,), (1,)))": 1.4422363968167163e-20,
    "(((0,), (0,)), ((2,), (0,)))": -0.00025901172971504475,
    "(((0,), (0,)), ((2,), (1,)))": -5.559112272370767e-19,
    "(((0,), (0,)), ((3,), (0,)))": -2.942149987460023e-19,
    "(((0,), (0,)), ((3,), (1,)))": 6.486041418972365e-14,
    "(((0,), (0,)), ((4,), (0,)))": 3.941962734250086e-18,
    "(((0,), (0,)), ((4,), (1,)))": -1.008878943906919e-19,
    "(((0,), (0,)), ((5,), (0,)))": 2.367842969661638e-20,
    "(((0,), (0,)), ((5,), (1,)))": 0.0005126059033891863,
    "(((0,), (0,)), ((6,), (0,)))": -0.0001555531976333975,
    "(((0,), (0,)), ((6,), (1,)))": -8.505965678555987e-19,
    "(((0,), (0,)), ((7,), (0,)))": -5.989866620981087e-17,
    "(((0,), (0,)), ((7,), (1,)))": -5.321063879971674e-19,
    "(((0,), (1,)), ((0,), (0,)))": -3.0390105520473524e-19,
    "(((0,), (1,)), ((0,), (1,)))": -0.0008204191160034658,
    "(((0,), (1,)), ((1,), (0,)))": 9.141583478124726e-20,
    "(((0,), (1,)), ((1,), (1,)))": 1.216840073210232e-18,
    "(((0,), (1,)), ((2,), (0,)))": -3.386295710633769e-19,
    "(((0,), (1,)), ((2,), (1,)))": -0.0001693254971155999,
    "(((0,), (1,)), ((3,), (0,)))": -7.217638846786442e-14,
    "(((0,), (1,)), ((3,), (1,)))": -8.986552852367861e-19,
    "(((0,), (1,)), ((4,), (0,)))": -5.918329908357887e-19,
    "(((0,), (1,)), ((4,), (1,)))": 2.7354349415846088e-18,
    "(((0,), (1,)), ((5,), (0,)))": -0.0003450527243321782,
    "(((0,), (1,)), ((5,), (1,)))": -6.847602962318381e-19,
    "(((0,), (1,)), ((6,), (0,)))": 8.569296569606788e-20,
    "(((0,), (1,)), ((6,), (1,)))": -0.0004288468845460369,
    "(((0,), (1,)), ((7,), (0,)))": -2.5544699753078205e-19,
    "(((0,), (1,)), ((7,), (1,)))": -6.1470597519119895e-19,
    "(((1,), (0,)), ((0,), (0,)))": 5.20202124049918e-19,
    "(((1,), (0,)), ((0,), (1,)))": 9.141583478124723e-20,
    "(((1,), (0,)), ((1,), (0,)))": -0.00014292640896495834,
    "(((1,), (0,)), ((1,), (1,)))": -3.426234289399594e-19,
    "(((1,), (0,)), ((2,), (0,)))": 8.050763592623225e-18,
    "(((1,), (0,)), ((2,), (1,)))": 3.487034676615121e-20,
    "(((1,), (0,)), ((3,), (0,)))": 1.5163093209714655e-18,
    "(((1,), (0,)), ((3,), (1,)))": -1.7172288660244363e-19,
    "(((1,), (0,)), ((4,), (0,)))": 0.00037997008470511335,
    "(((1,), (0,)), ((4,), (1,)))": -1.4409874152728172e-19,
    "(((1,), (0,)), ((5,), (0,)))": -5.85926248297973e-20,
    "(((1,), (0,)), ((5,), (1,)))": -1.5167621143456445e-17,
    "(((1,), (0,)), ((6,), (0,)))": 3.383774252108228e-18,
    "(((1,), (0,)), ((6,), (1,)))": 2.7377701740731086e-20,
    "(((1,), (0,)), ((7,), (0,)))": -1.3212057557075988e-16,
    "(((1,), (0,)), ((7,), (1,)))": -1.8256269361771573e-16,
    "(((1,), (1,)), ((0,), (0,)))": 1.4422363968167933e-20,
    "(((1,), (1,)), ((0,), (1,)))": 1.219132853108665e-18,
    "(((1,), (1,)), ((1,), (0,)))": -3.4262342893995965e-19,
    "(((1,), (1,)), ((1,), (1,)))": -0.0008590463827096353,
    "(((1,), (1,)), ((2,), (0,)))": -4.009492871990104e-21,
    "(((1,), (1,)), ((2,), (1,)))": 4.3616948788063275e-18,
    "(((1,), (1,)), ((3,), (0,)))": 1.864473579926934e-19,
    "(((1,), (1,)), ((3,), (1,)))": 1.9403576457240887e-18,
    "(((1,), (1,)), ((4,), (0,)))": 6.449897549735021e-19,
    "(((1,), (1,)), ((4,), (1,)))": 0.0005788437780026086,
    "(((1,), (1,)), ((5,), (0,)))": 1.0127385593325768e-17,
    "(((1,), (1,)), ((5,), (1,)))": -6.240031406154286e-19,
    "(((1,), (1,)), ((6,), (0,)))": -3.722909024816592e-20,
    "(((1,), (1,)), ((6,), (1,)))": 2.273175491739296e-18,
    "(((1,), (1,)), ((7,), (0,)))": 8.278507355793585e-16,
    "(((1,), (1,)), ((7,), (1,)))": -8.277768028416456e-19,
    "(((2,), (0,)), ((0,), (0,)))": -0.0002590117297150447,
    "(((2,), (0,)), ((0,), (1,)))": -3.386295710633746e-19,
    "(((2,), (0,)), ((1,), (0,)))": 7.994722263987576e-18,
    "(((2,), (0,)), ((1,), (1,)))": -4.0094928719916446e-21,
    "(((2,), (0,)), ((2,), (0,)))": -0.0042676447182674725,
    "(((2,), (0,)), ((2,), (1,)))": -1.4067182059705148e-17,
    "(((2,), (0,)), ((3,), (0,)))": -1.1750734570861173e-17,
    "(((2,), (0,)), ((3,), (1,)))": 1.173781567727882e-12,
    "(((2,), (0,)), ((4,), (0,)))": -3.196502284441301e-18,
    "(((2,), (0,)), ((4,), (1,)))": 4.186005211174177e-18,
    "(((2,), (0,)), ((5,), (0,)))": 2.2455368800011693e-17,
    "(((2,), (0,)), ((5,), (1,)))": 0.01059109305572234,
    "(((2,), (0,)), ((6,), (0,)))": -0.0029087960273522827,
    "(((2,), (0,)), ((6,), (1,)))": -1.2266106782629181e-17,
    "(((2,), (0,)), ((7,), (0,)))": -5.265448675978371e-16,
    "(((2,), (0,)), ((7,), (1,)))": -2.731506329567238e-17,
    "(((2,), (1,)), ((0,), (0,)))": -5.55911227237079e-19,
    "(((2,), (1,)), ((0,), (1,)))": -0.00016932549711560086,
    "(((2,), (1,)), ((1,), (0,)))": 3.487034676615181e-20,
    "(((2,), (1,)), ((1,), (1,)))": 4.0860796536288796e-18,
    "(((2,), (1,)), ((2,), (0,)))": -1.4067182059705188e-17,
    "(((2,), (1,)), ((2,), (1,)))": -0.015545840070821298,
    "(((2,), (1,)), ((3,), (0,)))": 3.655430031322515e-12,
    "(((2,), (1,)), ((3,), (1,)))": 9.5933361469709e-18,
    "(((2,), (1,)), ((4,), (0,)))": 1.1941494046089692e-17,
    "(((2,), (1,)), ((4,), (1,)))": 1.31678447444506e-16,
    "(((2,), (1,)), ((5,), (0,)))": 0.023036418748947546,
    "(((2,), (1,)), ((5,), (1,)))": 3.443859120222368e-17,
    "(((2,), (1,)), ((6,), (0,)))": -2.8970492144690925e-17,
    "(((2,), (1,)), ((6,), (1,)))": 0.009919381693631516,
    "(((2,), (1,)), ((7,), (0,)))": -1.9461775913475842e-17,
    "(((2,), (1,)), ((7,), (1,)))": -9.15111409349651e-19,
    "(((3,), (0,)), ((0,), (0,)))": -2.942149987460025e-19,
    "(((3,), (0,)), ((0,), (1,)))": -7.217642279838583e-14,
    "(((3,), (0,)), ((1,), (0,)))": 1.5163093209714655e-18,
    "(((3,), (0,)), ((1,), (1,)))": -8.752006954710733e-21,
    "(((3,), (0,)), ((2,), (0,)))": -1.1750734570861176e-17,
    "(((3,), (0,)), ((2,), (1,)))": 3.655429245090654e-12,