{
  "E": -74.53324110080786,
  "sol": {
    "(((), ()), ((), ()))": 0.9962374517178721,
    "(((0,), (0,)), ((), ()))": 9.165137097978154e-06,
    "(((), ()), ((0,), (0,)))": 9.165137097978154e-06,
    "(((0,), (1,)), ((), ()))": -2.0933434322120607e-17,
    "(((), ()), ((0,), (1,)))": -2.0933434322120607e-17,
    "(((1,), (0,)), ((), ()))": 0.0020182769584946737,
    "(((), ()), ((1,), (0,)))": 0.0020182769584946737,
    "(((1,), (1,)), ((), ()))": -2.9041448413738814e-16,
    "(((), ()), ((1,), (1,)))": -2.9041448413738814e-16,
    "(((2,), (0,)), ((), ()))": -5.226174062961201e-16,
    "(((), ()), ((2,), (0,)))": -5.226174062961201e-16,
    "(((2,), (1,)), ((), ()))": -0.0023272567258127907,
    "(((), ()), ((2,), (1,)))": -0.0023272567258127907,
    "(((3,), (0,)), ((), ()))": 0.0028667751272631365,
    "(((), ()), ((3,), (0,)))": 0.0028667751272631365,
    "(((3,), (1,)), ((), ()))": 1.338634753102893e-15,
    "(((), ()), ((3,), (1,)))": 1.338634753102893e-15,
    "(((4,), (0,)), ((), ()))": -1.8826505498842122e-17,
    "(((), ()), ((4,), (0,)))": -1.8826505498842122e-17,
    "(((4,), (1,)), ((), ()))": 7.623468489713168e-17,
    "(((), ()), ((4,), (1,)))": 7.623468489713168e-17,
    "(((0,), (0,)), ((0,), (0,)))": -0.0008871025779079373,
    "(((0,), (0,)), ((0,), (1,)))": 1.749076162367778e-18,
    "(((0,), (0,)), ((1,), (0,)))": 2.5774106470131086e-05,
    "(((0,), (0,)), ((1,), (1,)))": 5.371769813591686e-18,
    "(((0,), (0,)), ((2,), (0,)))": 1.0672006502648473e-18,
    "(((0,), (0,)), ((2,), (1,)))": 0.0004219601415705476,
    "(((0,), (0,)), ((3,), (0,)))": 0.00020974154912575563,
    "(((0,), (0,)), ((3,), (1,)))": -6.336165999637518e-18,
    "(((0,), (0,)), ((4,), (0,)))": 8.566505121061913e-19,
    "(((0,), (0,)), ((4,), (1,)))": -4.2162377502664543e-19,
    "(((0,), (1,)), ((0,), (0,)))": 1.1477559945194207e-18,
    "(((0,), (1,)), ((0,), (1,)))": -0.0005679447610091662,
    "(((0,), (1,)), ((1,), (0,)))": 5.231960464853908e-18,
    "(((0,), (1,)), ((1,), (1,)))": 0.0006044049973944291,
    "(((0,), (1,)), ((2,), (0,)))": -0.00027807630754102177,
    "(((0,), (1,)), ((2,), (1,)))": 2.3297861123398954e-18,
    "(((0,), (1,)), ((3,), (0,)))": -5.489134694768148e-18,
    "(((0,), (1,)), ((3,), (1,)))": -0.0007124121921826553,
    "(((0,), (1,)), ((4,), (0,)))": 7.990408289421194e-19,
    "(((0,), (1,)), ((4,), (1,)))": -2.9542535049262393e-18,
    "(((1,), (0,)), ((0,), (0,)))": 2.5774106470129202e-05,
    "(((1,), (0,)), ((0,), (1,)))": 5.337752074596003e-18,
    "(((1,), (0,)), ((1,), (0,)))": -0.026709948115066905,
    "(((1,), (0,)), ((1,), (1,)))": 1.0085315140575451e-16,
    "(((1,), (0,)), ((2,), (0,)))": 2.7719528223791784e-16,
    "(((1,), (0,)), ((2,), (1,)))": 0.023199062881705722,
    "(((1,), (0,)), ((3,), (0,)))": -0.01667448922053784,
    "(((1,), (0,)), ((3,), (1,)))": 1.0791940774374925e-16,
    "(((1,), (0,)), ((4,), (0,)))": -7.082672396136565e-17,
    "(((1,), (0,)), ((4,), (1,)))": -4.5491013428015115e-17,
    "(((1,), (1,)), ((0,), (0,)))": 5.3047682303484805e-18,
    "(((1,), (1,)), ((0,), (1,)))": 0.0006044049973944285,
    "(((1,), (1,)), ((1,), (0,)))": 6.268200786244929e-17,
    "(((1,), (1,)), ((1,), (1,)))": -0.010465218333520845,
    "(((1,), (1,)), ((2,), (0,)))": 0.013667253508766724,
    "(((1,), (1,)), ((2,), (1,)))": -1.5443824924799055e-16,
    "(((1,), (1,)), ((3,), (0,)))": 9.489385336228531e-17,
    "(((1,), (1,)), ((3,), (1,)))": 0.0028535554557936778,
    "(((1,), (1,)), ((4,), (0,)))": -1.5222171099337928e-17,
    "(((1,), (1,)), ((4,), (1,)))": 1.1801829203662908e-17,
    "(((2,), (0,)), ((0,), (0,)))": 3.0675614100508433e-19,
    "(((2,), (0,)), ((0,), (1,)))": -0.0002780763075410245,
    "(((2,), (0,)), ((1,), (0,)))": 2.728017479652556e-16,
    "(((2,), (0,)), ((1,), (1,)))": 0.013667253508766764,
    "(((2,), (0,)), ((2,), (0,)))": -0.020892110758102943,
    "(((2,), (0,)), ((2,), (1,)))": -3.780334470869059e-16,
    "(((2,), (0,)), ((3,), (0,)))": 2.2279698460784032e-16,
    "(((2,), (0,)), ((3,), (1,)))": 0.010166645081211722,
    "(((2,), (0,)), ((4,), (0,)))": -1.0931438018126341e-17,
    "(((2,), (0,)), ((4,), (1,)))": 4.3852539466006987e-17,
    "(((2,), (1,)), ((0,), (0,)))": 0.00042196014157055257,
    "(((2,), (1,)), ((0,), (1,)))": 2.6921778902865043e-18,
    "(((2,), (1,)), ((1,), (0,)))": 0.02319906288170566,
    "(((2,), (1,)), ((1,), (1,)))": -1.584703724599514e-16,
    "(((2,), (1,)), ((2,), (0,)))": -4.554853111214584e-16,
    "(((2,), (1,)), ((2,), (1,)))": -0.04658093712801574,
    "(((2,), (1,)), ((3,), (0,)))": 0.012838942758678347,
    "(((2,), (1,)), ((3,), (1,)))": 3.7009669936091476e-17,
    "(((2,), (1,)), ((4,), (0,)))": 5.63592472757596e-17,
    "(((2,), (1,)), ((4,), (1,)))": 6.235680925533297e-17,
    "(((3,), (0,)), ((0,), (0,)))": 0.0002097415491257551,
    "(((3,), (0,)), ((0,), (1,)))": -2.6946333005054022e-18,
    "(((3,), (0,)), ((1,), (0,)))": -0.016674489220537842,
    "(((3,), (0,)), ((1,), (1,)))": 2.5390036375992665e-17,
    "(((3,), (0,)), ((2,), (0,)))": 1.9895262668246768e-16,
    "(((3,), (0,)), ((2,), (1,)))": 0.012838942758678307,
    "(((3,), (0,)), ((3,), (0,)))": -0.011765397193749574,
    "(((3,), (0,)), ((3,), (1,)))": -2.127328827695384e-16,
    "(((3,), (0,)), ((4,), (0,)))": 4.0812634416857765e-17,
    "(((3,), (0,)), ((4,), (1,)))": -1.989780283720935e-17,
    "(((3,), (1,)), ((0,), (0,)))": -9.145035908320955e-18,
    "(((3,), (1,)), ((0,), (1,)))": -0.0007124121921826549,
    "(((3,), (1,)), ((1,), (0,)))": 1.5236401127737418e-16,
    "(((3,), (1,)), ((1,), (1,)))": 0.002853555455793685,
    "(((3,), (1,)), ((2,), (0,)))": 0.01016664508121178,
    "(((3,), (1,)), ((2,), (1,)))": 3.568455562361216e-17,
    "(((3,), (1,)), ((3,), (0,)))": -1.820511444449997e-16,
    "(((3,), (1,)), ((3,), (1,)))": -0.02484731657863698,
    "(((3,), (1,)), ((4,), (0,)))": 5.636736611421542e-18,
    "(((3,), (1,)), ((4,), (1,)))": -7.711807384528609e-17,
    "(((4,), (0,)), ((0,), (0,)))": 8.566505121061893e-19,
    "(((4,), (0,)), ((0,), (1,)))": 7.990408289421315e-19,
    "(((4,), (0,)), ((1,), (0,)))": -7.08267239613657e-17,
    "(((4,), (0,)), ((1,), (1,)))": -1.5222171099338276e-17,
    "(((4,), (0,)), ((2,), (0,)))": -1.093143801812645e-17,
    "(((4,), (0,)), ((2,), (1,)))": 5.635924727575946e-17,
    "(((4,), (0,)), ((3,), (0,)))": 4.081263441685783e-17,
    "(((4,), (0,)), ((3,), (1,)))": 5.63673661142152e-18,
    "(((4,), (0,)), ((4,), (0,)))": -0.022116822351792714,
    "(((4,), (0,)), ((4,), (1,)))": 3.4413315852470207e-18,
    "(((4,), (1,)), ((0,), (0,)))": -4.2162377502665853e-19,
    "(((4,), (1,)), ((0,), (1,)))": -2.9542535049262373e-18,
    "(((4,), (1,)), ((1,), (0,)))": -4.549101342801489e-17,
    "(((4,), (1,)), ((1,), (1,)))": 1.1801829203662896e-17,
    "(((4,), (1,)), ((2,), (0,)))": 4.3852539466007147e-17,
    "(((4,), (1,)), ((2,), (1,)))": 6.235680925533296e-17,
    "(((4,), (1,)), ((3,), (0,)))": -1.989780283720932e-17,
    "(((4,), (1,)), ((3,), (1,)))": -7.711807384528605e-17,
    "(((4,), (1,)), ((4,), (0,)))": 1.5147838210153582e-17,
    "(((4,), (1,)), ((4,), (1,)))": -0.006494604830549137
  }
}