{
  "E": -74.76442100795336,
  "sol": {
    "(((), ()), ((), ()))": 0.9918925997866285,
    "(((0,), (0,)), ((), ()))": 1.4688963516216677e-05,
    "(((), ()), ((0,), (0,)))": 1.4688963516216677e-05,
    "(((0,), (1,)), ((), ()))": -2.753974154877591e-06,
    "(((), ()), ((0,), (1,)))": -2.753974154877591e-06,
    "(((1,), (0,)), ((), ()))": -0.0009123294664710483,
    "(((), ()), ((1,), (0,)))": -0.0009123294664710483,
    "(((1,), (1,)), ((), ()))": -0.0011492424134657575,
    "(((), ()), ((1,), (1,)))": -0.0011492424134657575,
    "(((2,), (0,)), ((), ()))": 0.0033784349153290574,
    "(((), ()), ((2,), (0,)))": 0.0033784349153290574,
    "(((2,), (1,)), ((), ()))": -0.0017016700173745766,
    "(((), ()), ((2,), (1,)))": -0.0017016700173745766,
    "(((3,), (0,)), ((), ()))": -0.007927275834536545,
    "(((), ()), ((3,), (0,)))": -0.007927275834536545,
    "(((3,), (1,)), ((), ()))": -0.0014258615743786862,
    "(((), ()), ((3,), (1,)))": -0.0014258615743786862,
    "(((4,), (0,)), ((), ()))": -1.578020376639774e-16,
    "(((), ()), ((4,), (0,)))": -1.578020376639774e-16,
    "(((4,), (1,)), ((), ()))": 2.2741716017875737e-17,
    "(((), ()), ((4,), (1,)))": 2.2741716017875737e-17,
    "(((0,), (0,)), ((0,), (0,)))": -0.0005950292829222156,
    "(((0,), (0,)), ((0,), (1,)))": -0.000167859007406492,
    "(((0,), (0,)), ((1,), (0,)))": 0.00035335296287434257,
    "(((0,), (0,)), ((1,), (1,)))": -0.00028408219164572675,
    "(((0,), (0,)), ((2,), (0,)))": -6.116528611538341e-05,
    "(((0,), (0,)), ((2,), (1,)))": -0.00026520192774644343,
    "(((0,), (0,)), ((3,), (0,)))": -5.138572923962135e-05,
    "(((0,), (0,)), ((3,), (1,)))": 0.0003965679467676902,
    "(((0,), (0,)), ((4,), (0,)))": 1.2149967932383367e-19,
    "(((0,), (0,)), ((4,), (1,)))": 9.16086240375092e-19,
    "(((0,), (1,)), ((0,), (0,)))": -0.0001678590074064918,
    "(((0,), (1,)), ((0,), (1,)))": -0.0006745006108623589,
    "(((0,), (1,)), ((1,), (0,)))": -0.0002464754928195142,
    "(((0,), (1,)), ((1,), (1,)))": 0.00042723689530552,
    "(((0,), (1,)), ((2,), (0,)))": 0.00031410051151405116,
    "(((0,), (1,)), ((2,), (1,)))": -0.00015060620542089418,
    "(((0,), (1,)), ((3,), (0,)))": 0.0003082650014829312,
    "(((0,), (1,)), ((3,), (1,)))": -0.00038010451397445434,
    "(((0,), (1,)), ((4,), (0,)))": -1.2461907144557821e-19,
    "(((0,), (1,)), ((4,), (1,)))": -1.3803267356026547e-19,
    "(((1,), (0,)), ((0,), (0,)))": 0.0003533529628743428,
    "(((1,), (0,)), ((0,), (1,)))": -0.00024647549281951427,
    "(((1,), (0,)), ((1,), (0,)))": -0.021065330722321193,
    "(((1,), (0,)), ((1,), (1,)))": -0.008274131695045372,
    "(((1,), (0,)), ((2,), (0,)))": 0.02185777536986138,
    "(((1,), (0,)), ((2,), (1,)))": -0.010247196464883083,
    "(((1,), (0,)), ((3,), (0,)))": -0.016622421598571874,
    "(((1,), (0,)), ((3,), (1,)))": -0.011707891447058858,
    "(((1,), (0,)), ((4,), (0,)))": -5.946543851785017e-17,
    "(((1,), (0,)), ((4,), (1,)))": 1.965466937986578e-18,
    "(((1,), (1,)), ((0,), (0,)))": -0.0002840821916457263,
    "(((1,), (1,)), ((0,), (1,)))": 0.00042723689530551966,
    "(((1,), (1,)), ((1,), (0,)))": -0.00827413169504531,
    "(((1,), (1,)), ((1,), (1,)))": -0.02042087148063717,
    "(((1,), (1,)), ((2,), (0,)))": 5.065104848191518e-05,
    "(((1,), (1,)), ((2,), (1,)))": -0.018746136204509822,
    "(((1,), (1,)), ((3,), (0,)))": -0.012366022396051356,
    "(((1,), (1,)), ((3,), (1,)))": -0.002840698017068147,
    "(((1,), (1,)), ((4,), (0,)))": -1.6097521494236342e-17,
    "(((1,), (1,)), ((4,), (1,)))": 2.7036851213067767e-17,
    "(((2,), (0,)), ((0,), (0,)))": -6.116528611538297e-05,
    "(((2,), (0,)), ((0,), (1,)))": 0.00031410051151405094,
    "(((2,), (0,)), ((1,), (0,)))": 0.02185777536986138,
    "(((2,), (0,)), ((1,), (1,)))": 5.065104848197416e-05,
    "(((2,), (0,)), ((2,), (0,)))": -0.05874564988910056,
    "(((2,), (0,)), ((2,), (1,)))": 0.020046828183821017,
    "(((2,), (0,)), ((3,), (0,)))": 0.03691731328415371,
    "(((2,), (0,)), ((3,), (1,)))": -0.005643089257490354,
    "(((2,), (0,)), ((4,), (0,)))": 1.0825593616383248e-16,
    "(((2,), (0,)), ((4,), (1,)))": -4.8993091339417396e-17,
    "(((2,), (1,)), ((0,), (0,)))": -0.00026520192774644343,
    "(((2,), (1,)), ((0,), (1,)))": -0.00015060620542089453,
    "(((2,), (1,)), ((1,), (0,)))": -0.010247196464883123,
    "(((2,), (1,)), ((1,), (1,)))": -0.0187461362045098,
    "(((2,), (1,)), ((2,), (0,)))": 0.02004682818382108,
    "(((2,), (1,)), ((2,), (1,)))": -0.03497098431704739,
    "(((2,), (1,)), ((3,), (0,)))": -0.012510056589384222,
    "(((2,), (1,)), ((3,), (1,)))": -0.010853524097533738,
    "(((2,), (1,)), ((4,), (0,)))": -6.057829266899251e-17,
    "(((2,), (1,)), ((4,), (1,)))": 2.4645022261534322e-17,
    "(((3,), (0,)), ((0,), (0,)))": -5.1385729239622976e-05,
    "(((3,), (0,)), ((0,), (1,)))": 0.0003082650014829296,
    "(((3,), (0,)), ((1,), (0,)))": -0.016622421598571878,
    "(((3,), (0,)), ((1,), (1,)))": -0.012366022396051281,
    "(((3,), (0,)), ((2,), (0,)))": 0.036917313284153715,
    "(((3,), (0,)), ((2,), (1,)))": -0.012510056589384201,
    "(((3,), (0,)), ((3,), (0,)))": -0.04031837372737745,
    "(((3,), (0,)), ((3,), (1,)))": 0.008793355834210318,
    "(((3,), (0,)), ((4,), (0,)))": -8.597089808590495e-17,
    "(((3,), (0,)), ((4,), (1,)))": 3.7081380673386935e-17,
    "(((3,), (1,)), ((0,), (0,)))": 0.00039656794676769057,
    "(((3,), (1,)), ((0,), (1,)))": -0.0003801045139744546,
    "(((3,), (1,)), ((1,), (0,)))": -0.01170789144705892,
    "(((3,), (1,)), ((1,), (1,)))": -0.0028406980170681446,
    "(((3,), (1,)), ((2,), (0,)))": -0.0056430892574903194,
    "(((3,), (1,)), ((2,), (1,)))": -0.010853524097533731,
    "(((3,), (1,)), ((3,), (0,)))": 0.00879335583421033,
    "(((3,), (1,)), ((3,), (1,)))": -0.020502671305326688,
    "(((3,), (1,)), ((4,), (0,)))": 2.6507679378066386e-17,
    "(((3,), (1,)), ((4,), (1,)))": 9.124222909983245e-18,
    "(((4,), (0,)), ((0,), (0,)))": 1.2149967932383227e-19,
    "(((4,), (0,)), ((0,), (1,)))": -1.2461907144557648e-19,
    "(((4,), (0,)), ((1,), (0,)))": -5.946543851785018e-17,
    "(((4,), (0,)), ((1,), (1,)))": -1.6097521494236348e-17,
    "(((4,), (0,)), ((2,), (0,)))": 1.0825593616383245e-16,
    "(((4,), (0,)), ((2,), (1,)))": -6.057829266899236e-17,
    "(((4,), (0,)), ((3,), (0,)))": -8.597089808590495e-17,
    "(((4,), (0,)), ((3,), (1,)))": 2.6507679378066364e-17,
    "(((4,), (0,)), ((4,), (0,)))": -0.0205854488100614,
    "(((4,), (0,)), ((4,), (1,)))": -0.0064640890352056935,
    "(((4,), (1,)), ((0,), (0,)))": 9.160862403750924e-19,
    "(((4,), (1,)), ((0,), (1,)))": -1.3803267356026448e-19,
    "(((4,), (1,)), ((1,), (0,)))": 1.965466937986578e-18,
    "(((4,), (1,)), ((1,), (1,)))": 2.7036851213067737e-17,
    "(((4,), (1,)), ((2,), (0,)))": -4.899309133941751e-17,
    "(((4,), (1,)), ((2,), (1,)))": 2.4645022261534334e-17,
    "(((4,), (1,)), ((3,), (0,)))": 3.708138067338701e-17,
    "(((4,), (1,)), ((3,), (1,)))": 9.124222909983258e-18,
    "(((4,), (1,)), ((4,), (0,)))": -0.006464089035205716,
    "(((4,), (1,)), ((4,), (1,)))": -0.011702450944582235
  }
}