{
  "E": -74.96487585897846,
  "sol": {
    "(((), ()), ((), ()))": 0.9615243359416714,
    "(((0,), (0,)), ((), ()))": -5.493347817706211e-05,
    "(((), ()), ((0,), (0,)))": -5.493347817706211e-05,
    "(((0,), (1,)), ((), ()))": 4.930846125312221e-17,
    "(((), ()), ((0,), (1,)))": 4.930846125312221e-17,
    "(((1,), (0,)), ((), ()))": -0.007270193347371237,
    "(((), ()), ((1,), (0,)))": -0.007270193347371237,
    "(((1,), (1,)), ((), ()))": 7.090672180700116e-16,
    "(((), ()), ((1,), (1,)))": 7.090672180700116e-16,
    "(((2,), (0,)), ((), ()))": 1.0060893482718777e-16,
    "(((), ()), ((2,), (0,)))": 1.0060893482718777e-16,
    "(((2,), (1,)), ((), ()))": 0.0003245088740223682,
    "(((), ()), ((2,), (1,)))": 0.0003245088740223682,
    "(((3,), (0,)), ((), ()))": 0.02680096088757219,
    "(((), ()), ((3,), (0,)))": 0.02680096088757219,
    "(((3,), (1,)), ((), ()))": -1.5589828411438509e-15,
    "(((), ()), ((3,), (1,)))": -1.5589828411438509e-15,
    "(((4,), (0,)), ((), ()))": 3.3033988003759087e-17,
    "(((), ()), ((4,), (0,)))": 3.3033988003759087e-17,
    "(((4,), (1,)), ((), ()))": 1.128607024691442e-16,
    "(((), ()), ((4,), (1,)))": 1.128607024691442e-16,
    "(((0,), (0,)), ((0,), (0,)))": -0.0003979801720716626,
    "(((0,), (0,)), ((0,), (1,)))": -1.201896606330199e-19,
    "(((0,), (0,)), ((1,), (0,)))": 0.0004600095023094892,
    "(((0,), (0,)), ((1,), (1,)))": -4.431265666118425e-19,
    "(((0,), (0,)), ((2,), (0,)))": 5.903247892545438e-19,
    "(((0,), (0,)), ((2,), (1,)))": 9.982900142947162e-05,
    "(((0,), (0,)), ((3,), (0,)))": 9.370889726853863e-05,
    "(((0,), (0,)), ((3,), (1,)))": -1.6655529464991572e-19,
    "(((0,), (0,)), ((4,), (0,)))": 3.95702394221672e-20,
    "(((0,), (0,)), ((4,), (1,)))": 8.39425093750557e-20,
    "(((0,), (1,)), ((0,), (0,)))": -1.3145023283337444e-19,
    "(((0,), (1,)), ((0,), (1,)))": -0.0003106894196832267,
    "(((0,), (1,)), ((1,), (0,)))": -3.072465848938474e-19,
    "(((0,), (1,)), ((1,), (1,)))": 0.0007089499230682914,
    "(((0,), (1,)), ((2,), (0,)))": -0.00019152984895820898,
    "(((0,), (1,)), ((2,), (1,)))": -8.695078016108595e-19,
    "(((0,), (1,)), ((3,), (0,)))": 1.87305535081479e-18,
    "(((0,), (1,)), ((3,), (1,)))": -0.00030558928309243794,
    "(((0,), (1,)), ((4,), (0,)))": -1.5577822955736736e-19,
    "(((0,), (1,)), ((4,), (1,)))": -4.3491832413808054e-20,
    "(((1,), (0,)), ((0,), (0,)))": 0.00046000950230948935,
    "(((1,), (0,)), ((0,), (1,)))": -5.083102042499508e-19,
    "(((1,), (0,)), ((1,), (0,)))": -0.028426256011164785,
    "(((1,), (0,)), ((1,), (1,)))": -3.3231755690583756e-18,
    "(((1,), (0,)), ((2,), (0,)))": -3.416056945946851e-17,
    "(((1,), (0,)), ((2,), (1,)))": 0.027583106682078938,
    "(((1,), (0,)), ((3,), (0,)))": -0.038494332783435344,
    "(((1,), (0,)), ((3,), (1,)))": 6.172204867570084e-18,
    "(((1,), (0,)), ((4,), (0,)))": -1.0342620975380985e-17,
    "(((1,), (0,)), ((4,), (1,)))": 1.749042538306092e-17,
    "(((1,), (1,)), ((0,), (0,)))": -2.253409954892915e-19,
    "(((1,), (1,)), ((0,), (1,)))": 0.0007089499230682914,
    "(((1,), (1,)), ((1,), (0,)))": -5.499889266429698e-18,
    "(((1,), (1,)), ((1,), (1,)))": -0.02004649028945143,
    "(((1,), (1,)), ((2,), (0,)))": 0.021057572963609633,
    "(((1,), (1,)), ((2,), (1,)))": 4.0844923975951114e-17,
    "(((1,), (1,)), ((3,), (0,)))": -1.370120224029563e-17,
    "(((1,), (1,)), ((3,), (1,)))": 0.0033781590264477203,
    "(((1,), (1,)), ((4,), (0,)))": 9.526327026734984e-18,
    "(((1,), (1,)), ((4,), (1,)))": 1.2365093933729073e-18,
    "(((2,), (0,)), ((0,), (0,)))": 5.06371223551748e-19,
    "(((2,), (0,)), ((0,), (1,)))": -0.00019152984895820854,
    "(((2,), (0,)), ((1,), (0,)))": -3.176748497495751e-17,
    "(((2,), (0,)), ((1,), (1,)))": 0.02105757296360963,
    "(((2,), (0,)), ((2,), (0,)))": -0.07102800149649266,
    "(((2,), (0,)), ((2,), (1,)))": -4.6403640697148955e-18,
    "(((2,), (0,)), ((3,), (0,)))": -1.2185849188678198e-16,
    "(((2,), (0,)), ((3,), (1,)))": 0.07714558028663511,
    "(((2,), (0,)), ((4,), (0,)))": -5.820123136012393e-18,
    "(((2,), (0,)), ((4,), (1,)))": 9.140646769720452e-18,
    "(((2,), (1,)), ((0,), (0,)))": 9.982900142947119e-05,
    "(((2,), (1,)), ((0,), (1,)))": -8.135371782166598e-19,
    "(((2,), (1,)), ((1,), (0,)))": 0.02758310668207896,
    "(((2,), (1,)), ((1,), (1,)))": 3.9791150600319196e-17,
    "(((2,), (1,)), ((2,), (0,)))": 1.613782188774999e-17,
    "(((2,), (1,)), ((2,), (1,)))": -0.1189120919798536,
    "(((2,), (1,)), ((3,), (0,)))": 0.09376143314420698,
    "(((2,), (1,)), ((3,), (1,)))": 9.00747647327195e-17,
    "(((2,), (1,)), ((4,), (0,)))": 1.9690567094314393e-17,
    "(((2,), (1,)), ((4,), (1,)))": -6.498300886242622e-17,
    "(((3,), (0,)), ((0,), (0,)))": 9.370889726853868e-05,
    "(((3,), (0,)), ((0,), (1,)))": 1.720339183544249e-18,
    "(((3,), (0,)), ((1,), (0,)))": -0.03849433278343534,
    "(((3,), (0,)), ((1,), (1,)))": -9.029589982329018e-18,
    "(((3,), (0,)), ((2,), (0,)))": -1.2440055670955334e-16,
    "(((3,), (0,)), ((2,), (1,)))": 0.09376143314420698,
    "(((3,), (0,)), ((3,), (0,)))": -0.11341142026679676,
    "(((3,), (0,)), ((3,), (1,)))": 2.1020927501752467e-17,
    "(((3,), (0,)), ((4,), (0,)))": -1.8277168574400622e-17,
    "(((3,), (0,)), ((4,), (1,)))": 5.0616180209986053e-17,
    "(((3,), (1,)), ((0,), (0,)))": -2.671617063808632e-20,
    "(((3,), (1,)), ((0,), (1,)))": -0.00030558928309243794,
    "(((3,), (1,)), ((1,), (0,)))": 1.5057612519416378e-17,
    "(((3,), (1,)), ((1,), (1,)))": 0.0033781590264477203,
    "(((3,), (1,)), ((2,), (0,)))": 0.0771455802866351,
    "(((3,), (1,)), ((2,), (1,)))": 9.351785869618663e-17,
    "(((3,), (1,)), ((3,), (0,)))": 9.378195507488958e-18,
    "(((3,), (1,)), ((3,), (1,)))": -0.06630538285619855,
    "(((3,), (1,)), ((4,), (0,)))": 2.5258887612698487e-17,
    "(((3,), (1,)), ((4,), (1,)))": -3.953621608993161e-18,
    "(((4,), (0,)), ((0,), (0,)))": 3.957023942216707e-20,
    "(((4,), (0,)), ((0,), (1,)))": -1.557782295573672e-19,
    "(((4,), (0,)), ((1,), (0,)))": -1.0342620975380982e-17,
    "(((4,), (0,)), ((1,), (1,)))": 9.526327026734982e-18,
    "(((4,), (0,)), ((2,), (0,)))": -5.820123136012393e-18,
    "(((4,), (0,)), ((2,), (1,)))": 1.9690567094314387e-17,
    "(((4,), (0,)), ((3,), (0,)))": -1.827716857440062e-17,
    "(((4,), (0,)), ((3,), (1,)))": 2.525888761269849e-17,
    "(((4,), (0,)), ((4,), (0,)))": -0.02389373926331534,
    "(((4,), (0,)), ((4,), (1,)))": -7.974202541583174e-18,
    "(((4,), (1,)), ((0,), (0,)))": 8.39425093750554e-20,
    "(((4,), (1,)), ((0,), (1,)))": -4.349183241380803e-20,
    "(((4,), (1,)), ((1,), (0,)))": 1.749042538306093e-17,
    "(((4,), (1,)), ((1,), (1,)))": 1.2365093933729058e-18,
    "(((4,), (1,)), ((2,), (0,)))": 9.140646769720457e-18,
    "(((4,), (1,)), ((2,), (1,)))": -6.498300886242622e-17,
    "(((4,), (1,)), ((3,), (0,)))": 5.061618020998604e-17,
    "(((4,), (1,)), ((3,), (1,)))": -3.9536216089931624e-18,
    "(((4,), (1,)), ((4,), (0,)))": -7.457325446132495e-18,
    "(((4,), (1,)), ((4,), (1,)))": -0.01357448542668825
  }
}