{
  "E": -74.98503615902287,
  "sol": {
    "(((), ()), ((), ()))": 0.9737831778804865,
    "(((0,), (0,)), ((), ()))": 4.418717631357951e-05,
    "(((), ()), ((0,), (0,)))": 4.418717631357951e-05,
    "(((0,), (1,)), ((), ()))": 1.5705496454930022e-05,
    "(((), ()), ((0,), (1,)))": 1.5705496454930022e-05,
    "(((1,), (0,)), ((), ()))": 0.0035276870472054312,
    "(((), ()), ((1,), (0,)))": 0.0035276870472054312,
    "(((1,), (1,)), ((), ()))": 6.138406041673499e-05,
    "(((), ()), ((1,), (1,)))": 6.138406041673499e-05,
    "(((2,), (0,)), ((), ()))": 0.004738531683950414,
    "(((), ()), ((2,), (0,)))": 0.004738531683950414,
    "(((2,), (1,)), ((), ()))": 0.0027178748179474983,
    "(((), ()), ((2,), (1,)))": 0.0027178748179474983,
    "(((3,), (0,)), ((), ()))": -0.02063914106546239,
    "(((), ()), ((3,), (0,)))": -0.02063914106546239,
    "(((3,), (1,)), ((), ()))": -0.004851058804426607,
    "(((), ()), ((3,), (1,)))": -0.004851058804426607,
    "(((4,), (0,)), ((), ()))": 8.903302308231043e-17,
    "(((), ()), ((4,), (0,)))": 8.903302308231043e-17,
    "(((4,), (1,)), ((), ()))": 3.096590500693715e-17,
    "(((), ()), ((4,), (1,)))": 3.096590500693715e-17,
    "(((0,), (0,)), ((0,), (0,)))": -0.0003979419670159195,
    "(((0,), (0,)), ((0,), (1,)))": -9.838307719995355e-05,
    "(((0,), (0,)), ((1,), (0,)))": 0.000489388823391045,
    "(((0,), (0,)), ((1,), (1,)))": -0.0001685768044779326,
    "(((0,), (0,)), ((2,), (0,)))": 0.00011726628118887088,
    "(((0,), (0,)), ((2,), (1,)))": 0.000118032925612324,
    "(((0,), (0,)), ((3,), (0,)))": -2.2340746026415753e-06,
    "(((0,), (0,)), ((3,), (1,)))": 0.0002968896174568039,
    "(((0,), (0,)), ((4,), (0,)))": -9.844038233457385e-20,
    "(((0,), (0,)), ((4,), (1,)))": -4.3198473230306445e-19,
    "(((0,), (1,)), ((0,), (0,)))": -9.838307719995355e-05,
    "(((0,), (1,)), ((0,), (1,)))": -0.0004866166076940432,
    "(((0,), (1,)), ((1,), (0,)))": -0.00015522203287612587,
    "(((0,), (1,)), ((1,), (1,)))": 0.0005844204856665471,
    "(((0,), (1,)), ((2,), (0,)))": -0.00022995648865914556,
    "(((0,), (1,)), ((2,), (1,)))": 0.00013294988005263305,
    "(((0,), (1,)), ((3,), (0,)))": 0.00013732436097631798,
    "(((0,), (1,)), ((3,), (1,)))": -0.00025387901630793573,
    "(((0,), (1,)), ((4,), (0,)))": 6.616053487955764e-20,
    "(((0,), (1,)), ((4,), (1,)))": 2.236517470046199e-19,
    "(((1,), (0,)), ((0,), (0,)))": 0.0004893888233910449,
    "(((1,), (0,)), ((0,), (1,)))": -0.0001552220328761257,
    "(((1,), (0,)), ((1,), (0,)))": -0.02386480701713766,
    "(((1,), (0,)), ((1,), (1,)))": -0.0064913843780701206,
    "(((1,), (0,)), ((2,), (0,)))": -0.017490718074746236,
    "(((1,), (0,)), ((2,), (1,)))": 0.01481638745373802,
    "(((1,), (0,)), ((3,), (0,)))": -0.028534404565349163,
    "(((1,), (0,)), ((3,), (1,)))": -0.015178350242791967,
    "(((1,), (0,)), ((4,), (0,)))": 5.395283697185034e-17,
    "(((1,), (0,)), ((4,), (1,)))": 3.0054927124142553e-18,
    "(((1,), (1,)), ((0,), (0,)))": -0.00016857680447793276,
    "(((1,), (1,)), ((0,), (1,)))": 0.0005844204856665472,
    "(((1,), (1,)), ((1,), (0,)))": -0.006491384378070123,
    "(((1,), (1,)), ((1,), (1,)))": -0.024593364575610004,
    "(((1,), (1,)), ((2,), (0,)))": 0.006479833438136625,
    "(((1,), (1,)), ((2,), (1,)))": 0.025860310603176666,
    "(((1,), (1,)), ((3,), (0,)))": -0.017842155950550012,
    "(((1,), (1,)), ((3,), (1,)))": -0.002079496679016022,
    "(((1,), (1,)), ((4,), (0,)))": 1.2725111112444276e-17,
    "(((1,), (1,)), ((4,), (1,)))": -2.429412897003086e-17,
    "(((2,), (0,)), ((0,), (0,)))": 0.00011726628118887026,
    "(((2,), (0,)), ((0,), (1,)))": -0.0002299564886591468,
    "(((2,), (0,)), ((1,), (0,)))": -0.017490718074746236,
    "(((2,), (0,)), ((1,), (1,)))": 0.006479833438136635,
    "(((2,), (0,)), ((2,), (0,)))": -0.052904938406983876,
    "(((2,), (0,)), ((2,), (1,)))": 0.012961500057201862,
    "(((2,), (0,)), ((3,), (0,)))": -0.07078021895565303,
    "(((2,), (0,)), ((3,), (1,)))": 0.019761431843816665,
    "(((2,), (0,)), ((4,), (0,)))": 1.2718123847719674e-16,
    "(((2,), (0,)), ((4,), (1,)))": -4.30711706447081e-17,
    "(((2,), (1,)), ((0,), (0,)))": 0.00011803292561232454,
    "(((2,), (1,)), ((0,), (1,)))": 0.00013294988005263292,
    "(((2,), (1,)), ((1,), (0,)))": 0.014816387453738028,
    "(((2,), (1,)), ((1,), (1,)))": 0.02586031060317668,
    "(((2,), (1,)), ((2,), (0,)))": 0.012961500057201904,
    "(((2,), (1,)), ((2,), (1,)))": -0.07871403923865394,
    "(((2,), (1,)), ((3,), (0,)))": 0.03508075244525176,
    "(((2,), (1,)), ((3,), (1,)))": 0.025671956881144865,
    "(((2,), (1,)), ((4,), (0,)))": -5.936117034797301e-17,
    "(((2,), (1,)), ((4,), (1,)))": 3.18830753818526e-17,
    "(((3,), (0,)), ((0,), (0,)))": -2.234074602641521e-06,
    "(((3,), (0,)), ((0,), (1,)))": 0.000137324360976318,
    "(((3,), (0,)), ((1,), (0,)))": -0.02853440456534917,
    "(((3,), (0,)), ((1,), (1,)))": -0.017842155950550033,
    "(((3,), (0,)), ((2,), (0,)))": -0.07078021895565303,
    "(((3,), (0,)), ((2,), (1,)))": 0.03508075244525175,
    "(((3,), (0,)), ((3,), (0,)))": -0.13415546085963775,
    "(((3,), (0,)), ((3,), (1,)))": 0.014358474686543308,
    "(((3,), (0,)), ((4,), (0,)))": 2.233447178138146e-16,
    "(((3,), (0,)), ((4,), (1,)))": -6.172119505012464e-17,
    "(((3,), (1,)), ((0,), (0,)))": 0.0002968896174568035,
    "(((3,), (1,)), ((0,), (1,)))": -0.00025387901630793594,
    "(((3,), (1,)), ((1,), (0,)))": -0.015178350242791943,
    "(((3,), (1,)), ((1,), (1,)))": -0.002079496679016033,
    "(((3,), (1,)), ((2,), (0,)))": 0.019761431843816676,
    "(((3,), (1,)), ((2,), (1,)))": 0.025671956881144868,
    "(((3,), (1,)), ((3,), (0,)))": 0.014358474686543315,
    "(((3,), (1,)), ((3,), (1,)))": -0.02430822856438551,
    "(((3,), (1,)), ((4,), (0,)))": -4.691718950059483e-17,
    "(((3,), (1,)), ((4,), (1,)))": -1.6298840186524152e-17,
    "(((4,), (0,)), ((0,), (0,)))": -9.844038233457399e-20,
    "(((4,), (0,)), ((0,), (1,)))": 6.616053487955735e-20,
    "(((4,), (0,)), ((1,), (0,)))": 5.395283697185034e-17,
    "(((4,), (0,)), ((1,), (1,)))": 1.2725111112444276e-17,
    "(((4,), (0,)), ((2,), (0,)))": 1.2718123847719674e-16,
    "(((4,), (0,)), ((2,), (1,)))": -5.936117034797298e-17,
    "(((4,), (0,)), ((3,), (0,)))": 2.233447178138146e-16,
    "(((4,), (0,)), ((3,), (1,)))": -4.6917189500594804e-17,
    "(((4,), (0,)), ((4,), (0,)))": -0.021963035306325172,
    "(((4,), (0,)), ((4,), (1,)))": -0.00530957224967487,
    "(((4,), (1,)), ((0,), (0,)))": -4.3198473230306377e-19,
    "(((4,), (1,)), ((0,), (1,)))": 2.2365174700462054e-19,
    "(((4,), (1,)), ((1,), (0,)))": 3.0054927124142214e-18,
    "(((4,), (1,)), ((1,), (1,)))": -2.429412897003086e-17,
    "(((4,), (1,)), ((2,), (0,)))": -4.307117064470814e-17,
    "(((4,), (1,)), ((2,), (1,)))": 3.1883075381852596e-17,
    "(((4,), (1,)), ((3,), (0,)))": -6.172119505012466e-17,
    "(((4,), (1,)), ((3,), (1,)))": -1.629884018652414e-17,
    "(((4,), (1,)), ((4,), (0,)))": -0.005309572249674864,
    "(((4,), (1,)), ((4,), (1,)))": -0.014882384731976396
  }
}