{
  "E": -15.583372214413194,
  "sol": {
    "(((), ()), ((), ()))": 0.9895983481797279,
    "(((0,), (0,)), ((), ()))": -2.1652292606549992e-17,
    "(((), ()), ((0,), (0,)))": -2.1652292606549992e-17,
    "(((0,), (1,)), ((), ()))": 2.315329685943322e-17,
    "(((), ()), ((0,), (1,)))": 2.315329685943322e-17,
    "(((0,), (2,)), ((), ()))": 0.0003329264013487261,
    "(((), ()), ((0,), (2,)))": 0.0003329264013487261,
    "(((0,), (3,)), ((), ()))": -2.3995950140290978e-17,
    "(((), ()), ((0,), (3,)))": -2.3995950140290978e-17,
    "(((1,), (0,)), ((), ()))": 2.9590841244126006e-17,
    "(((), ()), ((1,), (0,)))": 2.9590841244126006e-17,
    "(((1,), (1,)), ((), ()))": 8.675835356343035e-16,
    "(((), ()), ((1,), (1,)))": 8.675835356343035e-16,
    "(((1,), (2,)), ((), ()))": -0.009633625838293228,
    "(((), ()), ((1,), (2,)))": -0.009633625838293228,
    "(((1,), (3,)), ((), ()))": -2.427963910118975e-16,
    "(((), ()), ((1,), (3,)))": -2.427963910118975e-16,
    "(((2,), (0,)), ((), ()))": -2.831391066539883e-18,
    "(((), ()), ((2,), (0,)))": -2.831391066539883e-18,
    "(((2,), (1,)), ((), ()))": -3.313067956288734e-19,
    "(((), ()), ((2,), (1,)))": -3.313067956288734e-19,
    "(((2,), (2,)), ((), ()))": -7.58508056452068e-16,
    "(((), ()), ((2,), (2,)))": -7.58508056452068e-16,
    "(((2,), (3,)), ((), ()))": -0.003106596214189351,
    "(((), ()), ((2,), (3,)))": -0.003106596214189351,
    "(((0,), (0,)), ((0,), (0,)))": -0.0014997194025326073,
    "(((0,), (0,)), ((0,), (1,)))": -2.878160483519571e-19,
    "(((0,), (0,)), ((0,), (2,)))": -4.519626701848161e-19,
    "(((0,), (0,)), ((0,), (3,)))": 1.189098577070121e-19,
    "(((0,), (0,)), ((1,), (0,)))": 0.003131733699199285,
    "(((0,), (0,)), ((1,), (1,)))": -5.004609467059851e-19,
    "(((0,), (0,)), ((1,), (2,)))": 1.4271339854429034e-18,
    "(((0,), (0,)), ((1,), (3,)))": -2.659501688272295e-19,
    "(((0,), (0,)), ((2,), (0,)))": 2.9509485171878695e-17,
    "(((0,), (0,)), ((2,), (1,)))": -2.9074361777148264e-20,
    "(((0,), (0,)), ((2,), (2,)))": 1.47304657097918e-20,
    "(((0,), (0,)), ((2,), (3,)))": 2.345164575585376e-19,
    "(((0,), (1,)), ((0,), (0,)))": 1.0613644280302914e-18,
    "(((0,), (1,)), ((0,), (1,)))": -0.0014997194025326073,
    "(((0,), (1,)), ((0,), (2,)))": 5.347760212961851e-19,
    "(((0,), (1,)), ((0,), (3,)))": 1.0822780387810516e-19,
    "(((0,), (1,)), ((1,), (0,)))": -9.495383077444228e-19,
    "(((0,), (1,)), ((1,), (1,)))": 0.003131733699199286,
    "(((0,), (1,)), ((1,), (2,)))": -4.9913059487327394e-20,
    "(((0,), (1,)), ((1,), (3,)))": -2.1287959864690437e-19,
    "(((0,), (1,)), ((2,), (0,)))": 3.0628022498987824e-20,
    "(((0,), (1,)), ((2,), (1,)))": 2.949667696331587e-17,
    "(((0,), (1,)), ((2,), (2,)))": -1.0921867886550208e-19,
    "(((0,), (1,)), ((2,), (3,)))": -2.1085904531758395e-19,
    "(((0,), (2,)), ((0,), (0,)))": -4.519626701848166e-19,
    "(((0,), (2,)), ((0,), (1,)))": 5.347760212961909e-19,
    "(((0,), (2,)), ((0,), (2,)))": -0.0015120959348987797,
    "(((0,), (2,)), ((0,), (3,)))": -4.5846413143028255e-18,
    "(((0,), (2,)), ((1,), (0,)))": 1.27829517512683e-18,
    "(((0,), (2,)), ((1,), (1,)))": -1.2919493426006942e-19,
    "(((0,), (2,)), ((1,), (2,)))": -0.0005309373908889869,
    "(((0,), (2,)), ((1,), (3,)))": -4.288318407255912e-18,
    "(((0,), (2,)), ((2,), (0,)))": 3.609933387999339e-21,
    "(((0,), (2,)), ((2,), (1,)))": 1.8268379193348442e-20,
    "(((0,), (2,)), ((2,), (2,)))": -1.3950172910895216e-17,
    "(((0,), (2,)), ((2,), (3,)))": 0.00035540389168036075,
    "(((0,), (3,)), ((0,), (0,)))": 1.1890985770701221e-19,
    "(((0,), (3,)), ((0,), (1,)))": 1.0822780387810398e-19,
    "(((0,), (3,)), ((0,), (2,)))": -4.257161993846978e-18,
    "(((0,), (3,)), ((0,), (3,)))": -0.0018579554924044552,
    "(((0,), (3,)), ((1,), (0,)))": -2.5318418504703104e-19,
    "(((0,), (3,)), ((1,), (1,)))": -2.339413076832192e-19,
    "(((0,), (3,)), ((1,), (2,)))": -6.096370282554581e-18,
    "(((0,), (3,)), ((1,), (3,)))": 0.0010589547943661128,
    "(((0,), (3,)), ((2,), (0,)))": 4.45309914105426e-20,
    "(((0,), (3,)), ((2,), (1,)))": -3.506111362159955e-19,
    "(((0,), (3,)), ((2,), (2,)))": 0.0006642889315173015,
    "(((0,), (3,)), ((2,), (3,)))": 1.2115822952990586e-17,
    "(((1,), (0,)), ((0,), (0,)))": 0.0031317336991992855,
    "(((1,), (0,)), ((0,), (1,)))": -1.2754049972271353e-19,
    "(((1,), (0,)), ((0,), (2,)))": 1.2782951751268285e-18,
    "(((1,), (0,)), ((0,), (3,)))": -2.5318418504703046e-19,
    "(((1,), (0,)), ((1,), (0,)))": -0.054565360893504174,
    "(((1,), (0,)), ((1,), (1,)))": 2.0284123694038833e-17,
    "(((1,), (0,)), ((1,), (2,)))": -1.701034941597157e-17,
    "(((1,), (0,)), ((1,), (3,)))": 3.3889689651211668e-18,
    "(((1,), (0,)), ((2,), (0,)))": -4.801717212969438e-16,
    "(((1,), (0,)), ((2,), (1,)))": 1.1181906613747445e-18,
    "(((1,), (0,)), ((2,), (2,)))": -2.3466294624274375e-19,
    "(((1,), (0,)), ((2,), (3,)))": -4.194992730234599e-18,
    "(((1,), (1,)), ((0,), (0,)))": -1.3967789584138833e-18,
    "(((1,), (1,)), ((0,), (1,)))": 0.0031317336991992855,
    "(((1,), (1,)), ((0,), (2,)))": -1.2919493426005324e-19,
    "(((1,), (1,)), ((0,), (3,)))": -2.3394130768321726e-19,
    "(((1,), (1,)), ((1,), (0,)))": 2.2264517293920088e-17,
    "(((1,), (1,)), ((1,), (1,)))": -0.054565360893504194,
    "(((1,), (1,)), ((1,), (2,)))": -1.362155258965126e-17,
    "(((1,), (1,)), ((1,), (3,)))": 2.0811447560499385e-18,
    "(((1,), (1,)), ((2,), (0,)))": -1.081671303055755e-18,
    "(((1,), (1,)), ((2,), (1,)))": -4.803095028904298e-16,
    "(((1,), (1,)), ((2,), (2,)))": 2.698336628613955e-18,
    "(((1,), (1,)), ((2,), (3,)))": -1.7469891213481766e-18,
    "(((1,), (2,)), ((0,), (0,)))": 1.427133985442903e-18,
    "(((1,), (2,)), ((0,), (1,)))": -4.991305948733972e-20,
    "(((1,), (2,)), ((0,), (2,)))": -0.0005309373908889854,
    "(((1,), (2,)), ((0,), (3,)))": -6.766688771434782e-18,
    "(((1,), (2,)), ((1,), (0,)))": -1.7010349415971565e-17,
    "(((1,), (2,)), ((1,), (1,)))": -1.362155258965123e-17,
    "(((1,), (2,)), ((1,), (2,)))": -0.05022912990043751,
    "(((1,), (2,)), ((1,), (3,)))": -7.967995893625958e-16,
    "(((1,), (2,)), ((2,), (0,)))": -2.8124172294915253e-19,
    "(((1,), (2,)), ((2,), (1,)))": 2.0494974534099838e-18,
    "(((1,), (2,)), ((2,), (2,)))": -7.638399828210302e-17,
    "(((1,), (2,)), ((2,), (3,)))": 0.04010114106999938,
    "(((1,), (3,)), ((0,), (0,)))": -2.6595016882722935e-19,
    "(((1,), (3,)), ((0,), (1,)))": -2.128795986469056e-19,
    "(((1,), (3,)), ((0,), (2,)))": -6.402263064732786e-18,
    "(((1,), (3,)), ((0,), (3,)))": 0.0010589547943661128,
    "(((1,), (3,)), ((1,), (0,)))": 3.3889689651212176e-18,
    "(((1,), (3,)), ((1,), (1,)))": 2.0811447560498942e-18,
    "(((1,), (3,)), ((1,), (2,)))": -7.183008086208172e-16,
    "(((1,), (3,)), ((1,), (3,)))": -0.023080573452006075,
    "(((1,), (3,)), ((2,), (0,)))": -2.120492190796941e-18,
    "(((1,), (3,)), ((2,), (1,)))": -7.169383010109769e-19,
    "(((1,), (3,)), ((2,), (2,)))": 0.0357325444049125,
    "(((1,), (3,)), ((2,), (3,)))": 2.530041129804309e-16,
    "(((2,), (0,)), ((0,), (0,)))": 2.9567779540867347e-17,
    "(((2,), (0,)), ((0,), (1,)))": -2.061097913962782e-19,
    "(((2,), (0,)), ((0,), (2,)))": 3.609933387999116e-21,
    "(((2,), (0,)), ((0,), (3,)))": 4.4530991410542025e-20,
    "(((2,), (0,)), ((1,), (0,)))": -4.813875692101168e-16,
    "(((2,), (0,)), ((1,), (1,)))": -1.3577822378415783e-19,
    "(((2,), (0,)), ((1,), (2,)))": -2.8124172294916745e-19,
    "(((2,), (0,)), ((1,), (3,)))": -2.1204921907969473e-18,
    "(((2,), (0,)), ((2,), (0,)))": -0.0031228519555056514,
    "(((2,), (0,)), ((2,), (1,)))": -7.202677948846458e-19,
    "(((2,), (0,)), ((2,), (2,)))": 3.969463514304439e-18,
    "(((2,), (0,)), ((2,), (3,)))": 3.6012991448466723e-19,
    "(((2,), (1,)), ((0,), (0,)))": 2.1669764887379733e-19,