{
  "E": -15.588759360350377,
  "sol": {
    "(((), ()), ((), ()))": 0.9882383303784115,
    "(((0,), (0,)), ((), ()))": 3.229025981981281e-17,
    "(((), ()), ((0,), (0,)))": 3.229025981981281e-17,
    "(((0,), (1,)), ((), ()))": 6.5351827897384545e-18,
    "(((), ()), ((0,), (1,)))": 6.5351827897384545e-18,
    "(((0,), (2,)), ((), ()))": 0.00033539831184677783,
    "(((), ()), ((0,), (2,)))": 0.00033539831184677783,
    "(((0,), (3,)), ((), ()))": -4.117361178797061e-05,
    "(((), ()), ((0,), (3,)))": -4.117361178797061e-05,
    "(((1,), (0,)), ((), ()))": 7.483776334398575e-17,
    "(((), ()), ((1,), (0,)))": 7.483776334398575e-17,
    "(((1,), (1,)), ((), ()))": -1.0492474227464674e-16,
    "(((), ()), ((1,), (1,)))": -1.0492474227464674e-16,
    "(((1,), (2,)), ((), ()))": -0.009513049345103287,
    "(((), ()), ((1,), (2,)))": -0.009513049345103287,
    "(((1,), (3,)), ((), ()))": -0.00044705972554963077,
    "(((), ()), ((1,), (3,)))": -0.00044705972554963077,
    "(((2,), (0,)), ((), ()))": 1.3254590972179622e-16,
    "(((), ()), ((2,), (0,)))": 1.3254590972179622e-16,
    "(((2,), (1,)), ((), ()))": 1.5273687606673537e-16,
    "(((), ()), ((2,), (1,)))": 1.5273687606673537e-16,
    "(((2,), (2,)), ((), ()))": 0.002885205707358394,
    "(((), ()), ((2,), (2,)))": 0.002885205707358394,
    "(((2,), (3,)), ((), ()))": -0.0032356488928453435,
    "(((), ()), ((2,), (3,)))": -0.0032356488928453435,
    "(((0,), (0,)), ((0,), (0,)))": -0.0015033086441488203,
    "(((0,), (0,)), ((0,), (1,)))": -6.91750251167901e-19,
    "(((0,), (0,)), ((0,), (2,)))": 9.246674564854998e-21,
    "(((0,), (0,)), ((0,), (3,)))": 1.5842554503123055e-20,
    "(((0,), (0,)), ((1,), (0,)))": 0.002945382900881547,
    "(((0,), (0,)), ((1,), (1,)))": 2.8182699399974487e-19,
    "(((0,), (0,)), ((1,), (2,)))": -3.114623950126623e-19,
    "(((0,), (0,)), ((1,), (3,)))": 1.6718779110318943e-19,
    "(((0,), (0,)), ((2,), (0,)))": -0.000987131898852085,
    "(((0,), (0,)), ((2,), (1,)))": -8.594086655777851e-20,
    "(((0,), (0,)), ((2,), (2,)))": -7.660574570387326e-20,
    "(((0,), (0,)), ((2,), (3,)))": 2.7903760228592586e-19,
    "(((0,), (1,)), ((0,), (0,)))": 4.490072881410571e-19,
    "(((0,), (1,)), ((0,), (1,)))": -0.0015033086441488203,
    "(((0,), (1,)), ((0,), (2,)))": -1.3978431754493056e-19,
    "(((0,), (1,)), ((0,), (3,)))": -1.1468398570703206e-19,
    "(((0,), (1,)), ((1,), (0,)))": 3.315856793168086e-19,
    "(((0,), (1,)), ((1,), (1,)))": 0.0029453829008815463,
    "(((0,), (1,)), ((1,), (2,)))": 9.102890428793188e-19,
    "(((0,), (1,)), ((1,), (3,)))": 2.0792478134370307e-19,
    "(((0,), (1,)), ((2,), (0,)))": -1.2026078830838532e-19,
    "(((0,), (1,)), ((2,), (1,)))": -0.0009871318988520852,
    "(((0,), (1,)), ((2,), (2,)))": -4.007515612952606e-19,
    "(((0,), (1,)), ((2,), (3,)))": 4.088256158323697e-19,
    "(((0,), (2,)), ((0,), (0,)))": 9.24667456485442e-21,
    "(((0,), (2,)), ((0,), (1,)))": -1.3978431754492974e-19,
    "(((0,), (2,)), ((0,), (2,)))": -0.001711330250752395,
    "(((0,), (2,)), ((0,), (3,)))": -0.0001137434352236034,
    "(((0,), (2,)), ((1,), (0,)))": 3.842238825236834e-19,
    "(((0,), (2,)), ((1,), (1,)))": 1.253646991381754e-19,
    "(((0,), (2,)), ((1,), (2,)))": -0.0005657071651928835,
    "(((0,), (2,)), ((1,), (3,)))": 0.00022866598919019028,
    "(((0,), (2,)), ((2,), (0,)))": -2.1007134661865486e-20,
    "(((0,), (2,)), ((2,), (1,)))": 1.2360382996732046e-19,
    "(((0,), (2,)), ((2,), (2,)))": 0.0003633220216759597,
    "(((0,), (2,)), ((2,), (3,)))": 0.00031998702674763317,
    "(((0,), (3,)), ((0,), (0,)))": 1.5842554503123344e-20,
    "(((0,), (3,)), ((0,), (1,)))": -1.146839857070323e-19,
    "(((0,), (3,)), ((0,), (2,)))": -0.00011374343522360347,
    "(((0,), (3,)), ((0,), (3,)))": -0.0017937128206241952,
    "(((0,), (3,)), ((1,), (0,)))": -1.6152959204774334e-20,
    "(((0,), (3,)), ((1,), (1,)))": 1.776549849604116e-19,
    "(((0,), (3,)), ((1,), (2,)))": 0.0003533050938228439,
    "(((0,), (3,)), ((1,), (3,)))": 0.0010078286474392822,
    "(((0,), (3,)), ((2,), (0,)))": 9.076031504772181e-20,
    "(((0,), (3,)), ((2,), (1,)))": 2.987323049167151e-19,
    "(((0,), (3,)), ((2,), (2,)))": 0.0004096823239161634,
    "(((0,), (3,)), ((2,), (3,)))": -0.00062803483643555,
    "(((1,), (0,)), ((0,), (0,)))": 0.002945382900881547,
    "(((1,), (0,)), ((0,), (1,)))": -3.3834698786309647e-19,
    "(((1,), (0,)), ((0,), (2,)))": 3.8422388252368403e-19,
    "(((1,), (0,)), ((0,), (3,)))": -1.615295920477549e-20,
    "(((1,), (0,)), ((1,), (0,)))": -0.04863221758590077,
    "(((1,), (0,)), ((1,), (1,)))": -9.801373674678811e-18,
    "(((1,), (0,)), ((1,), (2,)))": 5.119421824106737e-18,
    "(((1,), (0,)), ((1,), (3,)))": -6.436390533544967e-18,
    "(((1,), (0,)), ((2,), (0,)))": 0.015374482273066495,
    "(((1,), (0,)), ((2,), (1,)))": 1.9640624816787298e-18,
    "(((1,), (0,)), ((2,), (2,)))": 2.1738113696284246e-18,
    "(((1,), (0,)), ((2,), (3,)))": -8.58180277749276e-18,
    "(((1,), (1,)), ((0,), (0,)))": 9.699470702805181e-19,
    "(((1,), (1,)), ((0,), (1,)))": 0.0029453829008815463,
    "(((1,), (1,)), ((0,), (2,)))": 1.2536469913817637e-19,
    "(((1,), (1,)), ((0,), (3,)))": 1.77654984960412e-19,
    "(((1,), (1,)), ((1,), (0,)))": -1.0497615366332983e-17,
    "(((1,), (1,)), ((1,), (1,)))": -0.048632217585900805,
    "(((1,), (1,)), ((1,), (2,)))": -2.815585888651552e-17,
    "(((1,), (1,)), ((1,), (3,)))": 3.5450485662501784e-18,
    "(((1,), (1,)), ((2,), (0,)))": 3.808539427425886e-18,
    "(((1,), (1,)), ((2,), (1,)))": 0.015374482273066498,
    "(((1,), (1,)), ((2,), (2,)))": 1.6500851145942798e-17,
    "(((1,), (1,)), ((2,), (3,)))": 7.536708588926264e-18,
    "(((1,), (2,)), ((0,), (0,)))": -3.114623950126626e-19,
    "(((1,), (2,)), ((0,), (1,)))": 9.102890428793184e-19,
    "(((1,), (2,)), ((0,), (2,)))": -0.0005657071651928821,
    "(((1,), (2,)), ((0,), (3,)))": 0.00035330509382284743,
    "(((1,), (2,)), ((1,), (0,)))": 5.119421824106765e-18,
    "(((1,), (2,)), ((1,), (1,)))": -2.815585888651551e-17,
    "(((1,), (2,)), ((1,), (2,)))": -0.04898281439064808,
    "(((1,), (2,)), ((1,), (3,)))": 0.024565505163678968,
    "(((1,), (2,)), ((2,), (0,)))": -4.220591807673742e-20,
    "(((1,), (2,)), ((2,), (1,)))": 1.3525974754417294e-17,
    "(((1,), (2,)), ((2,), (2,)))": 0.00394164645193581,
    "(((1,), (2,)), ((2,), (3,)))": 0.034826232842435065,
    "(((1,), (3,)), ((0,), (0,)))": 1.6718779110318934e-19,
    "(((1,), (3,)), ((0,), (1,)))": 2.079247813437026e-19,
    "(((1,), (3,)), ((0,), (2,)))": 0.00022866598919018665,
    "(((1,), (3,)), ((0,), (3,)))": 0.0010078286474392824,
    "(((1,), (3,)), ((1,), (0,)))": -6.436390533544976e-18,
    "(((1,), (3,)), ((1,), (1,)))": 3.545048566250172e-18,
    "(((1,), (3,)), ((1,), (2,)))": 0.024565505163678926,
    "(((1,), (3,)), ((1,), (3,)))": -0.029073750576747423,
    "(((1,), (3,)), ((2,), (0,)))": -5.482672320849694e-18,
    "(((1,), (3,)), ((2,), (1,)))": 4.661543144167622e-18,
    "(((1,), (3,)), ((2,), (2,)))": 0.029526780285575663,
    "(((1,), (3,)), ((2,), (3,)))": -0.006810785455007113,
    "(((2,), (0,)), ((0,), (0,)))": -0.0009871318988520852,
    "(((2,), (0,)), ((0,), (1,)))": 8.64076509778951e-20,
    "(((2,), (0,)), ((0,), (2,)))": -2.1007134661865173e-20,
    "(((2,), (0,)), ((0,), (3,)))": 9.076031504772181e-20,
    "(((2,), (0,)), ((1,), (0,)))": 0.015374482273066497,
    "(((2,), (0,)), ((1,), (1,)))": 2.3486360370405183e-18,
    "(((2,), (0,)), ((1,), (2,)))": -4.220591807674127e-20,
    "(((2,), (0,)), ((1,), (3,)))": -5.482672320849697e-18,
    "(((2,), (0,)), ((2,), (0,)))": -0.0072152979268697605,
    "(((2,), (0,)), ((2,), (1,)))": 1.3221864194420696e-19,
    "(((2,), (0,)), ((2,), (2,)))": 6.856144889725315e-18,
    "(((2,), (0,)), ((2,), (3,)))": 1.3491685158698057e-18,
    "(((2,), (1,)), ((0,), (0,)))": -2.2131240434943546e-19,
    "(((2,), (1,)), ((0,), (1,)))": -0.0009871318988520852,