{
  "E": -15.552716515002793,
  "sol": {
    "(((), ()), ((), ()))": 0.9767681457562751,
    "(((0,), (0,)), ((), ()))": 2.7154911161928393e-18,
    "(((), ()), ((0,), (0,)))": 2.7154911161928393e-18,
    "(((0,), (1,)), ((), ()))": 1.4740106510441088e-18,
    "(((), ()), ((0,), (1,)))": 1.4740106510441088e-18,
    "(((0,), (2,)), ((), ()))": 0.00034194589180779235,
    "(((), ()), ((0,), (2,)))": 0.00034194589180779235,
    "(((0,), (3,)), ((), ()))": 7.314911921498219e-18,
    "(((), ()), ((0,), (3,)))": 7.314911921498219e-18,
    "(((1,), (0,)), ((), ()))": 1.5360013890736488e-16,
    "(((), ()), ((1,), (0,)))": 1.5360013890736488e-16,
    "(((1,), (1,)), ((), ()))": 9.867805811830522e-17,
    "(((), ()), ((1,), (1,)))": 9.867805811830522e-17,
    "(((1,), (2,)), ((), ()))": -0.013129264514011967,
    "(((), ()), ((1,), (2,)))": -0.013129264514011967,
    "(((1,), (3,)), ((), ()))": 6.644821593752544e-16,
    "(((), ()), ((1,), (3,)))": 6.644821593752544e-16,
    "(((2,), (0,)), ((), ()))": -1.39486260526712e-17,
    "(((), ()), ((2,), (0,)))": -1.39486260526712e-17,
    "(((2,), (1,)), ((), ()))": -8.955754911029227e-20,
    "(((), ()), ((2,), (1,)))": -8.955754911029227e-20,
    "(((2,), (2,)), ((), ()))": 1.4386072943964996e-16,
    "(((), ()), ((2,), (2,)))": 1.4386072943964996e-16,
    "(((2,), (3,)), ((), ()))": -0.003991389451847599,
    "(((), ()), ((2,), (3,)))": -0.003991389451847599,
    "(((0,), (0,)), ((0,), (0,)))": -0.0014929984267033477,
    "(((0,), (0,)), ((0,), (1,)))": 4.061677762032074e-19,
    "(((0,), (0,)), ((0,), (2,)))": -3.3120011586717343e-19,
    "(((0,), (0,)), ((0,), (3,)))": 2.1491413802921469e-19,
    "(((0,), (0,)), ((1,), (0,)))": 0.003014866180052672,
    "(((0,), (0,)), ((1,), (1,)))": -1.278538827941298e-18,
    "(((0,), (0,)), ((1,), (2,)))": -2.8837350289327184e-18,
    "(((0,), (0,)), ((1,), (3,)))": -4.9984276910537735e-19,
    "(((0,), (0,)), ((2,), (0,)))": -2.746936078832728e-17,
    "(((0,), (0,)), ((2,), (1,)))": -1.0839213764200537e-20,
    "(((0,), (0,)), ((2,), (2,)))": 1.0681491220685335e-19,
    "(((0,), (0,)), ((2,), (3,)))": -1.9854443469072935e-19,
    "(((0,), (1,)), ((0,), (0,)))": 1.0444770209591803e-18,
    "(((0,), (1,)), ((0,), (1,)))": -0.0014929984267033484,
    "(((0,), (1,)), ((0,), (2,)))": -2.933294306529346e-19,
    "(((0,), (1,)), ((0,), (3,)))": 8.963504955718779e-21,
    "(((0,), (1,)), ((1,), (0,)))": -1.4355004688923735e-18,
    "(((0,), (1,)), ((1,), (1,)))": 0.0030148661800526735,
    "(((0,), (1,)), ((1,), (2,)))": 2.9173228715103215e-19,
    "(((0,), (1,)), ((1,), (3,)))": -1.8371189578861822e-20,
    "(((0,), (1,)), ((2,), (0,)))": 8.111861506575497e-21,
    "(((0,), (1,)), ((2,), (1,)))": -2.747761253309846e-17,
    "(((0,), (1,)), ((2,), (2,)))": -1.2043857989120905e-20,
    "(((0,), (1,)), ((2,), (3,)))": 5.0993102027339146e-20,
    "(((0,), (2,)), ((0,), (0,)))": -3.312001158671738e-19,
    "(((0,), (2,)), ((0,), (1,)))": -2.9332943065293423e-19,
    "(((0,), (2,)), ((0,), (2,)))": -0.0020689982787827875,
    "(((0,), (2,)), ((0,), (3,)))": -4.81266060175482e-18,
    "(((0,), (2,)), ((1,), (0,)))": -1.290034603161862e-18,
    "(((0,), (2,)), ((1,), (1,)))": 7.184430731672278e-19,
    "(((0,), (2,)), ((1,), (2,)))": -0.0010203364749774599,
    "(((0,), (2,)), ((1,), (3,)))": 8.53450009514445e-18,
    "(((0,), (2,)), ((2,), (0,)))": -1.6436456567519703e-20,
    "(((0,), (2,)), ((2,), (1,)))": 3.568516735600037e-21,
    "(((0,), (2,)), ((2,), (2,)))": -1.6441918916006112e-17,
    "(((0,), (2,)), ((2,), (3,)))": 0.0004711442521657614,
    "(((0,), (3,)), ((0,), (0,)))": 2.1491413802921469e-19,
    "(((0,), (3,)), ((0,), (1,)))": 8.963504955718863e-21,
    "(((0,), (3,)), ((0,), (2,)))": -4.218167085595664e-18,
    "(((0,), (3,)), ((0,), (3,)))": -0.0014830518737652342,
    "(((0,), (3,)), ((1,), (0,)))": -4.57579467150476e-19,
    "(((0,), (3,)), ((1,), (1,)))": -2.0004732482869995e-20,
    "(((0,), (3,)), ((1,), (2,)))": -2.687434237380055e-18,
    "(((0,), (3,)), ((1,), (3,)))": 0.0015786761130513025,
    "(((0,), (3,)), ((2,), (0,)))": -2.2275027894052567e-19,
    "(((0,), (3,)), ((2,), (1,)))": 2.2386408409571356e-20,
    "(((0,), (3,)), ((2,), (2,)))": 3.4759797363695345e-05,
    "(((0,), (3,)), ((2,), (3,)))": -1.107673745669419e-17,
    "(((1,), (0,)), ((0,), (0,)))": 0.0030148661800526717,
    "(((1,), (0,)), ((0,), (1,)))": -4.378862991566337e-19,
    "(((1,), (0,)), ((0,), (2,)))": -1.290034603161862e-18,
    "(((1,), (0,)), ((0,), (3,)))": -4.5757946715047525e-19,
    "(((1,), (0,)), ((1,), (0,)))": -0.05191029206561936,
    "(((1,), (0,)), ((1,), (1,)))": 3.164908844971121e-17,
    "(((1,), (0,)), ((1,), (2,)))": 5.318759413634031e-17,
    "(((1,), (0,)), ((1,), (3,)))": 8.046289152781598e-18,
    "(((1,), (0,)), ((2,), (0,)))": 6.136003232849941e-16,
    "(((1,), (0,)), ((2,), (1,)))": -3.08833171174981e-19,
    "(((1,), (0,)), ((2,), (2,)))": -1.825080022653022e-18,
    "(((1,), (0,)), ((2,), (3,)))": 1.75127289630871e-18,
    "(((1,), (1,)), ((0,), (0,)))": -2.204296029397311e-18,
    "(((1,), (1,)), ((0,), (1,)))": 0.003014866180052673,
    "(((1,), (1,)), ((0,), (2,)))": 7.184430731672266e-19,
    "(((1,), (1,)), ((0,), (3,)))": -2.000473248286995e-20,
    "(((1,), (1,)), ((1,), (0,)))": 2.28380569732844e-17,
    "(((1,), (1,)), ((1,), (1,)))": -0.051910292065619396,
    "(((1,), (1,)), ((1,), (2,)))": -8.082649795905143e-19,
    "(((1,), (1,)), ((1,), (3,)))": 1.4470904040792593e-19,
    "(((1,), (1,)), ((2,), (0,)))": 4.777103486252241e-19,
    "(((1,), (1,)), ((2,), (1,)))": 6.139807265697048e-16,
    "(((1,), (1,)), ((2,), (2,)))": 4.75025285337305e-19,
    "(((1,), (1,)), ((2,), (3,)))": -5.378668311801523e-18,
    "(((1,), (2,)), ((0,), (0,)))": -2.8837350289327176e-18,
    "(((1,), (2,)), ((0,), (1,)))": 2.9173228715103263e-19,
    "(((1,), (2,)), ((0,), (2,)))": -0.0010203364749774562,
    "(((1,), (2,)), ((0,), (3,)))": -8.902425531667862e-19,
    "(((1,), (2,)), ((1,), (0,)))": 5.318759413634033e-17,
    "(((1,), (2,)), ((1,), (1,)))": -8.082649795905143e-19,
    "(((1,), (2,)), ((1,), (2,)))": -0.07737903081708356,
    "(((1,), (2,)), ((1,), (3,)))": 1.3080621999924072e-15,
    "(((1,), (2,)), ((2,), (0,)))": -1.9996703822394592e-18,
    "(((1,), (2,)), ((2,), (1,)))": 5.014971176942202e-19,
    "(((1,), (2,)), ((2,), (2,)))": -6.89587054236315e-16,
    "(((1,), (2,)), ((2,), (3,)))": 0.07017402598688666,
    "(((1,), (3,)), ((0,), (0,)))": -4.998427691053778e-19,
    "(((1,), (3,)), ((0,), (1,)))": -1.8371189578861852e-20,
    "(((1,), (3,)), ((0,), (2,)))": 6.3295512293435294e-18,
    "(((1,), (3,)), ((0,), (3,)))": 0.0015786761130513023,
    "(((1,), (3,)), ((1,), (0,)))": 8.046289152781598e-18,
    "(((1,), (3,)), ((1,), (1,)))": 1.4470904040792444e-19,
    "(((1,), (3,)), ((1,), (2,)))": 1.2927825376035106e-15,
    "(((1,), (3,)), ((1,), (3,)))": -0.04011914083894967,
    "(((1,), (3,)), ((2,), (0,)))": 8.339889665110955e-18,
    "(((1,), (3,)), ((2,), (1,)))": -7.861383188653108e-19,
    "(((1,), (3,)), ((2,), (2,)))": 0.059171602791807255,
    "(((1,), (3,)), ((2,), (3,)))": 1.314184538664778e-16,
    "(((2,), (0,)), ((0,), (0,)))": -2.7440660564346534e-17,
    "(((2,), (0,)), ((0,), (1,)))": 4.5144662864658957e-20,
    "(((2,), (0,)), ((0,), (2,)))": -1.6436456567519883e-20,
    "(((2,), (0,)), ((0,), (3,)))": -2.2275027894052557e-19,
    "(((2,), (0,)), ((1,), (0,)))": 6.140695502545355e-16,
    "(((2,), (0,)), ((1,), (1,)))": -2.47931438673062e-19,
    "(((2,), (0,)), ((1,), (2,)))": -1.9996703822394804e-18,
    "(((2,), (0,)), ((1,), (3,)))": 8.339889665110992e-18,
    "(((2,), (0,)), ((2,), (0,)))": 0.0035788127069521208,
    "(((2,), (0,)), ((2,), (1,)))": -2.5186862996617165e-18,
    "(((2,), (0,)), ((2,), (2,)))": -4.3729913924481895e-17,
    "(((2,), (0,)), ((2,), (3,)))": 1.212026887043676e-18,
    "(((2,), (1,)), ((0,), (0,)))": -4.385118376618472e-20,
    "(((2,), (1,)), ((0,), (1,)))": -2.7426691067479188e-17,