{
  "E": -15.57330691668905,
  "sol": {
    "(((), ()), ((), ()))": 0.9817973965026278,
    "(((0,), (0,)), ((), ()))": -5.080043183216496e-18,
    "(((), ()), ((0,), (0,)))": -5.080043183216496e-18,
    "(((0,), (1,)), ((), ()))": -5.21653100183093e-18,
    "(((), ()), ((0,), (1,)))": -5.21653100183093e-18,
    "(((0,), (2,)), ((), ()))": 0.0003291445859513115,
    "(((), ()), ((0,), (2,)))": 0.0003291445859513115,
    "(((0,), (3,)), ((), ()))": 9.523979956157023e-05,
    "(((), ()), ((0,), (3,)))": 9.523979956157023e-05,
    "(((1,), (0,)), ((), ()))": -1.5424022858213765e-17,
    "(((), ()), ((1,), (0,)))": -1.5424022858213765e-17,
    "(((1,), (1,)), ((), ()))": -1.0833144408435123e-17,
    "(((), ()), ((1,), (1,)))": -1.0833144408435123e-17,
    "(((1,), (2,)), ((), ()))": -0.010443167370550038,
    "(((), ()), ((1,), (2,)))": -0.010443167370550038,
    "(((1,), (3,)), ((), ()))": 0.00032479188593794356,
    "(((), ()), ((1,), (3,)))": 0.00032479188593794356,
    "(((2,), (0,)), ((), ()))": 1.645750502945128e-17,
    "(((), ()), ((2,), (0,)))": 1.645750502945128e-17,
    "(((2,), (1,)), ((), ()))": 1.1905895701780812e-17,
    "(((), ()), ((2,), (1,)))": 1.1905895701780812e-17,
    "(((2,), (2,)), ((), ()))": 0.004969451698636061,
    "(((), ()), ((2,), (2,)))": 0.004969451698636061,
    "(((2,), (3,)), ((), ()))": 0.0037889412765888192,
    "(((), ()), ((2,), (3,)))": 0.0037889412765888192,
    "(((0,), (0,)), ((0,), (0,)))": -0.0015000682582826915,
    "(((0,), (0,)), ((0,), (1,)))": -4.299568065518815e-19,
    "(((0,), (0,)), ((0,), (2,)))": -1.7172772783741533e-19,
    "(((0,), (0,)), ((0,), (3,)))": 6.550017385239016e-20,
    "(((0,), (0,)), ((1,), (0,)))": 0.002744621285805512,
    "(((0,), (0,)), ((1,), (1,)))": 6.116265385806925e-20,
    "(((0,), (0,)), ((1,), (2,)))": -7.085673896036155e-19,
    "(((0,), (0,)), ((1,), (3,)))": -1.8935639763460655e-19,
    "(((0,), (0,)), ((2,), (0,)))": -0.001322012105493538,
    "(((0,), (0,)), ((2,), (1,)))": -5.3011528561936586e-20,
    "(((0,), (0,)), ((2,), (2,)))": 4.807748269917534e-19,
    "(((0,), (0,)), ((2,), (3,)))": 2.1781660358674954e-19,
    "(((0,), (1,)), ((0,), (0,)))": 4.80466819845703e-19,
    "(((0,), (1,)), ((0,), (1,)))": -0.0015000682582826917,
    "(((0,), (1,)), ((0,), (2,)))": -5.445451021982476e-19,
    "(((0,), (1,)), ((0,), (3,)))": 2.2994411501146696e-19,
    "(((0,), (1,)), ((1,), (0,)))": 2.5260636046021324e-19,
    "(((0,), (1,)), ((1,), (1,)))": 0.002744621285805513,
    "(((0,), (1,)), ((1,), (2,)))": 1.3799926179684713e-18,
    "(((0,), (1,)), ((1,), (3,)))": 3.020445815576341e-19,
    "(((0,), (1,)), ((2,), (0,)))": -1.2514111269572895e-19,
    "(((0,), (1,)), ((2,), (1,)))": -0.0013220121054935382,
    "(((0,), (1,)), ((2,), (2,)))": -1.9783866792971237e-19,
    "(((0,), (1,)), ((2,), (3,)))": 1.181909475138455e-18,
    "(((0,), (2,)), ((0,), (0,)))": -1.7172772783740975e-19,
    "(((0,), (2,)), ((0,), (1,)))": -5.445451021982454e-19,
    "(((0,), (2,)), ((0,), (2,)))": -0.001972941245984924,
    "(((0,), (2,)), ((0,), (3,)))": -5.035503766322841e-05,
    "(((0,), (2,)), ((1,), (0,)))": -7.552077416391479e-19,
    "(((0,), (2,)), ((1,), (1,)))": 6.768357551993969e-19,
    "(((0,), (2,)), ((1,), (2,)))": -0.000660804592439475,
    "(((0,), (2,)), ((1,), (3,)))": -0.0005408027275932968,
    "(((0,), (2,)), ((2,), (0,)))": 3.487908810596752e-19,
    "(((0,), (2,)), ((2,), (1,)))": -5.83594618086928e-19,
    "(((0,), (2,)), ((2,), (2,)))": 0.0005040231679031067,
    "(((0,), (2,)), ((2,), (3,)))": -0.00016534481804546578,
    "(((0,), (3,)), ((0,), (0,)))": 6.550017385239079e-20,
    "(((0,), (3,)), ((0,), (1,)))": 2.2994411501146706e-19,
    "(((0,), (3,)), ((0,), (2,)))": -5.035503766322969e-05,
    "(((0,), (3,)), ((0,), (3,)))": -0.001618512518157379,
    "(((0,), (3,)), ((1,), (0,)))": -2.474660924284444e-19,
    "(((0,), (3,)), ((1,), (1,)))": -1.7115502048342583e-19,
    "(((0,), (3,)), ((1,), (2,)))": -0.0005341781492793562,
    "(((0,), (3,)), ((1,), (3,)))": 0.0010268725349297325,
    "(((0,), (3,)), ((2,), (0,)))": 1.6529030793885693e-19,
    "(((0,), (3,)), ((2,), (1,)))": 5.008388791553205e-19,
    "(((0,), (3,)), ((2,), (2,)))": 0.00011787933944456608,
    "(((0,), (3,)), ((2,), (3,)))": -0.0009190892460676434,
    "(((1,), (0,)), ((0,), (0,)))": 0.0027446212858055117,
    "(((1,), (0,)), ((0,), (1,)))": -4.957149687914558e-19,
    "(((1,), (0,)), ((0,), (2,)))": -7.552077416391475e-19,
    "(((1,), (0,)), ((0,), (3,)))": -2.4746609242844307e-19,
    "(((1,), (0,)), ((1,), (0,)))": -0.042623939173104954,
    "(((1,), (0,)), ((1,), (1,)))": 2.260780980042608e-18,
    "(((1,), (0,)), ((1,), (2,)))": -1.0881705710580984e-18,
    "(((1,), (0,)), ((1,), (3,)))": -8.78353353811746e-18,
    "(((1,), (0,)), ((2,), (0,)))": 0.020537652506060912,
    "(((1,), (0,)), ((2,), (1,)))": -1.3011011038456074e-18,
    "(((1,), (0,)), ((2,), (2,)))": -7.471712811517658e-18,
    "(((1,), (0,)), ((2,), (3,)))": -1.0494215577238948e-17,
    "(((1,), (1,)), ((0,), (0,)))": 9.581192393033348e-19,
    "(((1,), (1,)), ((0,), (1,)))": 0.002744621285805513,
    "(((1,), (1,)), ((0,), (2,)))": 6.768357551993961e-19,
    "(((1,), (1,)), ((0,), (3,)))": -1.7115502048342573e-19,
    "(((1,), (1,)), ((1,), (0,)))": 1.619765395696275e-18,
    "(((1,), (1,)), ((1,), (1,)))": -0.04262393917310498,
    "(((1,), (1,)), ((1,), (2,)))": -2.5418310283705022e-17,
    "(((1,), (1,)), ((1,), (3,)))": -1.469416342937319e-17,
    "(((1,), (1,)), ((2,), (0,)))": -5.448803644491717e-19,
    "(((1,), (1,)), ((2,), (1,)))": 0.020537652506060915,
    "(((1,), (1,)), ((2,), (2,)))": -3.0762512542654024e-18,
    "(((1,), (1,)), ((2,), (3,)))": -1.6362265106794703e-17,
    "(((1,), (2,)), ((0,), (0,)))": -7.085673896036151e-19,
    "(((1,), (2,)), ((0,), (1,)))": 1.379992617968474e-18,
    "(((1,), (2,)), ((0,), (2,)))": -0.0006608045924394758,
    "(((1,), (2,)), ((0,), (3,)))": -0.0005341781492793549,
    "(((1,), (2,)), ((1,), (0,)))": -1.088170571058098e-18,
    "(((1,), (2,)), ((1,), (1,)))": -2.5418310283705034e-17,
    "(((1,), (2,)), ((1,), (2,)))": -0.0488632907373371,
    "(((1,), (2,)), ((1,), (3,)))": -0.03835597362679809,
    "(((1,), (2,)), ((2,), (0,)))": -7.339208326330806e-18,
    "(((1,), (2,)), ((2,), (1,)))": -3.05443866408784e-18,
    "(((1,), (2,)), ((2,), (2,)))": 0.009757803515867488,
    "(((1,), (2,)), ((2,), (3,)))": -0.03428265426132723,
    "(((1,), (3,)), ((0,), (0,)))": -1.893563976346094e-19,
    "(((1,), (3,)), ((0,), (1,)))": 3.0204458155763303e-19,
    "(((1,), (3,)), ((0,), (2,)))": -0.0005408027275933016,
    "(((1,), (3,)), ((0,), (3,)))": 0.001026872534929731,
    "(((1,), (3,)), ((1,), (0,)))": -8.783533538117461e-18,
    "(((1,), (3,)), ((1,), (1,)))": -1.469416342937319e-17,
    "(((1,), (3,)), ((1,), (2,)))": -0.03835597362679807,
    "(((1,), (3,)), ((1,), (3,)))": -0.04483371557406517,
    "(((1,), (3,)), ((2,), (0,)))": -8.371491502678173e-18,
    "(((1,), (3,)), ((2,), (1,)))": -1.2069548890985015e-17,
    "(((1,), (3,)), ((2,), (2,)))": -0.025952650032400482,
    "(((1,), (3,)), ((2,), (3,)))": -0.013127845148262636,
    "(((2,), (0,)), ((0,), (0,)))": -0.001322012105493538,
    "(((2,), (0,)), ((0,), (1,)))": 2.269583362541966e-19,
    "(((2,), (0,)), ((0,), (2,)))": 3.4879088105967746e-19,
    "(((2,), (0,)), ((0,), (3,)))": 1.6529030793885744e-19,
    "(((2,), (0,)), ((1,), (0,)))": 0.020537652506060912,
    "(((2,), (0,)), ((1,), (1,)))": -1.1876593338688107e-18,
    "(((2,), (0,)), ((1,), (2,)))": -7.339208326330805e-18,
    "(((2,), (0,)), ((1,), (3,)))": -8.371491502678182e-18,
    "(((2,), (0,)), ((2,), (0,)))": -0.008412226168140994,
    "(((2,), (0,)), ((2,), (1,)))": 1.1762721673548237e-18,
    "(((2,), (0,)), ((2,), (2,)))": -2.024767882024171e-17,
    "(((2,), (0,)), ((2,), (3,)))": 6.697127447613438e-18,
    "(((2,), (1,)), ((0,), (0,)))": -4.636277010887486e-19,
    "(((2,), (1,)), ((0,), (1,)))": -0.0013220121054935384,