{
  "E": -147.6952838828156,
  "sol": {
    "(((), ()), ((), ()))": 0.9185194895486246,
    "(((0,), (0,)), ((), ()))": -3.714111716241828e-19,
    "(((), ()), ((0,), (0,)))": -3.714111716241828e-19,
    "(((0,), (1,)), ((), ()))": -3.495395035587429e-05,
    "(((), ()), ((0,), (1,)))": -3.495395035587429e-05,
    "(((1,), (0,)), ((), ()))": 1.2259901989144388e-16,
    "(((), ()), ((1,), (0,)))": 1.2259901989144388e-16,
    "(((1,), (1,)), ((), ()))": -1.169882888606294e-15,
    "(((), ()), ((1,), (1,)))": -1.169882888606294e-15,
    "(((2,), (0,)), ((), ()))": -3.080121604708055e-17,
    "(((), ()), ((2,), (0,)))": -3.080121604708055e-17,
    "(((2,), (1,)), ((), ()))": -3.829113070295321e-16,
    "(((), ()), ((2,), (1,)))": -3.829113070295321e-16,
    "(((3,), (0,)), ((), ()))": 1.3710580033284799e-17,
    "(((), ()), ((3,), (0,)))": 1.3710580033284799e-17,
    "(((3,), (1,)), ((), ()))": -0.014853100842305553,
    "(((), ()), ((3,), (1,)))": -0.014853100842305553,
    "(((4,), (0,)), ((), ()))": -2.269101802050863e-14,
    "(((), ()), ((4,), (0,)))": -2.269101802050863e-14,
    "(((4,), (1,)), ((), ()))": -4.570921143840367e-17,
    "(((), ()), ((4,), (1,)))": -4.570921143840367e-17,
    "(((5,), (0,)), ((), ()))": 6.753721277436957e-16,
    "(((), ()), ((5,), (0,)))": 6.753721277436957e-16,
    "(((5,), (1,)), ((), ()))": -5.481337934822259e-16,
    "(((), ()), ((5,), (1,)))": -5.481337934822259e-16,
    "(((6,), (0,)), ((), ()))": -5.6095513399721615e-15,
    "(((), ()), ((6,), (0,)))": -5.6095513399721615e-15,
    "(((6,), (1,)), ((), ()))": 8.84257786539224e-18,
    "(((), ()), ((6,), (1,)))": 8.84257786539224e-18,
    "(((7,), (0,)), ((), ()))": -5.379423739953529e-15,
    "(((), ()), ((7,), (0,)))": -5.379423739953529e-15,
    "(((7,), (1,)), ((), ()))": 2.985073744208326e-17,
    "(((), ()), ((7,), (1,)))": 2.985073744208326e-17,
    "(((0,), (0,)), ((0,), (0,)))": -0.00015304440636407284,
    "(((0,), (0,)), ((0,), (1,)))": -2.2931193182845938e-20,
    "(((0,), (0,)), ((1,), (0,)))": -2.473236574435615e-16,
    "(((0,), (0,)), ((1,), (1,)))": 2.115557335865867e-20,
    "(((0,), (0,)), ((2,), (0,)))": -1.2201845704859378e-14,
    "(((0,), (0,)), ((2,), (1,)))": -9.923278187432048e-20,
    "(((0,), (0,)), ((3,), (0,)))": 0.0005159235339267629,
    "(((0,), (0,)), ((3,), (1,)))": 1.2189725690283483e-19,
    "(((0,), (0,)), ((4,), (0,)))": 1.5827370911158245e-20,
    "(((0,), (0,)), ((4,), (1,)))": -1.8645431838042386e-18,
    "(((0,), (0,)), ((5,), (0,)))": 3.6365089626541554e-15,
    "(((0,), (0,)), ((5,), (1,)))": -2.9357354659667357e-19,
    "(((0,), (0,)), ((6,), (0,)))": 5.778617607248922e-19,
    "(((0,), (0,)), ((6,), (1,)))": 1.1085136292965584e-14,
    "(((0,), (0,)), ((7,), (0,)))": 6.466784874552142e-20,
    "(((0,), (0,)), ((7,), (1,)))": 3.271008095604628e-20,
    "(((0,), (1,)), ((0,), (0,)))": -2.2931193182845745e-20,
    "(((0,), (1,)), ((0,), (1,)))": -0.0004055539213703771,
    "(((0,), (1,)), ((1,), (0,)))": 6.481268978324205e-21,
    "(((0,), (1,)), ((1,), (1,)))": -3.913444803737161e-16,
    "(((0,), (1,)), ((2,), (0,)))": 1.4362483613857455e-21,
    "(((0,), (1,)), ((2,), (1,)))": -1.8101660789818643e-14,
    "(((0,), (1,)), ((3,), (0,)))": 4.709089021897124e-20,
    "(((0,), (1,)), ((3,), (1,)))": 0.0007159214371915533,
    "(((0,), (1,)), ((4,), (0,)))": -1.0167067101583921e-18,
    "(((0,), (1,)), ((4,), (1,)))": -4.770580681157048e-21,
    "(((0,), (1,)), ((5,), (0,)))": 7.413179331749723e-20,
    "(((0,), (1,)), ((5,), (1,)))": 3.273274217262612e-15,
    "(((0,), (1,)), ((6,), (0,)))": -6.681647257528953e-16,
    "(((0,), (1,)), ((6,), (1,)))": -1.0583124271545273e-19,
    "(((0,), (1,)), ((7,), (0,)))": -1.5067044230761503e-19,
    "(((0,), (1,)), ((7,), (1,)))": 3.644659861487517e-21,
    "(((1,), (0,)), ((0,), (0,)))": -2.4732679365127446e-16,
    "(((1,), (0,)), ((0,), (1,)))": 6.48126897832406e-21,
    "(((1,), (0,)), ((1,), (0,)))": -0.00014509783450472607,
    "(((1,), (0,)), ((1,), (1,)))": -3.13450060908651e-21,
    "(((1,), (0,)), ((2,), (0,)))": 0.0003882430053774161,
    "(((1,), (0,)), ((2,), (1,)))": 3.91870819610247e-20,
    "(((1,), (0,)), ((3,), (0,)))": 1.6202331539263923e-14,
    "(((1,), (0,)), ((3,), (1,)))": -1.9959334603613832e-18,
    "(((1,), (0,)), ((4,), (0,)))": -2.231959427089108e-19,
    "(((1,), (0,)), ((4,), (1,)))": -1.6341900485659312e-18,
    "(((1,), (0,)), ((5,), (0,)))": -0.0001156878042575669,
    "(((1,), (0,)), ((5,), (1,)))": 3.211332877274288e-19,
    "(((1,), (0,)), ((6,), (0,)))": 4.8248252214863035e-20,
    "(((1,), (0,)), ((6,), (1,)))": -0.0003527100031903021,
    "(((1,), (0,)), ((7,), (0,)))": -1.814706226580653e-18,
    "(((1,), (0,)), ((7,), (1,)))": 1.3269956042137675e-17,
    "(((1,), (1,)), ((0,), (0,)))": 2.1155573358658573e-20,
    "(((1,), (1,)), ((0,), (1,)))": -3.9135595112511805e-16,
    "(((1,), (1,)), ((1,), (0,)))": -3.1345006090863913e-21,
    "(((1,), (1,)), ((1,), (1,)))": -0.0003931367826741955,
    "(((1,), (1,)), ((2,), (0,)))": -8.633037279632917e-20,
    "(((1,), (1,)), ((2,), (1,)))": 0.0005766794121528551,
    "(((1,), (1,)), ((3,), (0,)))": -5.731406782895672e-20,
    "(((1,), (1,)), ((3,), (1,)))": 2.2501889184714813e-14,
    "(((1,), (1,)), ((4,), (0,)))": -1.4691199305559852e-18,
    "(((1,), (1,)), ((4,), (1,)))": -2.2454738225358317e-19,
    "(((1,), (1,)), ((5,), (0,)))": -1.6970844180196336e-20,
    "(((1,), (1,)), ((5,), (1,)))": -0.000104184389258366,
    "(((1,), (1,)), ((6,), (0,)))": 2.1156747941285334e-05,
    "(((1,), (1,)), ((6,), (1,)))": 5.816425702135546e-20,
    "(((1,), (1,)), ((7,), (0,)))": -2.760239236346973e-17,
    "(((1,), (1,)), ((7,), (1,)))": -4.738585532028172e-19,
    "(((2,), (0,)), ((0,), (0,)))": -1.2201758788496428e-14,
    "(((2,), (0,)), ((0,), (1,)))": 1.4362483613855529e-21,
    "(((2,), (0,)), ((1,), (0,)))": 0.00038824300537741604,
    "(((2,), (0,)), ((1,), (1,)))": -8.633037279632924e-20,
    "(((2,), (0,)), ((2,), (0,)))": -0.009593196800632864,
    "(((2,), (0,)), ((2,), (1,)))": -1.0746073950537594e-17,
    "(((2,), (0,)), ((3,), (0,)))": 2.875958876462394e-16,
    "(((2,), (0,)), ((3,), (1,)))": 3.834188948597196e-18,
    "(((2,), (0,)), ((4,), (0,)))": 1.0236306361807734e-17,
    "(((2,), (0,)), ((4,), (1,)))": 1.0438368467187006e-16,
    "(((2,), (0,)), ((5,), (0,)))": 0.0039400056491194525,
    "(((2,), (0,)), ((5,), (1,)))": -4.088443174874152e-17,
    "(((2,), (0,)), ((6,), (0,)))": 6.322976116502705e-17,
    "(((2,), (0,)), ((6,), (1,)))": 0.025053891774439334,
    "(((2,), (0,)), ((7,), (0,)))": -4.292397658417472e-18,
    "(((2,), (0,)), ((7,), (1,)))": -9.16369182070686e-16,
    "(((2,), (1,)), ((0,), (0,)))": -9.923278187432028e-20,
    "(((2,), (1,)), ((0,), (1,)))": -1.8101675425010123e-14,
    "(((2,), (1,)), ((1,), (0,)))": 3.918708196102468e-20,
    "(((2,), (1,)), ((1,), (1,)))": 0.0005766794121528551,
    "(((2,), (1,)), ((2,), (0,)))": -1.0746073950537597e-17,
    "(((2,), (1,)), ((2,), (1,)))": -0.0239855589941005,
    "(((2,), (1,)), ((3,), (0,)))": 6.962735467885437e-18,
    "(((2,), (1,)), ((3,), (1,)))": -8.725318652546429e-17,
    "(((2,), (1,)), ((4,), (0,)))": 2.0547577354760182e-17,
    "(((2,), (1,)), ((4,), (1,)))": -4.5988717258209793e-17,
    "(((2,), (1,)), ((5,), (0,)))": -3.1401781072909197e-17,
    "(((2,), (1,)), ((5,), (1,)))": -0.027084961740874332,
    "(((2,), (1,)), ((6,), (0,)))": 0.02733768416838702,
    "(((2,), (1,)), ((6,), (1,)))": -2.6689132666959155e-17,
    "(((2,), (1,)), ((7,), (0,)))": -2.7697262957868935e-15,
    "(((2,), (1,)), ((7,), (1,)))": 1.844821232809751e-18,
    "(((3,), (0,)), ((0,), (0,)))": 0.0005159235339267629,
    "(((3,), (0,)), ((0,), (1,)))": 4.7090890218971156e-20,
    "(((3,), (0,)), ((1,), (0,)))": 1.6202296735032855e-14,
    "(((3,), (0,)), ((1,), (1,)))": -5.73140678289571e-20,
    "(((3,), (0,)), ((2,), (0,)))": 2.874709782439701e-16,
    "(((3,), (0,)), ((2,), (1,)))": 6.962735467885437e-18,