{
  "E": -143.0962155918702,
  "sol": {
    "(((), ()), ((), ()))": 0.7845166631645721,
    "(((0,), (0,)), ((), ()))": -6.501120109563003e-18,
    "(((), ()), ((0,), (0,)))": -6.501120109563003e-18,
    "(((0,), (1,)), ((), ()))": 3.9845096270389986e-16,
    "(((), ()), ((0,), (1,)))": 3.9845096270389986e-16,
    "(((1,), (0,)), ((), ()))": 3.3500525965962434e-17,
    "(((), ()), ((1,), (0,)))": 3.3500525965962434e-17,
    "(((1,), (1,)), ((), ()))": -4.844285298507682e-05,
    "(((), ()), ((1,), (1,)))": -4.844285298507682e-05,
    "(((2,), (0,)), ((), ()))": -5.179849616652724e-17,
    "(((), ()), ((2,), (0,)))": -5.179849616652724e-17,
    "(((2,), (1,)), ((), ()))": 8.257959914084943e-16,
    "(((), ()), ((2,), (1,)))": 8.257959914084943e-16,
    "(((3,), (0,)), ((), ()))": -3.691643996151017e-16,
    "(((), ()), ((3,), (0,)))": -3.691643996151017e-16,
    "(((3,), (1,)), ((), ()))": -7.165659162396498e-19,
    "(((), ()), ((3,), (1,)))": -7.165659162396498e-19,
    "(((4,), (0,)), ((), ()))": 5.610033534940485e-16,
    "(((), ()), ((4,), (0,)))": 5.610033534940485e-16,
    "(((4,), (1,)), ((), ()))": -4.2238754936167933e-19,
    "(((), ()), ((4,), (1,)))": -4.2238754936167933e-19,
    "(((5,), (0,)), ((), ()))": 5.215697045935126e-16,
    "(((), ()), ((5,), (0,)))": 5.215697045935126e-16,
    "(((5,), (1,)), ((), ()))": -0.000820360745151641,
    "(((), ()), ((5,), (1,)))": -0.000820360745151641,
    "(((6,), (0,)), ((), ()))": 7.579015332575708e-16,
    "(((), ()), ((6,), (0,)))": 7.579015332575708e-16,
    "(((6,), (1,)), ((), ()))": -1.5254368998983158e-15,
    "(((), ()), ((6,), (1,)))": -1.5254368998983158e-15,
    "(((7,), (0,)), ((), ()))": 2.3127706226694915e-13,
    "(((), ()), ((7,), (0,)))": 2.3127706226694915e-13,
    "(((7,), (1,)), ((), ()))": 1.3408128480332264e-17,
    "(((), ()), ((7,), (1,)))": 1.3408128480332264e-17,
    "(((0,), (0,)), ((0,), (0,)))": -6.073310350480763e-05,
    "(((0,), (0,)), ((0,), (1,)))": 6.726461950744405e-20,
    "(((0,), (0,)), ((1,), (0,)))": -1.4662928867572523e-17,
    "(((0,), (0,)), ((1,), (1,)))": 2.2137839410118444e-20,
    "(((0,), (0,)), ((2,), (0,)))": -0.00010241174212481549,
    "(((0,), (0,)), ((2,), (1,)))": 3.9201231917500353e-19,
    "(((0,), (0,)), ((3,), (0,)))": -1.89472323237118e-19,
    "(((0,), (0,)), ((3,), (1,)))": -7.315423083508385e-17,
    "(((0,), (0,)), ((4,), (0,)))": 7.015641626927241e-19,
    "(((0,), (0,)), ((4,), (1,)))": -0.00032556729158601295,
    "(((0,), (0,)), ((5,), (0,)))": -2.830133464260712e-16,
    "(((0,), (0,)), ((5,), (1,)))": -1.4976971454373247e-20,
    "(((0,), (0,)), ((6,), (0,)))": -6.569922035870758e-05,
    "(((0,), (0,)), ((6,), (1,)))": -2.2448984082324856e-19,
    "(((0,), (0,)), ((7,), (0,)))": -5.838603864219556e-18,
    "(((0,), (0,)), ((7,), (1,)))": -2.3101483766108195e-19,
    "(((0,), (1,)), ((0,), (0,)))": 6.726461950744436e-20,
    "(((0,), (1,)), ((0,), (1,)))": -0.0005794523380780402,
    "(((0,), (1,)), ((1,), (0,)))": -7.658029842051155e-20,
    "(((0,), (1,)), ((1,), (1,)))": -1.2125155685935555e-16,
    "(((0,), (1,)), ((2,), (0,)))": 1.81508752560397e-19,
    "(((0,), (1,)), ((2,), (1,)))": -1.1285776416034453e-05,
    "(((0,), (1,)), ((3,), (0,)))": 8.067915664566854e-17,
    "(((0,), (1,)), ((3,), (1,)))": 4.900707755424622e-19,
    "(((0,), (1,)), ((4,), (0,)))": 0.00033373055140267695,
    "(((0,), (1,)), ((4,), (1,)))": 1.9615390969570855e-19,
    "(((0,), (1,)), ((5,), (0,)))": -1.7742471757453228e-19,
    "(((0,), (1,)), ((5,), (1,)))": -1.0722131414579963e-15,
    "(((0,), (1,)), ((6,), (0,)))": 2.47755943316761e-19,
    "(((0,), (1,)), ((6,), (1,)))": -0.000620020467770957,
    "(((0,), (1,)), ((7,), (0,)))": -4.592349963993581e-20,
    "(((0,), (1,)), ((7,), (1,)))": -9.95369959011032e-19,
    "(((1,), (0,)), ((0,), (0,)))": -1.454807483005695e-17,
    "(((1,), (0,)), ((0,), (1,)))": -7.658029842051131e-20,
    "(((1,), (0,)), ((1,), (0,)))": -6.948195891483749e-05,
    "(((1,), (0,)), ((1,), (1,)))": 1.5110231066830623e-20,
    "(((1,), (0,)), ((2,), (0,)))": 1.8481260785620527e-16,
    "(((1,), (0,)), ((2,), (1,)))": 3.8295215168589165e-19,
    "(((1,), (0,)), ((3,), (0,)))": -1.193205411595243e-19,
    "(((1,), (0,)), ((3,), (1,)))": -2.485492339234179e-19,
    "(((1,), (0,)), ((4,), (0,)))": 9.67602372205413e-19,
    "(((1,), (0,)), ((4,), (1,)))": 5.994871760144808e-16,
    "(((1,), (0,)), ((5,), (0,)))": -0.00016379577392686097,
    "(((1,), (0,)), ((5,), (1,)))": 1.372365180239694e-19,
    "(((1,), (0,)), ((6,), (0,)))": 1.1211146483343487e-16,
    "(((1,), (0,)), ((6,), (1,)))": -3.0276961452218926e-19,
    "(((1,), (0,)), ((7,), (0,)))": -1.464421512601513e-17,
    "(((1,), (0,)), ((7,), (1,)))": 5.602963834498786e-19,
    "(((1,), (1,)), ((0,), (0,)))": 2.213783941011806e-20,
    "(((1,), (1,)), ((0,), (1,)))": -1.1687934821455776e-16,
    "(((1,), (1,)), ((1,), (0,)))": 1.5110231066830358e-20,
    "(((1,), (1,)), ((1,), (1,)))": -0.0006480780174839313,
    "(((1,), (1,)), ((2,), (0,)))": 1.7778287191805912e-19,
    "(((1,), (1,)), ((2,), (1,)))": 2.1674131905144305e-17,
    "(((1,), (1,)), ((3,), (0,)))": -2.0102237072005493e-19,
    "(((1,), (1,)), ((3,), (1,)))": -4.005454622016231e-19,
    "(((1,), (1,)), ((4,), (0,)))": -5.975680802802205e-16,
    "(((1,), (1,)), ((4,), (1,)))": 3.1904043766794995e-19,
    "(((1,), (1,)), ((5,), (0,)))": -2.320974441319779e-19,
    "(((1,), (1,)), ((5,), (1,)))": -0.0006197108393186884,
    "(((1,), (1,)), ((6,), (0,)))": 5.1824979177039586e-20,
    "(((1,), (1,)), ((6,), (1,)))": 1.077978024463213e-15,
    "(((1,), (1,)), ((7,), (0,)))": -1.6215932985315872e-18,
    "(((1,), (1,)), ((7,), (1,)))": -4.96403264608271e-19,
    "(((2,), (0,)), ((0,), (0,)))": -0.00010241174212481549,
    "(((2,), (0,)), ((0,), (1,)))": 1.8150875256039456e-19,
    "(((2,), (0,)), ((1,), (0,)))": 1.8492754728027076e-16,
    "(((2,), (0,)), ((1,), (1,)))": 1.7778287191805392e-19,
    "(((2,), (0,)), ((2,), (0,)))": -0.0014965853047631704,
    "(((2,), (0,)), ((2,), (1,)))": 1.2443790884391618e-18,
    "(((2,), (0,)), ((3,), (0,)))": -9.144036079522702e-18,
    "(((2,), (0,)), ((3,), (1,)))": -9.986312131433433e-16,
    "(((2,), (0,)), ((4,), (0,)))": 2.2546846746029644e-18,
    "(((2,), (0,)), ((4,), (1,)))": -0.004617987071434341,
    "(((2,), (0,)), ((5,), (0,)))": -2.1361053133330185e-17,
    "(((2,), (0,)), ((5,), (1,)))": -8.00642164616717e-19,
    "(((2,), (0,)), ((6,), (0,)))": -0.0010220139051134525,
    "(((2,), (0,)), ((6,), (1,)))": -4.0596950027671093e-19,
    "(((2,), (0,)), ((7,), (0,)))": -9.465130967818691e-17,
    "(((2,), (0,)), ((7,), (1,)))": -3.877075629072238e-18,
    "(((2,), (1,)), ((0,), (0,)))": 3.9201231917500796e-19,
    "(((2,), (1,)), ((0,), (1,)))": -1.1285776416044343e-05,
    "(((2,), (1,)), ((1,), (0,)))": 3.829521516859012e-19,
    "(((2,), (1,)), ((1,), (1,)))": 1.9541036422926227e-17,
    "(((2,), (1,)), ((2,), (0,)))": 1.2443790884391371e-18,
    "(((2,), (1,)), ((2,), (1,)))": -0.005546253323984371,
    "(((2,), (1,)), ((3,), (0,)))": -2.526438466464221e-15,
    "(((2,), (1,)), ((3,), (1,)))": 9.826245173968274e-18,
    "(((2,), (1,)), ((4,), (0,)))": -0.010820236368058778,
    "(((2,), (1,)), ((4,), (1,)))": 7.80654183321307e-19,
    "(((2,), (1,)), ((5,), (0,)))": -3.53663196098457e-18,
    "(((2,), (1,)), ((5,), (1,)))": -4.4217858947623356e-16,
    "(((2,), (1,)), ((6,), (0,)))": -2.2710018299112415e-18,
    "(((2,), (1,)), ((6,), (1,)))": 0.003606475209246845,
    "(((2,), (1,)), ((7,), (0,)))": 6.14465157153561e-19,
    "(((2,), (1,)), ((7,), (1,)))": -9.98931460622224e-19,
    "(((3,), (0,)), ((0,), (0,)))": -1.894723232371182e-19,
    "(((3,), (0,)), ((0,), (1,)))": 8.106888628169741e-17,
    "(((3,), (0,)), ((1,), (0,)))": -1.1932054115952452e-19,
    "(((3,), (0,)), ((1,), (1,)))": -5.943605698025445e-19,
    "(((3,), (0,)), ((2,), (0,)))": -9.144036079522699e-18,
    "(((3,), (0,)), ((2,), (1,)))": -2.526906493971089e-15,