{
  "E": -14.654180444481588,
  "sol": {
    "((1, 1, 1), (1, 1, 1))": 0.9676389582446923,
    "((1, 1, 1), (1, 1, 0, 1))": 1.5265566588595902e-14,
    "((1, 1, 1), (1, 0, 1, 1))": -2.2752087966750065e-15,
    "((1, 1, 1), (0, 1, 1, 1))": -0.0005855900048831221,
    "((1, 1, 1), (1, 1, 0, 0, 1))": -1.170508212873794e-16,
    "((1, 1, 1), (1, 0, 1, 0, 1))": -3.645909637375889e-17,
    "((1, 1, 1), (0, 1, 1, 0, 1))": -4.7153367027163026e-17,
    "((1, 1, 1), (1, 0, 0, 1, 1))": -1.7391882455941263e-18,
    "((1, 1, 1), (0, 1, 0, 1, 1))": 1.9379431196206175e-18,
    "((1, 1, 1), (0, 0, 1, 1, 1))": -5.801099944875721e-19,
    "((1, 1, 0, 1), (1, 1, 1))": -5.266956775784915e-15,
    "((1, 1, 0, 1), (1, 1, 0, 1))": -0.17579475428995275,
    "((1, 1, 0, 1), (1, 0, 1, 1))": -0.0012548392178648926,
    "((1, 1, 0, 1), (0, 1, 1, 1))": 5.1313102023706155e-15,
    "((1, 1, 0, 1), (1, 1, 0, 0, 1))": -6.057987728421255e-17,
    "((1, 1, 0, 1), (1, 0, 1, 0, 1))": -1.9499987051320972e-18,
    "((1, 1, 0, 1), (0, 1, 1, 0, 1))": -7.099057428227825e-19,
    "((1, 1, 0, 1), (1, 0, 0, 1, 1))": 6.976746102712764e-18,
    "((1, 1, 0, 1), (0, 1, 0, 1, 1))": 8.984348813812425e-18,
    "((1, 1, 0, 1), (0, 0, 1, 1, 1))": 1.1343142972965234e-19,
    "((1, 0, 1, 1), (1, 1, 1))": -2.3069342154514255e-15,
    "((1, 0, 1, 1), (1, 1, 0, 1))": -0.001254839217864891,
    "((1, 0, 1, 1), (1, 0, 1, 1))": -0.0018475599280600083,
    "((1, 0, 1, 1), (0, 1, 1, 1))": -7.356137998688322e-17,
    "((1, 0, 1, 1), (1, 1, 0, 0, 1))": -1.6808024452262102e-18,
    "((1, 0, 1, 1), (1, 0, 1, 0, 1))": -4.3201866408513665e-19,
    "((1, 0, 1, 1), (0, 1, 1, 0, 1))": -8.57539721529885e-19,
    "((1, 0, 1, 1), (1, 0, 0, 1, 1))": -2.7563072477193807e-19,
    "((1, 0, 1, 1), (0, 1, 0, 1, 1))": 5.066322304505997e-20,
    "((1, 0, 1, 1), (0, 0, 1, 1, 1))": 9.747379962147025e-20,
    "((0, 1, 1, 1), (1, 1, 1))": -0.0005855900048832255,
    "((0, 1, 1, 1), (1, 1, 0, 1))": 5.1279523855310134e-15,
    "((0, 1, 1, 1), (1, 0, 1, 1))": -7.374105107339364e-17,
    "((0, 1, 1, 1), (0, 1, 1, 1))": -0.0018694449019276095,
    "((0, 1, 1, 1), (1, 1, 0, 0, 1))": -4.212256693896131e-19,
    "((0, 1, 1, 1), (1, 0, 1, 0, 1))": -6.18665302388913e-19,
    "((0, 1, 1, 1), (0, 1, 1, 0, 1))": -4.760892565868427e-19,
    "((0, 1, 1, 1), (1, 0, 0, 1, 1))": -6.390057164518659e-20,
    "((0, 1, 1, 1), (0, 1, 0, 1, 1))": -3.132004190333856e-19,
    "((0, 1, 1, 1), (0, 0, 1, 1, 1))": -9.043435520255972e-20,
    "((1, 1, 0, 0, 1), (1, 1, 1))": 2.393447604850911e-16,
    "((1, 1, 0, 0, 1), (1, 1, 0, 1))": -6.064395791657902e-17,
    "((1, 1, 0, 0, 1), (1, 0, 1, 1))": -1.6985647349410783e-18,
    "((1, 1, 0, 0, 1), (0, 1, 1, 1))": 7.616787190320238e-20,
    "((1, 1, 0, 0, 1), (1, 1, 0, 0, 1))": -0.18095922568626752,
    "((1, 1, 0, 0, 1), (1, 0, 1, 0, 1))": 0.0024561552115268366,
    "((1, 1, 0, 0, 1), (0, 1, 1, 0, 1))": -9.988547016690241e-15,
    "((1, 1, 0, 0, 1), (1, 0, 0, 1, 1))": -1.9858542133572013e-15,
    "((1, 1, 0, 0, 1), (0, 1, 0, 1, 1))": -0.0005067245842670275,
    "((1, 1, 0, 0, 1), (0, 0, 1, 1, 1))": -1.7564073148494386e-06,
    "((1, 0, 1, 0, 1), (1, 1, 1))": -3.9038447776264886e-17,
    "((1, 0, 1, 0, 1), (1, 1, 0, 1))": -1.9834637533539837e-18,
    "((1, 0, 1, 0, 1), (1, 0, 1, 1))": -4.3362683882052014e-19,
    "((1, 0, 1, 0, 1), (0, 1, 1, 1))": 2.0150445163534722e-19,
    "((1, 0, 1, 0, 1), (1, 1, 0, 0, 1))": 0.0024561552115268614,
    "((1, 0, 1, 0, 1), (1, 0, 1, 0, 1))": -0.00030123237940203937,
    "((1, 0, 1, 0, 1), (0, 1, 1, 0, 1))": 1.155080074203557e-16,
    "((1, 0, 1, 0, 1), (1, 0, 0, 1, 1))": 3.1811495324000936e-15,
    "((1, 0, 1, 0, 1), (0, 1, 0, 1, 1))": 0.0003921083578995316,
    "((1, 0, 1, 0, 1), (0, 0, 1, 1, 1))": -4.2990198643491045e-06,
    "((0, 1, 1, 0, 1), (1, 1, 1))": -4.754113026504842e-17,
    "((0, 1, 1, 0, 1), (1, 1, 0, 1))": -8.76178316877963e-19,
    "((0, 1, 1, 0, 1), (1, 0, 1, 1))": -3.258268843527045e-20,
    "((0, 1, 1, 0, 1), (0, 1, 1, 1))": -4.7867010022433525e-19,
    "((0, 1, 1, 0, 1), (1, 1, 0, 0, 1))": -9.95094072380891e-15,
    "((0, 1, 1, 0, 1), (1, 0, 1, 0, 1))": 1.160690211502157e-16,
    "((0, 1, 1, 0, 1), (0, 1, 1, 0, 1))": -0.0002734033916382136,
    "((0, 1, 1, 0, 1), (1, 0, 0, 1, 1))": 0.00039386476521438075,
    "((0, 1, 1, 0, 1), (0, 1, 0, 1, 1))": -3.2060726839674315e-15,
    "((0, 1, 1, 0, 1), (0, 0, 1, 1, 1))": 1.749005061775199e-17,
    "((1, 0, 0, 1, 1), (1, 1, 1))": -3.084773143810266e-19,
    "((1, 0, 0, 1, 1), (1, 1, 0, 1))": 7.203619848765311e-18,
    "((1, 0, 0, 1, 1), (1, 0, 1, 1))": 5.553829806273349e-19,
    "((1, 0, 0, 1, 1), (0, 1, 1, 1))": -4.521787779397992e-20,
    "((1, 0, 0, 1, 1), (1, 1, 0, 0, 1))": -2.052855472022127e-15,
    "((1, 0, 0, 1, 1), (1, 0, 1, 0, 1))": 3.1980978382619963e-15,
    "((1, 0, 0, 1, 1), (0, 1, 1, 0, 1))": 0.00039386476521438086,
    "((1, 0, 0, 1, 1), (1, 0, 0, 1, 1))": 0.0005983296028898289,
    "((1, 0, 0, 1, 1), (0, 1, 0, 1, 1))": -4.213207467361061e-17,
    "((1, 0, 0, 1, 1), (0, 0, 1, 1, 1))": -1.2524647194386872e-17,
    "((0, 1, 0, 1, 1), (1, 1, 1))": -1.131837782759877e-19,
    "((0, 1, 0, 1, 1), (1, 1, 0, 1))": 9.032531379900222e-18,
    "((0, 1, 0, 1, 1), (1, 0, 1, 1))": 6.74444091672748e-20,
    "((0, 1, 0, 1, 1), (0, 1, 1, 1))": 5.254389739666191e-19,
    "((0, 1, 0, 1, 1), (1, 1, 0, 0, 1))": -0.0005067245842670353,
    "((0, 1, 0, 1, 1), (1, 0, 1, 0, 1))": 0.0003921083578995325,
    "((0, 1, 0, 1, 1), (0, 1, 1, 0, 1))": -3.190395721098444e-15,
    "((0, 1, 0, 1, 1), (1, 0, 0, 1, 1))": -4.211227199422411e-17,
    "((0, 1, 0, 1, 1), (0, 1, 0, 1, 1))": 0.0005881055854118279,
    "((0, 1, 0, 1, 1), (0, 0, 1, 1, 1))": -3.118762972930905e-06,
    "((0, 0, 1, 1, 1), (1, 1, 1))": -2.379332751216203e-19,
    "((0, 0, 1, 1, 1), (1, 1, 0, 1))": 1.127103012162216e-19,
    "((0, 0, 1, 1, 1), (1, 0, 1, 1))": 9.63589506246827e-20,
    "((0, 0, 1, 1, 1), (0, 1, 1, 1))": -8.832268308209895e-20,
    "((0, 0, 1, 1, 1), (1, 1, 0, 0, 1))": -1.7564073148492593e-06,
    "((0, 0, 1, 1, 1), (1, 0, 1, 0, 1))": -4.299019864349159e-06,
    "((0, 0, 1, 1, 1), (0, 1, 1, 0, 1))": 1.752445044182464e-17,
    "((0, 0, 1, 1, 1), (1, 0, 0, 1, 1))": -1.2579233647301884e-17,
    "((0, 0, 1, 1, 1), (0, 1, 0, 1, 1))": -3.1187629729309888e-06,
    "((0, 0, 1, 1, 1), (0, 0, 1, 1, 1))": -1.1812624342579469e-06
  }
}