{
  "E": -14.654172026184561,
  "sol": {
    "(((), ()), ((), ()))": 0.9676757286293851,
    "(((0,), (0,)), ((), ()))": -0.0005739657181121156,
    "(((), ()), ((0,), (0,)))": -0.0005739657181121156,
    "(((0,), (1,)), ((), ()))": -4.7395685909422916e-17,
    "(((), ()), ((0,), (1,)))": -4.7395685909422916e-17,
    "(((1,), (0,)), ((), ()))": -2.153352440544766e-15,
    "(((), ()), ((1,), (0,)))": -2.153352440544766e-15,
    "(((1,), (1,)), ((), ()))": -3.8541722330622336e-17,
    "(((), ()), ((1,), (1,)))": -3.8541722330622336e-17,
    "(((2,), (0,)), ((), ()))": 1.0986228327665293e-15,
    "(((), ()), ((2,), (0,)))": 1.0986228327665293e-15,
    "(((2,), (1,)), ((), ()))": 1.3326859016074974e-16,
    "(((), ()), ((2,), (1,)))": 1.3326859016074974e-16,
    "(((0,), (0,)), ((0,), (0,)))": -0.0018647776633945868,
    "(((0,), (0,)), ((0,), (1,)))": -4.792039697343982e-19,
    "(((0,), (0,)), ((1,), (0,)))": -9.120569423818689e-17,
    "(((0,), (0,)), ((1,), (1,)))": -6.230355205926567e-20,
    "(((0,), (0,)), ((2,), (0,)))": 5.119903093331311e-15,
    "(((0,), (0,)), ((2,), (1,)))": -5.73398705183131e-20,
    "(((0,), (1,)), ((0,), (0,)))": -4.792039697343985e-19,
    "(((0,), (1,)), ((0,), (1,)))": -0.00029316510180990693,
    "(((0,), (1,)), ((1,), (0,)))": -2.915682354281865e-19,
    "(((0,), (1,)), ((1,), (1,)))": 1.2043805803621683e-16,
    "(((0,), (1,)), ((2,), (0,)))": -7.319187492983354e-19,
    "(((0,), (1,)), ((2,), (1,)))": -1.0137886280704769e-14,
    "(((1,), (0,)), ((0,), (0,)))": -9.075882340734404e-17,
    "(((1,), (0,)), ((0,), (1,)))": -2.915682354281874e-19,
    "(((1,), (0,)), ((1,), (0,)))": -0.001842782902588669,
    "(((1,), (0,)), ((1,), (1,)))": -4.207966122868673e-19,
    "(((1,), (0,)), ((2,), (0,)))": -0.001253920312528666,
    "(((1,), (0,)), ((2,), (1,)))": -1.6358793655407434e-18,
    "(((1,), (1,)), ((0,), (0,)))": -6.2303552059265e-20,
    "(((1,), (1,)), ((0,), (1,)))": 1.203866573460004e-16,
    "(((1,), (1,)), ((1,), (0,)))": -4.207966122868666e-19,
    "(((1,), (1,)), ((1,), (1,)))": -0.0003221174960395351,
    "(((1,), (1,)), ((2,), (0,)))": -2.2702852435694078e-18,
    "(((1,), (1,)), ((2,), (1,)))": 0.0024975209895087363,
    "(((2,), (0,)), ((0,), (0,)))": 5.121321277265933e-15,
    "(((2,), (0,)), ((0,), (1,)))": -7.319187492983362e-19,
    "(((2,), (0,)), ((1,), (0,)))": -0.0012539203125286676,
    "(((2,), (0,)), ((1,), (1,)))": -2.27028524356941e-18,
    "(((2,), (0,)), ((2,), (0,)))": -0.17577874380884348,
    "(((2,), (0,)), ((2,), (1,)))": -6.113294406187851e-17,
    "(((2,), (1,)), ((0,), (0,)))": -5.733987051830732e-20,
    "(((2,), (1,)), ((0,), (1,)))": -1.0137523191333898e-14,
    "(((2,), (1,)), ((1,), (0,)))": -1.6358793655407415e-18,
    "(((2,), (1,)), ((1,), (1,)))": 0.002497520989508736,
    "(((2,), (1,)), ((2,), (0,)))": -6.113294406187854e-17,
    "(((2,), (1,)), ((2,), (1,)))": -0.18078212237048796
  }
}