{
  "E": -15.517141649972082,
  "sol": {
    "(((), ()), ((), ()))": 0.9684893313304831,
    "(((0,), (0,)), ((), ()))": -1.113105931793752e-19,
    "(((), ()), ((0,), (0,)))": -1.113105931793752e-19,
    "(((0,), (1,)), ((), ()))": -2.9361773291946516e-19,
    "(((), ()), ((0,), (1,)))": -2.9361773291946516e-19,
    "(((0,), (2,)), ((), ()))": 0.0003299149675709252,
    "(((), ()), ((0,), (2,)))": 0.0003299149675709252,
    "(((0,), (3,)), ((), ()))": 6.331858217124261e-18,
    "(((), ()), ((0,), (3,)))": 6.331858217124261e-18,
    "(((1,), (0,)), ((), ()))": -4.74650980537381e-17,
    "(((), ()), ((1,), (0,)))": -4.74650980537381e-17,
    "(((1,), (1,)), ((), ()))": 2.3763320976187764e-16,
    "(((), ()), ((1,), (1,)))": 2.3763320976187764e-16,
    "(((1,), (2,)), ((), ()))": -0.015473252855724212,
    "(((), ()), ((1,), (2,)))": -0.015473252855724212,
    "(((1,), (3,)), ((), ()))": -2.2124638678255614e-17,
    "(((), ()), ((1,), (3,)))": -2.2124638678255614e-17,
    "(((2,), (0,)), ((), ()))": -3.847429441258899e-18,
    "(((), ()), ((2,), (0,)))": -3.847429441258899e-18,
    "(((2,), (1,)), ((), ()))": -2.3559317171595597e-17,
    "(((), ()), ((2,), (1,)))": -2.3559317171595597e-17,
    "(((2,), (2,)), ((), ()))": -1.4709075252888292e-17,
    "(((), ()), ((2,), (2,)))": -1.4709075252888292e-17,
    "(((2,), (3,)), ((), ()))": -0.004381672458173984,
    "(((), ()), ((2,), (3,)))": -0.004381672458173984,
    "(((0,), (0,)), ((0,), (0,)))": -0.0014768833731620184,
    "(((0,), (0,)), ((0,), (1,)))": 2.4558787303022974e-19,
    "(((0,), (0,)), ((0,), (2,)))": -7.943713500192405e-20,
    "(((0,), (0,)), ((0,), (3,)))": -5.552871035594027e-20,
    "(((0,), (0,)), ((1,), (0,)))": 0.0029916517181244415,
    "(((0,), (0,)), ((1,), (1,)))": 5.005362682417301e-19,
    "(((0,), (0,)), ((1,), (2,)))": -8.735567097568332e-20,
    "(((0,), (0,)), ((1,), (3,)))": 1.0803149807512281e-19,
    "(((0,), (0,)), ((2,), (0,)))": 6.6073408341535105e-19,
    "(((0,), (0,)), ((2,), (1,)))": 1.4406585518116334e-20,
    "(((0,), (0,)), ((2,), (2,)))": 1.164530865033524e-19,
    "(((0,), (0,)), ((2,), (3,)))": -4.379665771002028e-19,
    "(((0,), (1,)), ((0,), (0,)))": -6.614088920070292e-19,
    "(((0,), (1,)), ((0,), (1,)))": -0.0014768833731620184,
    "(((0,), (1,)), ((0,), (2,)))": 5.677016367014887e-19,
    "(((0,), (1,)), ((0,), (3,)))": 2.6211115925868076e-19,
    "(((0,), (1,)), ((1,), (0,)))": 4.562622563104864e-19,
    "(((0,), (1,)), ((1,), (1,)))": 0.0029916517181244424,
    "(((0,), (1,)), ((1,), (2,)))": 4.664170782087874e-18,
    "(((0,), (1,)), ((1,), (3,)))": -6.153186764150009e-19,
    "(((0,), (1,)), ((2,), (0,)))": -2.657658577808092e-20,
    "(((0,), (1,)), ((2,), (1,)))": 6.358889797819176e-19,
    "(((0,), (1,)), ((2,), (2,)))": 2.013043200049535e-19,
    "(((0,), (1,)), ((2,), (3,)))": -2.4912305784068367e-19,
    "(((0,), (2,)), ((0,), (0,)))": -7.943713500192405e-20,
    "(((0,), (2,)), ((0,), (1,)))": 5.6770163670148335e-19,
    "(((0,), (2,)), ((0,), (2,)))": -0.0019997513102649614,
    "(((0,), (2,)), ((0,), (3,)))": -1.9211886738984725e-18,
    "(((0,), (2,)), ((1,), (0,)))": -2.719886114461968e-20,
    "(((0,), (2,)), ((1,), (1,)))": 4.880036879968751e-18,
    "(((0,), (2,)), ((1,), (2,)))": -0.0010364231288268288,
    "(((0,), (2,)), ((1,), (3,)))": 7.727672645728597e-18,
    "(((0,), (2,)), ((2,), (0,)))": -3.478716438930185e-20,
    "(((0,), (2,)), ((2,), (1,)))": -4.7799680744200943e-20,
    "(((0,), (2,)), ((2,), (2,)))": -2.4997835951448063e-17,
    "(((0,), (2,)), ((2,), (3,)))": 0.00042169143601203775,
    "(((0,), (3,)), ((0,), (0,)))": -5.552871035593986e-20,
    "(((0,), (3,)), ((0,), (1,)))": 2.621111592586818e-19,
    "(((0,), (3,)), ((0,), (2,)))": -2.477793767955201e-18,
    "(((0,), (3,)), ((0,), (3,)))": -0.0013469002889142556,
    "(((0,), (3,)), ((1,), (0,)))": 1.2493369967613462e-19,
    "(((0,), (3,)), ((1,), (1,)))": -5.52851113423726e-19,
    "(((0,), (3,)), ((1,), (2,)))": 2.8840544050299283e-18,
    "(((0,), (3,)), ((1,), (3,)))": 0.0016703843297873173,
    "(((0,), (3,)), ((2,), (0,)))": -1.7111772624335449e-19,
    "(((0,), (3,)), ((2,), (1,)))": 1.3960405967116025e-19,
    "(((0,), (3,)), ((2,), (2,)))": -7.018622343589844e-05,
    "(((0,), (3,)), ((2,), (3,)))": 1.2048231317313004e-18,
    "(((1,), (0,)), ((0,), (0,)))": 0.0029916517181244415,
    "(((1,), (0,)), ((0,), (1,)))": 1.073325404013546e-18,
    "(((1,), (0,)), ((0,), (2,)))": -2.719886114462064e-20,
    "(((1,), (0,)), ((0,), (3,)))": 1.249336996761345e-19,
    "(((1,), (0,)), ((1,), (0,)))": -0.05223862752901398,
    "(((1,), (0,)), ((1,), (1,)))": -1.7313931958087766e-17,
    "(((1,), (0,)), ((1,), (2,)))": 1.2400302242549991e-17,
    "(((1,), (0,)), ((1,), (3,)))": -2.3518943168949176e-19,
    "(((1,), (0,)), ((2,), (0,)))": 6.496169788441061e-17,
    "(((1,), (0,)), ((2,), (1,)))": -2.509284046804734e-19,
    "(((1,), (0,)), ((2,), (2,)))": -5.110710940958357e-18,
    "(((1,), (0,)), ((2,), (3,)))": 7.954367759283625e-19,
    "(((1,), (1,)), ((0,), (0,)))": 1.3575652090049975e-20,
    "(((1,), (1,)), ((0,), (1,)))": 0.0029916517181244424,
    "(((1,), (1,)), ((0,), (2,)))": 4.880036879968757e-18,
    "(((1,), (1,)), ((0,), (3,)))": -5.528511134237262e-19,
    "(((1,), (1,)), ((1,), (0,)))": -1.527697600588693e-17,
    "(((1,), (1,)), ((1,), (1,)))": -0.05223862752901405,
    "(((1,), (1,)), ((1,), (2,)))": 3.103085691054025e-17,
    "(((1,), (1,)), ((1,), (3,)))": 1.1275721544462897e-17,
    "(((1,), (1,)), ((2,), (0,)))": 4.792072135001302e-19,
    "(((1,), (1,)), ((2,), (1,)))": 6.482960053196034e-17,
    "(((1,), (1,)), ((2,), (2,)))": -4.60888044729778e-18,
    "(((1,), (1,)), ((2,), (3,)))": -9.800250465905016e-17,
    "(((1,), (2,)), ((0,), (0,)))": -8.735567097568158e-20,
    "(((1,), (2,)), ((0,), (1,)))": 4.664170782087868e-18,
    "(((1,), (2,)), ((0,), (2,)))": -0.0010364231288268297,
    "(((1,), (2,)), ((0,), (3,)))": 2.016949108572399e-18,
    "(((1,), (2,)), ((1,), (0,)))": 1.2400302242550002e-17,
    "(((1,), (2,)), ((1,), (1,)))": 3.103085691054026e-17,
    "(((1,), (2,)), ((1,), (2,)))": -0.08771969201851418,
    "(((1,), (2,)), ((1,), (3,)))": 1.9310425786918165e-16,
    "(((1,), (2,)), ((2,), (0,)))": -5.648936305006746e-18,
    "(((1,), (2,)), ((2,), (1,)))": -5.39362192186354e-18,
    "(((1,), (2,)), ((2,), (2,)))": 7.899598851345043e-17,
    "(((1,), (2,)), ((2,), (3,)))": 0.08307811722510053,
    "(((1,), (3,)), ((0,), (0,)))": 1.080314980751227e-19,
    "(((1,), (3,)), ((0,), (1,)))": -6.153186764150032e-19,
    "(((1,), (3,)), ((0,), (2,)))": 1.0127529010020263e-17,
    "(((1,), (3,)), ((0,), (3,)))": 0.0016703843297873173,
    "(((1,), (3,)), ((1,), (0,)))": -2.3518943168949436e-19,
    "(((1,), (3,)), ((1,), (1,)))": 1.1275721544462906e-17,
    "(((1,), (3,)), ((1,), (2,)))": 1.5858449244197734e-16,
    "(((1,), (3,)), ((1,), (3,)))": -0.04739751504111933,
    "(((1,), (3,)), ((2,), (0,)))": -3.783464912868778e-20,
    "(((1,), (3,)), ((2,), (1,)))": -7.757665153659889e-17,
    "(((1,), (3,)), ((2,), (2,)))": 0.06928485919342832,
    "(((1,), (3,)), ((2,), (3,)))": 1.0095558781485602e-17,
    "(((2,), (0,)), ((0,), (0,)))": 6.971304911350044e-19,
    "(((2,), (0,)), ((0,), (1,)))": 2.4627188508393563e-20,
    "(((2,), (0,)), ((0,), (2,)))": -3.478716438930168e-20,
    "(((2,), (0,)), ((0,), (3,)))": -1.7111772624335427e-19,
    "(((2,), (0,)), ((1,), (0,)))": 6.427711404998023e-17,
    "(((2,), (0,)), ((1,), (1,)))": -4.380844486995975e-19,
    "(((2,), (0,)), ((1,), (2,)))": -5.6489363050067475e-18,
    "(((2,), (0,)), ((1,), (3,)))": -3.783464912869317e-20,
    "(((2,), (0,)), ((2,), (0,)))": 0.006259201777378168,
    "(((2,), (0,)), ((2,), (1,)))": 2.326932933145088e-18,
    "(((2,), (0,)), ((2,), (2,)))": -7.06425409887725e-18,
    "(((2,), (0,)), ((2,), (3,)))": 5.684824521463651e-18,
    "(((2,), (1,)), ((0,), (0,)))": -3.095161048248283e-20,
    "(((2,), (1,)), ((0,), (1,)))": 6.914448331463202e-19,