{
  "E": -15.555358657664797,
  "sol": {
    "(((), ()), ((), ()))": 0.9775777287314058,
    "(((0,), (0,)), ((), ()))": 2.460490556500218e-18,
    "(((), ()), ((0,), (0,)))": 2.460490556500218e-18,
    "(((0,), (1,)), ((), ()))": -6.452833719252481e-18,
    "(((), ()), ((0,), (1,)))": -6.452833719252481e-18,
    "(((0,), (2,)), ((), ()))": 0.00030871908114924357,
    "(((), ()), ((0,), (2,)))": 0.00030871908114924357,
    "(((0,), (3,)), ((), ()))": 0.00013487136113608808,
    "(((), ()), ((0,), (3,)))": 0.00013487136113608808,
    "(((1,), (0,)), ((), ()))": 9.119238727094982e-17,
    "(((), ()), ((1,), (0,)))": 9.119238727094982e-17,
    "(((1,), (1,)), ((), ()))": 3.619347679119083e-17,
    "(((), ()), ((1,), (1,)))": 3.619347679119083e-17,
    "(((1,), (2,)), ((), ()))": -0.010648008426254622,
    "(((), ()), ((1,), (2,)))": -0.010648008426254622,
    "(((1,), (3,)), ((), ()))": 0.0001103129053258213,
    "(((), ()), ((1,), (3,)))": 0.0001103129053258213,
    "(((2,), (0,)), ((), ()))": -1.5063235307250092e-17,
    "(((), ()), ((2,), (0,)))": -1.5063235307250092e-17,
    "(((2,), (1,)), ((), ()))": -1.1052759815115873e-17,
    "(((), ()), ((2,), (1,)))": -1.1052759815115873e-17,
    "(((2,), (2,)), ((), ()))": 0.0066285048595525085,
    "(((), ()), ((2,), (2,)))": 0.0066285048595525085,
    "(((2,), (3,)), ((), ()))": 0.004057524020191158,
    "(((), ()), ((2,), (3,)))": 0.004057524020191158,
    "(((0,), (0,)), ((0,), (0,)))": -0.0014924624938275177,
    "(((0,), (0,)), ((0,), (1,)))": -1.2883683278628857e-19,
    "(((0,), (0,)), ((0,), (2,)))": 5.375187171788113e-20,
    "(((0,), (0,)), ((0,), (3,)))": -1.3620628555856421e-19,
    "(((0,), (0,)), ((1,), (0,)))": 0.0026270867383624795,
    "(((0,), (0,)), ((1,), (1,)))": 2.190898406740305e-19,
    "(((0,), (0,)), ((1,), (2,)))": 7.759178737974233e-19,
    "(((0,), (0,)), ((1,), (3,)))": 5.715705236654908e-19,
    "(((0,), (0,)), ((2,), (0,)))": -0.0015133309575323362,
    "(((0,), (0,)), ((2,), (1,)))": -1.1525015880689622e-19,
    "(((0,), (0,)), ((2,), (2,)))": -7.44877236357917e-19,
    "(((0,), (0,)), ((2,), (3,)))": -1.9317269929613795e-20,
    "(((0,), (1,)), ((0,), (0,)))": -8.327527218889798e-20,
    "(((0,), (1,)), ((0,), (1,)))": -0.0014924624938275166,
    "(((0,), (1,)), ((0,), (2,)))": -4.2795847399119697e-19,
    "(((0,), (1,)), ((0,), (3,)))": 2.893086387623283e-19,
    "(((0,), (1,)), ((1,), (0,)))": 1.8694921948857477e-19,
    "(((0,), (1,)), ((1,), (1,)))": 0.0026270867383624795,
    "(((0,), (1,)), ((1,), (2,)))": -1.3230602948580443e-18,
    "(((0,), (1,)), ((1,), (3,)))": -7.810412050176679e-19,
    "(((0,), (1,)), ((2,), (0,)))": -1.0173698884493619e-19,
    "(((0,), (1,)), ((2,), (1,)))": -0.0015133309575323356,
    "(((0,), (1,)), ((2,), (2,)))": 1.195834476363236e-18,
    "(((0,), (1,)), ((2,), (3,)))": 9.329302131135583e-19,
    "(((0,), (2,)), ((0,), (0,)))": 5.375187171788113e-20,
    "(((0,), (2,)), ((0,), (1,)))": -4.279584739911949e-19,
    "(((0,), (2,)), ((0,), (2,)))": -0.001915276341485948,
    "(((0,), (2,)), ((0,), (3,)))": -0.00012231659456417011,
    "(((0,), (2,)), ((1,), (0,)))": 9.20052747964275e-19,
    "(((0,), (2,)), ((1,), (1,)))": -1.1533644078664577e-18,
    "(((0,), (2,)), ((1,), (2,)))": -0.0005339633800777982,
    "(((0,), (2,)), ((1,), (3,)))": -0.0006642307298542941,
    "(((0,), (2,)), ((2,), (0,)))": -5.655699443467853e-19,
    "(((0,), (2,)), ((2,), (1,)))": 5.132940921586389e-19,
    "(((0,), (2,)), ((2,), (2,)))": 0.0005118212850263775,
    "(((0,), (2,)), ((2,), (3,)))": 4.134662735504741e-05,
    "(((0,), (3,)), ((0,), (0,)))": -1.3620628555856397e-19,
    "(((0,), (3,)), ((0,), (1,)))": 2.893086387623284e-19,
    "(((0,), (3,)), ((0,), (2,)))": -0.00012231659456417106,
    "(((0,), (3,)), ((0,), (3,)))": -0.0015679551926539035,
    "(((0,), (3,)), ((1,), (0,)))": 5.741452088563616e-19,
    "(((0,), (3,)), ((1,), (1,)))": -8.711864998662011e-19,
    "(((0,), (3,)), ((1,), (2,)))": -0.0006472255122958688,
    "(((0,), (3,)), ((1,), (3,)))": 0.0008483783718573593,
    "(((0,), (3,)), ((2,), (0,)))": -1.8888913954361763e-19,
    "(((0,), (3,)), ((2,), (1,)))": 6.964242415423242e-19,
    "(((0,), (3,)), ((2,), (2,)))": 0.00037397209239931853,
    "(((0,), (3,)), ((2,), (3,)))": -0.001036408359128941,
    "(((1,), (0,)), ((0,), (0,)))": 0.00262708673836248,
    "(((1,), (0,)), ((0,), (1,)))": 2.815371319296052e-19,
    "(((1,), (0,)), ((0,), (2,)))": 9.200527479642749e-19,
    "(((1,), (0,)), ((0,), (3,)))": 5.741452088563616e-19,
    "(((1,), (0,)), ((1,), (0,)))": -0.03934462944305203,
    "(((1,), (0,)), ((1,), (1,)))": -3.2445179545344967e-18,
    "(((1,), (0,)), ((1,), (2,)))": 1.9056260563018715e-18,
    "(((1,), (0,)), ((1,), (3,)))": 7.395616138720986e-18,
    "(((1,), (0,)), ((2,), (0,)))": 0.023122078531498325,
    "(((1,), (0,)), ((2,), (1,)))": 1.6283831305365106e-18,
    "(((1,), (0,)), ((2,), (2,)))": 4.8776808500036046e-18,
    "(((1,), (0,)), ((2,), (3,)))": 1.0693609820367129e-17,
    "(((1,), (1,)), ((0,), (0,)))": 1.1366086008237152e-19,
    "(((1,), (1,)), ((0,), (1,)))": 0.0026270867383624795,
    "(((1,), (1,)), ((0,), (2,)))": -1.153364407866459e-18,
    "(((1,), (1,)), ((0,), (3,)))": -8.71186499866201e-19,
    "(((1,), (1,)), ((1,), (0,)))": -3.224011608599359e-18,
    "(((1,), (1,)), ((1,), (1,)))": -0.03934462944305203,
    "(((1,), (1,)), ((1,), (2,)))": 3.8825699861985846e-19,
    "(((1,), (1,)), ((1,), (3,)))": -1.3276062153922222e-17,
    "(((1,), (1,)), ((2,), (0,)))": 1.7601048211515736e-18,
    "(((1,), (1,)), ((2,), (1,)))": 0.02312207853149833,
    "(((1,), (1,)), ((2,), (2,)))": -2.4359442254810597e-17,
    "(((1,), (1,)), ((2,), (3,)))": -2.181183035167134e-17,
    "(((1,), (2,)), ((0,), (0,)))": 7.759178737974244e-19,
    "(((1,), (2,)), ((0,), (1,)))": -1.323060294858046e-18,
    "(((1,), (2,)), ((0,), (2,)))": -0.0005339633800778008,
    "(((1,), (2,)), ((0,), (3,)))": -0.0006472255122958692,
    "(((1,), (2,)), ((1,), (0,)))": 1.9056260563018692e-18,
    "(((1,), (2,)), ((1,), (1,)))": 3.8825699861987464e-19,
    "(((1,), (2,)), ((1,), (2,)))": -0.04127400637798249,
    "(((1,), (2,)), ((1,), (3,)))": -0.04153668473936554,
    "(((1,), (2,)), ((2,), (0,)))": 4.9205412541637616e-18,
    "(((1,), (2,)), ((2,), (1,)))": -2.2504907015071168e-17,
    "(((1,), (2,)), ((2,), (2,)))": 0.011189854735994393,
    "(((1,), (2,)), ((2,), (3,)))": -0.028160059658140828,
    "(((1,), (3,)), ((0,), (0,)))": 5.715705236654905e-19,
    "(((1,), (3,)), ((0,), (1,)))": -7.810412050176677e-19,
    "(((1,), (3,)), ((0,), (2,)))": -0.0006642307298542941,
    "(((1,), (3,)), ((0,), (3,)))": 0.0008483783718573594,
    "(((1,), (3,)), ((1,), (0,)))": 7.395616138720983e-18,
    "(((1,), (3,)), ((1,), (1,)))": -1.3276062153922204e-17,
    "(((1,), (3,)), ((1,), (2,)))": -0.041536684739365504,
    "(((1,), (3,)), ((1,), (3,)))": -0.05310010949386367,
    "(((1,), (3,)), ((2,), (0,)))": 7.700723121838723e-18,
    "(((1,), (3,)), ((2,), (1,)))": -1.959123371821679e-17,
    "(((1,), (3,)), ((2,), (2,)))": -0.01901690130821468,
    "(((1,), (3,)), ((2,), (3,)))": -0.01505257685764809,
    "(((2,), (0,)), ((0,), (0,)))": -0.001513330957532336,
    "(((2,), (0,)), ((0,), (1,)))": -1.9462930271841903e-19,
    "(((2,), (0,)), ((0,), (2,)))": -5.655699443467854e-19,
    "(((2,), (0,)), ((0,), (3,)))": -1.8888913954361676e-19,
    "(((2,), (0,)), ((1,), (0,)))": 0.023122078531498325,
    "(((2,), (0,)), ((1,), (1,)))": 1.9673192379711683e-18,
    "(((2,), (0,)), ((1,), (2,)))": 4.920541254163764e-18,
    "(((2,), (0,)), ((1,), (3,)))": 7.700723121838725e-18,
    "(((2,), (0,)), ((2,), (0,)))": -0.010255123969001021,
    "(((2,), (0,)), ((2,), (1,)))": -3.0529184349109407e-19,
    "(((2,), (0,)), ((2,), (2,)))": 2.564094965859882e-17,
    "(((2,), (0,)), ((2,), (3,)))": -8.815525186491065e-18,
    "(((2,), (1,)), ((0,), (0,)))": -1.513099114179362e-20,
    "(((2,), (1,)), ((0,), (1,)))": -0.0015133309575323358,