{
  "E": -14.588146437381333,
  "sol": {
    "((1, 1, 1), (1, 1, 1))": 0.8916765461471907,
    "((1, 1, 1), (1, 1, 0, 1))": 2.9753977059954195e-14,
    "((1, 1, 1), (1, 0, 1, 1))": -1.591671002462064e-16,
    "((1, 1, 1), (0, 1, 1, 1))": -1.0486988514174722e-16,
    "((1, 1, 1), (1, 1, 0, 0, 1))": -2.9090666261026036e-16,
    "((1, 1, 1), (1, 0, 1, 0, 1))": -3.980779713620539e-18,
    "((1, 1, 1), (0, 1, 1, 0, 1))": -5.056086442931718e-18,
    "((1, 1, 1), (1, 0, 0, 1, 1))": 5.7823783921576955e-19,
    "((1, 1, 1), (0, 1, 0, 1, 1))": -2.268416251322918e-19,
    "((1, 1, 1), (0, 0, 1, 1, 1))": -9.252982969057004e-20,
    "((1, 1, 0, 1), (1, 1, 1))": -1.97571844166107e-14,
    "((1, 1, 0, 1), (1, 1, 0, 1))": -0.3200582012547961,
    "((1, 1, 0, 1), (1, 0, 1, 1))": 2.7255359242367758e-17,
    "((1, 1, 0, 1), (0, 1, 1, 1))": -0.0030437539008363363,
    "((1, 1, 0, 1), (1, 1, 0, 0, 1))": 2.3312826432686634e-16,
    "((1, 1, 0, 1), (1, 0, 1, 0, 1))": -1.1074346883864605e-20,
    "((1, 1, 0, 1), (0, 1, 1, 0, 1))": 5.674801877017642e-20,
    "((1, 1, 0, 1), (1, 0, 0, 1, 1))": 6.222388168914599e-18,
    "((1, 1, 0, 1), (0, 1, 0, 1, 1))": 1.2615135949658125e-18,
    "((1, 1, 0, 1), (0, 0, 1, 1, 1))": 1.4565752786989995e-20,
    "((1, 0, 1, 1), (1, 1, 1))": 1.6677237136473126e-17,
    "((1, 0, 1, 1), (1, 1, 0, 1))": 4.236346491751469e-17,
    "((1, 0, 1, 1), (1, 0, 1, 1))": 0.0006139502584153678,
    "((1, 0, 1, 1), (0, 1, 1, 1))": 8.513767950484591e-18,
    "((1, 0, 1, 1), (1, 1, 0, 0, 1))": -8.102377410535767e-19,
    "((1, 0, 1, 1), (1, 0, 1, 0, 1))": -8.99604892783277e-19,
    "((1, 0, 1, 1), (0, 1, 1, 0, 1))": -7.222441051114555e-19,
    "((1, 0, 1, 1), (1, 0, 0, 1, 1))": 5.146069357082132e-19,
    "((1, 0, 1, 1), (0, 1, 0, 1, 1))": 4.552554614212231e-18,
    "((1, 0, 1, 1), (0, 0, 1, 1, 1))": -6.796041220531887e-21,
    "((0, 1, 1, 1), (1, 1, 1))": -1.2231445596237305e-17,
    "((0, 1, 1, 1), (1, 1, 0, 1))": -0.0030437539008363744,
    "((0, 1, 1, 1), (1, 0, 1, 1))": 7.850314315394808e-18,
    "((0, 1, 1, 1), (0, 1, 1, 1))": 0.00025105164764489395,
    "((0, 1, 1, 1), (1, 1, 0, 0, 1))": -4.062692611757938e-19,
    "((0, 1, 1, 1), (1, 0, 1, 0, 1))": -6.375695573493975e-19,
    "((0, 1, 1, 1), (0, 1, 1, 0, 1))": -7.712367019000626e-19,
    "((0, 1, 1, 1), (1, 0, 0, 1, 1))": 4.5381373428436835e-18,
    "((0, 1, 1, 1), (0, 1, 0, 1, 1))": 3.8047922654741656e-19,
    "((0, 1, 1, 1), (0, 0, 1, 1, 1))": 2.599406844815709e-20,
    "((1, 1, 0, 0, 1), (1, 1, 1))": -6.553915071863317e-16,
    "((1, 1, 0, 0, 1), (1, 1, 0, 1))": 2.49717023316748e-16,
    "((1, 1, 0, 0, 1), (1, 0, 1, 1))": -4.2816814044292214e-19,
    "((1, 1, 0, 0, 1), (0, 1, 1, 1))": -1.2020219562984308e-19,
    "((1, 1, 0, 0, 1), (1, 1, 0, 0, 1))": -0.3200582012547971,
    "((1, 1, 0, 0, 1), (1, 0, 1, 0, 1))": 3.293573712081018e-17,
    "((1, 1, 0, 0, 1), (0, 1, 1, 0, 1))": -0.00304375390083635,
    "((1, 1, 0, 0, 1), (1, 0, 0, 1, 1))": 5.594997006111536e-19,
    "((1, 1, 0, 0, 1), (0, 1, 0, 1, 1))": -1.4139757388190657e-16,
    "((1, 1, 0, 0, 1), (0, 0, 1, 1, 1))": 4.680260196605033e-19,
    "((1, 0, 1, 0, 1), (1, 1, 1))": -4.201927756394457e-18,
    "((1, 0, 1, 0, 1), (1, 1, 0, 1))": -2.0120157168061563e-19,
    "((1, 0, 1, 0, 1), (1, 0, 1, 1))": -9.482433455194542e-19,
    "((1, 0, 1, 0, 1), (0, 1, 1, 1))": -6.349136205695997e-19,
    "((1, 0, 1, 0, 1), (1, 1, 0, 0, 1))": 4.4044055422239445e-17,
    "((1, 0, 1, 0, 1), (1, 0, 1, 0, 1))": 0.0006139502584153574,
    "((1, 0, 1, 0, 1), (0, 1, 1, 0, 1))": 1.0208130628496357e-17,
    "((1, 0, 1, 0, 1), (1, 0, 0, 1, 1))": -2.1516932821672523e-17,
    "((1, 0, 1, 0, 1), (0, 1, 0, 1, 1))": -1.1380906333470702e-18,
    "((1, 0, 1, 0, 1), (0, 0, 1, 1, 1))": 1.4444238704441535e-19,
    "((0, 1, 1, 0, 1), (1, 1, 1))": -4.7973388548024614e-18,
    "((0, 1, 1, 0, 1), (1, 1, 0, 1))": -4.133160876037028e-19,
    "((0, 1, 1, 0, 1), (1, 0, 1, 1))": -7.27248627003895e-19,
    "((0, 1, 1, 0, 1), (0, 1, 1, 1))": -8.19341626047076e-19,
    "((0, 1, 1, 0, 1), (1, 1, 0, 0, 1))": -0.0030437539008363744,
    "((0, 1, 1, 0, 1), (1, 0, 1, 0, 1))": 9.44682708572773e-18,
    "((0, 1, 1, 0, 1), (0, 1, 1, 0, 1))": 0.00025105164764490783,
    "((0, 1, 1, 0, 1), (1, 0, 0, 1, 1))": -1.571429017306811e-18,
    "((0, 1, 1, 0, 1), (0, 1, 0, 1, 1))": -3.1678851262330976e-17,
    "((0, 1, 1, 0, 1), (0, 0, 1, 1, 1))": 1.521580754336433e-19,
    "((1, 0, 0, 1, 1), (1, 1, 1))": 4.85191041996242e-19,
    "((1, 0, 0, 1, 1), (1, 1, 0, 1))": 6.225887826222371e-18,
    "((1, 0, 0, 1, 1), (1, 0, 1, 1))": 2.4761338492216623e-19,
    "((1, 0, 0, 1, 1), (0, 1, 1, 1))": 4.5385202263215325e-18,
    "((1, 0, 0, 1, 1), (1, 1, 0, 0, 1))": 4.871839557467334e-18,
    "((1, 0, 0, 1, 1), (1, 0, 1, 0, 1))": 1.4745517527245397e-17,
    "((1, 0, 0, 1, 1), (0, 1, 1, 0, 1))": -1.0831287121591405e-18,
    "((1, 0, 0, 1, 1), (1, 0, 0, 1, 1))": 0.00038662971295886977,
    "((1, 0, 0, 1, 1), (0, 1, 0, 1, 1))": -5.195912591855151e-18,
    "((1, 0, 0, 1, 1), (0, 0, 1, 1, 1))": 3.1161234074428996e-06,
    "((0, 1, 0, 1, 1), (1, 1, 1))": -4.4353288356450783e-20,
    "((0, 1, 0, 1, 1), (1, 1, 0, 1))": -5.017958757261492e-19,
    "((0, 1, 0, 1, 1), (1, 0, 1, 1))": 4.552577376084423e-18,
    "((0, 1, 0, 1, 1), (0, 1, 1, 1))": -7.788369604300678e-21,
    "((0, 1, 0, 1, 1), (1, 1, 0, 0, 1))": 9.931757905613564e-17,
    "((0, 1, 0, 1, 1), (1, 0, 1, 0, 1))": -1.1131535779701126e-18,
    "((0, 1, 0, 1, 1), (0, 1, 1, 0, 1))": 2.1155989247134728e-17,
    "((0, 1, 0, 1, 1), (1, 0, 0, 1, 1))": -5.156059798563525e-18,
    "((0, 1, 0, 1, 1), (0, 1, 0, 1, 1))": 0.0005877795824287223,
    "((0, 1, 0, 1, 1), (0, 0, 1, 1, 1))": 1.0707836952457e-19,
    "((0, 0, 1, 1, 1), (1, 1, 1))": -9.238046760871128e-20,
    "((0, 0, 1, 1, 1), (1, 1, 0, 1))": 1.4062175948807448e-20,
    "((0, 0, 1, 1, 1), (1, 0, 1, 1))": -4.188464364578194e-21,
    "((0, 0, 1, 1, 1), (0, 1, 1, 1))": 2.5899690123291036e-20,
    "((0, 0, 1, 1, 1), (1, 1, 0, 0, 1))": -2.4463890044236732e-20,
    "((0, 0, 1, 1, 1), (1, 0, 1, 0, 1))": -1.809558072263335e-19,
    "((0, 0, 1, 1, 1), (0, 1, 1, 0, 1))": 8.180740029277799e-22,
    "((0, 0, 1, 1, 1), (1, 0, 0, 1, 1))": 3.1161234074428496e-06,
    "((0, 0, 1, 1, 1), (0, 1, 0, 1, 1))": 9.144770535363778e-20,
    "((0, 0, 1, 1, 1), (0, 0, 1, 1, 1))": -2.8944486140449225e-06
  }
}