{
  "E": -14.588143577743306,
  "sol": {
    "(((), ()), ((), ()))": 0.891690174176568,
    "(((0,), (0,)), ((), ()))": 1.0820267639302888e-17,
    "(((), ()), ((0,), (0,)))": 1.0820267639302888e-17,
    "(((0,), (1,)), ((), ()))": -4.298154827382202e-18,
    "(((), ()), ((0,), (1,)))": -4.298154827382202e-18,
    "(((1,), (0,)), ((), ()))": 1.6224183819264758e-17,
    "(((), ()), ((1,), (0,)))": 1.6224183819264758e-17,
    "(((1,), (1,)), ((), ()))": -4.0256270747320864e-18,
    "(((), ()), ((1,), (1,)))": -4.0256270747320864e-18,
    "(((2,), (0,)), ((), ()))": 1.3031274658133616e-16,
    "(((), ()), ((2,), (0,)))": 1.3031274658133616e-16,
    "(((2,), (1,)), ((), ()))": -4.902647846436928e-16,
    "(((), ()), ((2,), (1,)))": -4.902647846436928e-16,
    "(((0,), (0,)), ((0,), (0,)))": 0.00025686191453832934,
    "(((0,), (0,)), ((0,), (1,)))": -7.791055277419745e-19,
    "(((0,), (0,)), ((1,), (0,)))": 8.09556871414867e-18,
    "(((0,), (0,)), ((1,), (1,)))": -5.986434987444884e-19,
    "(((0,), (0,)), ((2,), (0,)))": -0.0030463469234303757,
    "(((0,), (0,)), ((2,), (1,)))": -5.037430653902204e-19,
    "(((0,), (1,)), ((0,), (0,)))": -6.927554605592925e-19,
    "(((0,), (1,)), ((0,), (1,)))": 0.0002568619145383263,
    "(((0,), (1,)), ((1,), (0,)))": -7.669527176398921e-19,
    "(((0,), (1,)), ((1,), (1,)))": 9.687682178763482e-18,
    "(((0,), (1,)), ((2,), (0,)))": -5.005238972610158e-19,
    "(((0,), (1,)), ((2,), (1,)))": -0.0030463469234303757,
    "(((1,), (0,)), ((0,), (0,)))": 8.113657191634089e-18,
    "(((1,), (0,)), ((0,), (1,)))": -7.309290055890726e-19,
    "(((1,), (0,)), ((1,), (0,)))": 0.0006172137139181711,
    "(((1,), (0,)), ((1,), (1,)))": -8.711248706745255e-19,
    "(((1,), (0,)), ((2,), (0,)))": 3.7440932937225506e-17,
    "(((1,), (0,)), ((2,), (1,)))": -1.085711607346696e-18,
    "(((1,), (1,)), ((0,), (0,)))": -6.794127722152401e-19,
    "(((1,), (1,)), ((0,), (1,)))": 9.639446238802368e-18,
    "(((1,), (1,)), ((1,), (0,)))": -8.80746268604707e-19,
    "(((1,), (1,)), ((1,), (1,)))": 0.0006172137139181674,
    "(((1,), (1,)), ((2,), (0,)))": -4.837207527696056e-19,
    "(((1,), (1,)), ((2,), (1,)))": 3.916144159164723e-17,
    "(((2,), (0,)), ((0,), (0,)))": -0.003046346923430375,
    "(((2,), (0,)), ((0,), (1,)))": -6.129225933469115e-19,
    "(((2,), (0,)), ((1,), (0,)))": 3.6730575890876344e-17,
    "(((2,), (0,)), ((1,), (1,)))": -7.229160386464892e-19,
    "(((2,), (0,)), ((2,), (0,)))": -0.3200395432575691,
    "(((2,), (0,)), ((2,), (1,)))": 2.273034512933292e-16,
    "(((2,), (1,)), ((0,), (0,)))": -3.5257623417491493e-19,
    "(((2,), (1,)), ((0,), (1,)))": -0.0030463469234303766,
    "(((2,), (1,)), ((1,), (0,)))": -8.884025604341927e-19,
    "(((2,), (1,)), ((1,), (1,)))": 3.8564368502032933e-17,
    "(((2,), (1,)), ((2,), (0,)))": 2.2555141071726624e-16,
    "(((2,), (1,)), ((2,), (1,)))": -0.3200395432575683
  }
}