{
  "E": -14.651518460628974,
  "sol": {
    "((1, 1, 1), (1, 1, 1))": 0.9628403840633798,
    "((1, 1, 1), (1, 1, 0, 1))": 2.353672812205332e-14,
    "((1, 1, 1), (1, 0, 1, 1))": 0.0005701013697676474,
    "((1, 1, 1), (0, 1, 1, 1))": 7.862975649571537e-16,
    "((1, 1, 1), (1, 1, 0, 0, 1))": 2.9685776007001995e-16,
    "((1, 1, 1), (1, 0, 1, 0, 1))": -5.956120607170062e-17,
    "((1, 1, 1), (0, 1, 1, 0, 1))": -2.3646789588036326e-17,
    "((1, 1, 1), (1, 0, 0, 1, 1))": 6.1716900294715626e-18,
    "((1, 1, 1), (0, 1, 0, 1, 1))": 3.0051970282925703e-19,
    "((1, 1, 1), (0, 0, 1, 1, 1))": 4.39640241722732e-19,
    "((1, 1, 0, 1), (1, 1, 1))": -7.856596447646452e-15,
    "((1, 1, 0, 1), (1, 1, 0, 1))": -0.15422315419691826,
    "((1, 1, 0, 1), (1, 0, 1, 1))": -1.4256737535176752e-15,
    "((1, 1, 0, 1), (0, 1, 1, 1))": 0.0010573976824049783,
    "((1, 1, 0, 1), (1, 1, 0, 0, 1))": -7.453750490170668e-17,
    "((1, 1, 0, 1), (1, 0, 1, 0, 1))": 2.693257075169355e-18,
    "((1, 1, 0, 1), (0, 1, 1, 0, 1))": -9.660430975696753e-18,
    "((1, 1, 0, 1), (1, 0, 0, 1, 1))": 7.31437324181174e-18,
    "((1, 1, 0, 1), (0, 1, 0, 1, 1))": 1.2455491572727678e-18,
    "((1, 1, 0, 1), (0, 0, 1, 1, 1))": 1.331789149208036e-19,
    "((1, 0, 1, 1), (1, 1, 1))": 0.0005701013697677003,
    "((1, 0, 1, 1), (1, 1, 0, 1))": -1.4381638159200358e-15,
    "((1, 0, 1, 1), (1, 0, 1, 1))": -0.0018305310055606724,
    "((1, 0, 1, 1), (0, 1, 1, 1))": -3.549136865334506e-17,
    "((1, 0, 1, 1), (1, 1, 0, 0, 1))": 2.2383101147984617e-18,
    "((1, 0, 1, 1), (1, 0, 1, 0, 1))": 3.68751017565402e-18,
    "((1, 0, 1, 1), (0, 1, 1, 0, 1))": 4.370358255891958e-18,
    "((1, 0, 1, 1), (1, 0, 0, 1, 1))": 8.521563033431081e-19,
    "((1, 0, 1, 1), (0, 1, 0, 1, 1))": 9.678258725348675e-19,
    "((1, 0, 1, 1), (0, 0, 1, 1, 1))": 1.5816699038517718e-20,
    "((0, 1, 1, 1), (1, 1, 1))": 9.249078307145461e-16,
    "((0, 1, 1, 1), (1, 1, 0, 1))": 0.0010573976824049794,
    "((0, 1, 1, 1), (1, 0, 1, 1))": -3.563718419822175e-17,
    "((0, 1, 1, 1), (0, 1, 1, 1))": -0.0017780261099955526,
    "((0, 1, 1, 1), (1, 1, 0, 0, 1))": -8.218482449279056e-18,
    "((0, 1, 1, 1), (1, 0, 1, 0, 1))": 4.446490271133612e-18,
    "((0, 1, 1, 1), (0, 1, 1, 0, 1))": 3.571103734081724e-18,
    "((0, 1, 1, 1), (1, 0, 0, 1, 1))": 8.42201608141182e-19,
    "((0, 1, 1, 1), (0, 1, 0, 1, 1))": 8.008093088509026e-19,
    "((0, 1, 1, 1), (0, 0, 1, 1, 1))": -1.2647716325034714e-19,
    "((1, 1, 0, 0, 1), (1, 1, 1))": -1.099963265587916e-15,
    "((1, 1, 0, 0, 1), (1, 1, 0, 1))": -7.560359844999048e-17,
    "((1, 1, 0, 0, 1), (1, 0, 1, 1))": 4.41578419247542e-18,
    "((1, 1, 0, 0, 1), (0, 1, 1, 1))": -8.067240101630519e-18,
    "((1, 1, 0, 0, 1), (1, 1, 0, 0, 1))": -0.22164791042278337,
    "((1, 1, 0, 0, 1), (1, 0, 1, 0, 1))": 3.516556427763509e-15,
    "((1, 1, 0, 0, 1), (0, 1, 1, 0, 1))": -0.0026556201286708535,
    "((1, 1, 0, 0, 1), (1, 0, 0, 1, 1))": 0.0004202065224903426,
    "((1, 1, 0, 0, 1), (0, 1, 0, 1, 1))": 5.015584951207233e-16,
    "((1, 1, 0, 0, 1), (0, 0, 1, 1, 1))": 5.124914489979542e-06,
    "((1, 0, 1, 0, 1), (1, 1, 1))": -3.455991060727121e-17,
    "((1, 0, 1, 0, 1), (1, 1, 0, 1))": 2.3532837026894526e-18,
    "((1, 0, 1, 0, 1), (1, 0, 1, 1))": 3.45647123452945e-18,
    "((1, 0, 1, 0, 1), (0, 1, 1, 1))": 1.0546397307205251e-18,
    "((1, 0, 1, 0, 1), (1, 1, 0, 0, 1))": 3.4545333556117434e-15,
    "((1, 0, 1, 0, 1), (1, 0, 1, 0, 1))": -6.314794331477078e-05,
    "((1, 0, 1, 0, 1), (0, 1, 1, 0, 1))": 8.934270569763619e-17,
    "((1, 0, 1, 0, 1), (1, 0, 0, 1, 1))": -1.3754100929762714e-15,
    "((1, 0, 1, 0, 1), (0, 1, 0, 1, 1))": 0.0005175869522900968,
    "((1, 0, 1, 0, 1), (0, 0, 1, 1, 1))": 4.86407389993793e-18,
    "((0, 1, 1, 0, 1), (1, 1, 1))": -3.512297803979251e-17,
    "((0, 1, 1, 0, 1), (1, 1, 0, 1))": -8.545148768448624e-18,
    "((0, 1, 1, 0, 1), (1, 0, 1, 1))": 1.1081039654903351e-18,
    "((0, 1, 1, 0, 1), (0, 1, 1, 1))": 3.1432240134786737e-18,
    "((0, 1, 1, 0, 1), (1, 1, 0, 0, 1))": -0.0026556201286708605,
    "((0, 1, 1, 0, 1), (1, 0, 1, 0, 1))": 8.874390804790886e-17,
    "((0, 1, 1, 0, 1), (0, 1, 1, 0, 1))": -0.00013027116260612513,
    "((0, 1, 1, 0, 1), (1, 0, 0, 1, 1))": 0.0005124620378001199,
    "((0, 1, 1, 0, 1), (0, 1, 0, 1, 1))": 1.337992860459441e-15,
    "((0, 1, 1, 0, 1), (0, 0, 1, 1, 1))": -3.6532349966712066e-06,
    "((1, 0, 0, 1, 1), (1, 1, 1))": 9.089084255171315e-19,
    "((1, 0, 0, 1, 1), (1, 1, 0, 1))": 6.821709711222544e-18,
    "((1, 0, 0, 1, 1), (1, 0, 1, 1))": -2.455829718499922e-18,
    "((1, 0, 0, 1, 1), (0, 1, 1, 1))": 8.529089976005571e-19,
    "((1, 0, 0, 1, 1), (1, 1, 0, 0, 1))": 0.00042020652249035253,
    "((1, 0, 0, 1, 1), (1, 0, 1, 0, 1))": -1.3511939369377428e-15,
    "((1, 0, 0, 1, 1), (0, 1, 1, 0, 1))": 0.0005124620378001206,
    "((1, 0, 0, 1, 1), (1, 0, 0, 1, 1))": 0.0006597787066614999,
    "((1, 0, 0, 1, 1), (0, 1, 0, 1, 1))": -9.10855082464171e-18,
    "((1, 0, 0, 1, 1), (0, 0, 1, 1, 1))": -3.7090600606171878e-06,
    "((0, 1, 0, 1, 1), (1, 1, 1))": -4.600921923735953e-19,
    "((0, 1, 0, 1, 1), (1, 1, 0, 1))": 2.0233018291911e-18,
    "((0, 1, 0, 1, 1), (1, 0, 1, 1))": 9.74432259019557e-19,
    "((0, 1, 0, 1, 1), (0, 1, 1, 1))": -2.403698055347851e-18,
    "((0, 1, 0, 1, 1), (1, 1, 0, 0, 1))": 6.123329447175472e-16,
    "((0, 1, 0, 1, 1), (1, 0, 1, 0, 1))": 0.0005175869522900955,
    "((0, 1, 0, 1, 1), (0, 1, 1, 0, 1))": 1.3653357897285247e-15,
    "((0, 1, 0, 1, 1), (1, 0, 0, 1, 1))": -8.992091851409642e-18,
    "((0, 1, 0, 1, 1), (0, 1, 0, 1, 1))": 0.0006661140564307293,
    "((0, 1, 0, 1, 1), (0, 0, 1, 1, 1))": -4.8034239233434315e-18,
    "((0, 0, 1, 1, 1), (1, 1, 1))": 3.742889168240176e-20,
    "((0, 0, 1, 1, 1), (1, 1, 0, 1))": 1.216764993750092e-19,
    "((0, 0, 1, 1, 1), (1, 0, 1, 1))": 5.3490341376867993e-20,
    "((0, 0, 1, 1, 1), (0, 1, 1, 1))": -7.518128099705504e-20,
    "((0, 0, 1, 1, 1), (1, 1, 0, 0, 1))": 5.124914489979452e-06,
    "((0, 0, 1, 1, 1), (1, 0, 1, 0, 1))": 4.927387782037529e-18,
    "((0, 0, 1, 1, 1), (0, 1, 1, 0, 1))": -3.6532349966715158e-06,
    "((0, 0, 1, 1, 1), (1, 0, 0, 1, 1))": -3.7090600606177963e-06,
    "((0, 0, 1, 1, 1), (0, 1, 0, 1, 1))": -4.856049300893929e-18,
    "((0, 0, 1, 1, 1), (0, 0, 1, 1, 1))": -2.891641105841222e-06
  }
}