{
  "E": -14.651506981677148,
  "sol": {
    "(((), ()), ((), ()))": 0.9628943102452716,
    "(((0,), (0,)), ((), ()))": 8.801291011233497e-16,
    "(((), ()), ((0,), (0,)))": 8.801291011233497e-16,
    "(((0,), (1,)), ((), ()))": -3.376250877209103e-17,
    "(((), ()), ((0,), (1,)))": -3.376250877209103e-17,
    "(((1,), (0,)), ((), ()))": 0.0005586152709660957,
    "(((), ()), ((1,), (0,)))": 0.0005586152709660957,
    "(((1,), (1,)), ((), ()))": -3.447909834322682e-17,
    "(((), ()), ((1,), (1,)))": -3.447909834322682e-17,
    "(((2,), (0,)), ((), ()))": 3.304034130584926e-16,
    "(((), ()), ((2,), (0,)))": 3.304034130584926e-16,
    "(((2,), (1,)), ((), ()))": -6.317677001354957e-16,
    "(((), ()), ((2,), (1,)))": -6.317677001354957e-16,
    "(((0,), (0,)), ((0,), (0,)))": -0.0017721991133860244,
    "(((0,), (0,)), ((0,), (1,)))": 3.077568131053977e-18,
    "(((0,), (0,)), ((1,), (0,)))": -7.321423583613298e-17,
    "(((0,), (0,)), ((1,), (1,)))": 2.22780738608218e-18,
    "(((0,), (0,)), ((2,), (0,)))": 0.0010563781823289579,
    "(((0,), (0,)), ((2,), (1,)))": -8.140574832932335e-18,
    "(((0,), (1,)), ((0,), (0,)))": 3.077568131053979e-18,
    "(((0,), (1,)), ((0,), (1,)))": -0.00015704856988178577,
    "(((0,), (1,)), ((1,), (0,)))": 2.2539159679950748e-18,
    "(((0,), (1,)), ((1,), (1,)))": 9.144133831120753e-17,
    "(((0,), (1,)), ((2,), (0,)))": -8.802224652815431e-18,
    "(((0,), (1,)), ((2,), (1,)))": -0.002701860304185113,
    "(((1,), (0,)), ((0,), (0,)))": -7.240250385319517e-17,
    "(((1,), (0,)), ((0,), (1,)))": 2.2539159679950748e-18,
    "(((1,), (0,)), ((1,), (0,)))": -0.0018247653106788176,
    "(((1,), (0,)), ((1,), (1,)))": 3.3728960061364458e-18,
    "(((1,), (0,)), ((2,), (0,)))": -1.3821566849290118e-15,
    "(((1,), (0,)), ((2,), (1,)))": 3.695116076420711e-18,
    "(((1,), (1,)), ((0,), (0,)))": 2.2278073860821848e-18,
    "(((1,), (1,)), ((0,), (1,)))": 9.138949038104576e-17,
    "(((1,), (1,)), ((1,), (0,)))": 3.3728960061364392e-18,
    "(((1,), (1,)), ((1,), (1,)))": -8.885581128843269e-05,
    "(((1,), (1,)), ((2,), (0,)))": 3.2363196034168944e-18,
    "(((1,), (1,)), ((2,), (1,)))": 3.573836560236439e-15,
    "(((2,), (0,)), ((0,), (0,)))": 0.0010563781823289585,
    "(((2,), (0,)), ((0,), (1,)))": -8.802224652815454e-18,
    "(((2,), (0,)), ((1,), (0,)))": -1.381205662786721e-15,
    "(((2,), (0,)), ((1,), (1,)))": 3.2363196034168782e-18,
    "(((2,), (0,)), ((2,), (0,)))": -0.15421829187169647,
    "(((2,), (0,)), ((2,), (1,)))": -7.476389390962278e-17,
    "(((2,), (1,)), ((0,), (0,)))": -8.140574832932322e-18,
    "(((2,), (1,)), ((0,), (1,)))": -0.002701860304185113,
    "(((2,), (1,)), ((1,), (0,)))": 3.695116076420724e-18,
    "(((2,), (1,)), ((1,), (1,)))": 3.5731054169278406e-15,
    "(((2,), (1,)), ((2,), (0,)))": -7.476389390962271e-17,
    "(((2,), (1,)), ((2,), (1,)))": -0.22142110708271873
  }
}