{
  "E": -14.653876584765875,
  "sol": {
    "((1, 1, 1), (1, 1, 1))": 0.9653492355346848,
    "((1, 1, 1), (1, 1, 0, 1))": -3.802513859341161e-15,
    "((1, 1, 1), (1, 0, 1, 1))": -0.0005676406410199385,
    "((1, 1, 1), (0, 1, 1, 1))": -3.432848744108514e-16,
    "((1, 1, 1), (1, 1, 0, 0, 1))": 3.3006864478850107e-16,
    "((1, 1, 1), (1, 0, 1, 0, 1))": 1.0389227213100978e-16,
    "((1, 1, 1), (0, 1, 1, 0, 1))": -1.3386750018005671e-16,
    "((1, 1, 1), (1, 0, 0, 1, 1))": -2.6896853680450587e-18,
    "((1, 1, 1), (0, 1, 0, 1, 1))": -1.8362205001955038e-18,
    "((1, 1, 1), (0, 0, 1, 1, 1))": 8.452542648664246e-19,
    "((1, 1, 0, 1), (1, 1, 1))": 5.562784703701283e-15,
    "((1, 1, 0, 1), (1, 1, 0, 1))": -0.15906392688189272,
    "((1, 1, 0, 1), (1, 0, 1, 1))": -5.951584212806564e-16,
    "((1, 1, 0, 1), (0, 1, 1, 1))": 0.00111644868098264,
    "((1, 1, 0, 1), (1, 1, 0, 0, 1))": -1.4318012798666896e-18,
    "((1, 1, 0, 1), (1, 0, 1, 0, 1))": 3.745915464082605e-18,
    "((1, 1, 0, 1), (0, 1, 1, 0, 1))": -8.393921372619179e-18,
    "((1, 1, 0, 1), (1, 0, 0, 1, 1))": -1.9363662769925092e-17,
    "((1, 1, 0, 1), (0, 1, 0, 1, 1))": 2.2006735473899017e-17,
    "((1, 1, 0, 1), (0, 0, 1, 1, 1))": -2.4651517141148435e-19,
    "((1, 0, 1, 1), (1, 1, 1))": -0.0005676406410201163,
    "((1, 0, 1, 1), (1, 1, 0, 1))": -6.135477773778668e-16,
    "((1, 0, 1, 1), (1, 0, 1, 1))": -0.001850190033221644,
    "((1, 0, 1, 1), (0, 1, 1, 1))": -1.727625492983207e-17,
    "((1, 0, 1, 1), (1, 1, 0, 0, 1))": 2.8021860797550184e-18,
    "((1, 0, 1, 1), (1, 0, 1, 0, 1))": 2.6408413762292566e-18,
    "((1, 0, 1, 1), (0, 1, 1, 0, 1))": 1.5252571231102387e-19,
    "((1, 0, 1, 1), (1, 0, 0, 1, 1))": 8.078822578493209e-19,
    "((1, 0, 1, 1), (0, 1, 0, 1, 1))": -7.197637065570456e-19,
    "((1, 0, 1, 1), (0, 0, 1, 1, 1))": 2.97952678649608e-19,
    "((0, 1, 1, 1), (1, 1, 1))": -3.3422152892712087e-16,
    "((0, 1, 1, 1), (1, 1, 0, 1))": 0.001116448680982657,
    "((0, 1, 1, 1), (1, 0, 1, 1))": -1.5905279897124922e-17,
    "((0, 1, 1, 1), (0, 1, 1, 1))": -0.0018099928557640246,
    "((0, 1, 1, 1), (1, 1, 0, 0, 1))": -7.591696654444857e-18,
    "((0, 1, 1, 1), (1, 0, 1, 0, 1))": -6.880125168572258e-19,
    "((0, 1, 1, 1), (0, 1, 1, 0, 1))": 2.4525246977415566e-18,
    "((0, 1, 1, 1), (1, 0, 0, 1, 1))": -4.73944330806894e-19,
    "((0, 1, 1, 1), (0, 1, 0, 1, 1))": 6.709868424871761e-19,
    "((0, 1, 1, 1), (0, 0, 1, 1, 1))": 2.116353650073417e-19,
    "((1, 1, 0, 0, 1), (1, 1, 1))": -2.050864870808331e-16,
    "((1, 1, 0, 0, 1), (1, 1, 0, 1))": -1.245550996606902e-18,
    "((1, 1, 0, 0, 1), (1, 0, 1, 1))": 1.8458431042724133e-18,
    "((1, 1, 0, 0, 1), (0, 1, 1, 1))": -7.650932763315766e-18,
    "((1, 1, 0, 0, 1), (1, 1, 0, 0, 1))": -0.20681940774601795,
    "((1, 1, 0, 0, 1), (1, 0, 1, 0, 1))": 1.3946020575323469e-15,
    "((1, 1, 0, 0, 1), (0, 1, 1, 0, 1))": -0.0025781893808163626,
    "((1, 1, 0, 0, 1), (1, 0, 0, 1, 1))": -0.0004383468691583541,
    "((1, 1, 0, 0, 1), (0, 1, 0, 1, 1))": -2.431571836819907e-16,
    "((1, 1, 0, 0, 1), (0, 0, 1, 1, 1))": -3.662365656894367e-06,
    "((1, 0, 1, 0, 1), (1, 1, 1))": 1.1040524467827363e-16,
    "((1, 0, 1, 0, 1), (1, 1, 0, 1))": 3.183758071139517e-18,
    "((1, 0, 1, 0, 1), (1, 0, 1, 1))": 2.7151019908305113e-18,
    "((1, 0, 1, 0, 1), (0, 1, 1, 1))": 8.577254925210513e-19,
    "((1, 0, 1, 0, 1), (1, 1, 0, 0, 1))": 1.3666706840350027e-15,
    "((1, 0, 1, 0, 1), (1, 0, 1, 0, 1))": -0.00014552733017658592,
    "((1, 0, 1, 0, 1), (0, 1, 1, 0, 1))": 2.1679984745341397e-17,
    "((1, 0, 1, 0, 1), (1, 0, 0, 1, 1))": 5.082119259620189e-16,
    "((1, 0, 1, 0, 1), (0, 1, 0, 1, 1))": -0.000469428595917612,
    "((1, 0, 1, 0, 1), (0, 0, 1, 1, 1))": -2.0992726400312047e-18,
    "((0, 1, 1, 0, 1), (1, 1, 1))": -1.131060509146201e-16,
    "((0, 1, 1, 0, 1), (1, 1, 0, 1))": -8.66017365898966e-18,
    "((0, 1, 1, 0, 1), (1, 0, 1, 1))": 1.7435264130222617e-18,
    "((0, 1, 1, 0, 1), (0, 1, 1, 1))": 2.5025681500402733e-18,
    "((0, 1, 1, 0, 1), (1, 1, 0, 0, 1))": -0.002578189380816359,
    "((0, 1, 1, 0, 1), (1, 0, 1, 0, 1))": 2.1804503827037362e-17,
    "((0, 1, 1, 0, 1), (0, 1, 1, 0, 1))": -0.00019608061373305077,
    "((0, 1, 1, 0, 1), (1, 0, 0, 1, 1))": -0.00046576623026071864,
    "((0, 1, 1, 0, 1), (0, 1, 0, 1, 1))": -5.0267103010894125e-16,
    "((0, 1, 1, 0, 1), (0, 0, 1, 1, 1))": 3.923028653830593e-06,
    "((1, 0, 0, 1, 1), (1, 1, 1))": 1.5207333519193655e-19,
    "((1, 0, 0, 1, 1), (1, 1, 0, 1))": -1.9530581808832868e-17,
    "((1, 0, 0, 1, 1), (1, 0, 1, 1))": -4.487949758265077e-19,
    "((1, 0, 0, 1, 1), (0, 1, 1, 1))": -4.643261775384807e-19,
    "((1, 0, 0, 1, 1), (1, 1, 0, 0, 1))": -0.000438346869158359,
    "((1, 0, 0, 1, 1), (1, 0, 1, 0, 1))": 5.008909053725032e-16,
    "((1, 0, 0, 1, 1), (0, 1, 1, 0, 1))": -0.00046576623026071864,
    "((1, 0, 0, 1, 1), (1, 0, 0, 1, 1))": 0.0006300124094573038,
    "((1, 0, 0, 1, 1), (0, 1, 0, 1, 1))": -3.903016861067636e-18,
    "((1, 0, 0, 1, 1), (0, 0, 1, 1, 1))": -3.516067500042612e-06,
    "((0, 1, 0, 1, 1), (1, 1, 1))": -1.0263030406307013e-18,
    "((0, 1, 0, 1, 1), (1, 1, 0, 1))": 2.2024669971930658e-17,
    "((0, 1, 0, 1, 1), (1, 0, 1, 1))": -7.129918827510997e-19,
    "((0, 1, 0, 1, 1), (0, 1, 1, 1))": -5.254530578468317e-19,
    "((0, 1, 0, 1, 1), (1, 1, 0, 0, 1))": -2.651331690917628e-16,
    "((0, 1, 0, 1, 1), (1, 0, 1, 0, 1))": -0.00046942859591761276,
    "((0, 1, 0, 1, 1), (0, 1, 1, 0, 1))": -5.10433066178435e-16,
    "((0, 1, 0, 1, 1), (1, 0, 0, 1, 1))": -4.16977422401158e-18,
    "((0, 1, 0, 1, 1), (0, 1, 0, 1, 1))": 0.000637906224940769,
    "((0, 1, 0, 1, 1), (0, 0, 1, 1, 1))": -1.8940452619407903e-18,
    "((0, 0, 1, 1, 1), (1, 1, 1))": 8.580223170218689e-19,
    "((0, 0, 1, 1, 1), (1, 1, 0, 1))": -2.487490222537572e-19,
    "((0, 0, 1, 1, 1), (1, 0, 1, 1))": 2.6381205433726003e-19,
    "((0, 0, 1, 1, 1), (0, 1, 1, 1))": 2.2541499724212197e-19,
    "((0, 0, 1, 1, 1), (1, 1, 0, 0, 1))": -3.6623656568941307e-06,
    "((0, 0, 1, 1, 1), (1, 0, 1, 0, 1))": -2.1236019939637864e-18,
    "((0, 0, 1, 1, 1), (0, 1, 1, 0, 1))": 3.923028653830605e-06,
    "((0, 0, 1, 1, 1), (1, 0, 0, 1, 1))": -3.5160675000423397e-06,
    "((0, 0, 1, 1, 1), (0, 1, 0, 1, 1))": -1.8776212684867727e-18,
    "((0, 0, 1, 1, 1), (0, 0, 1, 1, 1))": -2.2053935135835318e-06
  }
}