{
  "E": -14.6538664794069,
  "sol": {
    "(((), ()), ((), ()))": 0.9653954639808839,
    "(((0,), (0,)), ((), ()))": -3.9989285536671763e-16,
    "(((), ()), ((0,), (0,)))": -3.9989285536671763e-16,
    "(((0,), (1,)), ((), ()))": -1.1228883559768042e-16,
    "(((), ()), ((0,), (1,)))": -1.1228883559768042e-16,
    "(((1,), (0,)), ((), ()))": -0.0005563452873281809,
    "(((), ()), ((1,), (0,)))": -0.0005563452873281809,
    "(((1,), (1,)), ((), ()))": 1.1007156344478781e-16,
    "(((), ()), ((1,), (1,)))": 1.1007156344478781e-16,
    "(((2,), (0,)), ((), ()))": 3.110007981261142e-15,
    "(((), ()), ((2,), (0,)))": 3.110007981261142e-15,
    "(((2,), (1,)), ((), ()))": -3.707340530593354e-17,
    "(((), ()), ((2,), (1,)))": -3.707340530593354e-17,
    "(((0,), (0,)), ((0,), (0,)))": -0.001804582071557074,
    "(((0,), (0,)), ((0,), (1,)))": 2.4352683624584103e-18,
    "(((0,), (0,)), ((1,), (0,)))": -2.807606819655738e-17,
    "(((0,), (0,)), ((1,), (1,)))": 4.460768189188084e-19,
    "(((0,), (0,)), ((2,), (0,)))": 0.0011154851368409392,
    "(((0,), (0,)), ((2,), (1,)))": -7.590421913672786e-18,
    "(((0,), (1,)), ((0,), (0,)))": 2.4352683624584034e-18,
    "(((0,), (1,)), ((0,), (1,)))": -0.00022050078181807327,
    "(((0,), (1,)), ((1,), (0,)))": 1.2755454254059487e-18,
    "(((0,), (1,)), ((1,), (1,)))": 2.303944088398946e-17,
    "(((0,), (1,)), ((2,), (0,)))": -9.260208771999017e-18,
    "(((0,), (1,)), ((2,), (1,)))": -0.0026219713852232577,
    "(((1,), (0,)), ((0,), (0,)))": -2.760376132366191e-17,
    "(((1,), (0,)), ((0,), (1,)))": 1.2755454254059507e-18,
    "(((1,), (0,)), ((1,), (0,)))": -0.001844860592812018,
    "(((1,), (0,)), ((1,), (1,)))": 2.692155672010743e-18,
    "(((1,), (0,)), ((2,), (0,)))": -5.865449499295463e-16,
    "(((1,), (0,)), ((2,), (1,)))": 2.057074171929343e-18,
    "(((1,), (1,)), ((0,), (0,)))": 4.460768189188069e-19,
    "(((1,), (1,)), ((0,), (1,)))": 2.298769248439162e-17,
    "(((1,), (1,)), ((1,), (0,)))": 2.6921556720107325e-18,
    "(((1,), (1,)), ((1,), (1,)))": -0.00016888638402523645,
    "(((1,), (1,)), ((2,), (0,)))": 3.3789093187235736e-18,
    "(((1,), (1,)), ((2,), (1,)))": 1.414871879989838e-15,
    "(((2,), (0,)), ((0,), (0,)))": 0.0011154851368409407,
    "(((2,), (0,)), ((0,), (1,)))": -9.260208771999019e-18,
    "(((2,), (0,)), ((1,), (0,)))": -5.852902144219524e-16,
    "(((2,), (0,)), ((1,), (1,)))": 3.3789093187235717e-18,
    "(((2,), (0,)), ((2,), (0,)))": -0.1590552507055498,
    "(((2,), (0,)), ((2,), (1,)))": -1.0744121727980012e-19,
    "(((2,), (1,)), ((0,), (0,)))": -7.590421913672797e-18,
    "(((2,), (1,)), ((0,), (1,)))": -0.002621971385223258,
    "(((2,), (1,)), ((1,), (0,)))": 2.0570741719293415e-18,
    "(((2,), (1,)), ((1,), (1,)))": 1.4153282637828838e-15,
    "(((2,), (1,)), ((2,), (0,)))": -1.0744121727977393e-19,
    "(((2,), (1,)), ((2,), (1,)))": -0.20661420826176172
  }
}