{
  "E": -14.652776660289174,
  "sol": {
    "((1, 1, 1), (1, 1, 1))": 0.9675203361438198,
    "((1, 1, 1), (1, 1, 0, 1))": -2.2176704916887502e-14,
    "((1, 1, 1), (1, 0, 1, 1))": 3.649319666690389e-16,
    "((1, 1, 1), (0, 1, 1, 1))": 0.000604617492081022,
    "((1, 1, 1), (1, 1, 0, 0, 1))": -3.7599331060809167e-16,
    "((1, 1, 1), (1, 0, 1, 0, 1))": 2.7467315697577752e-18,
    "((1, 1, 1), (0, 1, 1, 0, 1))": -2.742615560039425e-17,
    "((1, 1, 1), (1, 0, 0, 1, 1))": 2.263206491530275e-18,
    "((1, 1, 1), (0, 1, 0, 1, 1))": -3.970814743594109e-18,
    "((1, 1, 1), (0, 0, 1, 1, 1))": -1.7113400699838945e-19,
    "((1, 1, 0, 1), (1, 1, 1))": 1.608880215932754e-14,
    "((1, 1, 0, 1), (1, 1, 0, 1))": -0.18752808996398118,
    "((1, 1, 0, 1), (1, 0, 1, 1))": -0.001333140751553456,
    "((1, 1, 0, 1), (0, 1, 1, 1))": 1.8715376014023987e-15,
    "((1, 1, 0, 1), (1, 1, 0, 0, 1))": 1.0950157156988765e-16,
    "((1, 1, 0, 1), (1, 0, 1, 0, 1))": 5.7589751232124565e-18,
    "((1, 1, 0, 1), (0, 1, 1, 0, 1))": 2.4786793024825226e-18,
    "((1, 1, 0, 1), (1, 0, 0, 1, 1))": 1.9468716967665163e-18,
    "((1, 1, 0, 1), (0, 1, 0, 1, 1))": 5.557574056078362e-19,
    "((1, 1, 0, 1), (0, 0, 1, 1, 1))": 4.048600120116975e-21,
    "((1, 0, 1, 1), (1, 1, 1))": 8.868676282743949e-16,
    "((1, 0, 1, 1), (1, 1, 0, 1))": -0.0013331407515534445,
    "((1, 0, 1, 1), (1, 0, 1, 1))": -0.0018548016044032697,
    "((1, 0, 1, 1), (0, 1, 1, 1))": 1.0138127188974307e-17,
    "((1, 0, 1, 1), (1, 1, 0, 0, 1))": 4.588100086805056e-18,
    "((1, 0, 1, 1), (1, 0, 1, 0, 1))": 1.9989859829299724e-18,
    "((1, 0, 1, 1), (0, 1, 1, 0, 1))": -1.7171096988908216e-18,
    "((1, 0, 1, 1), (1, 0, 0, 1, 1))": -5.958455310772366e-19,
    "((1, 0, 1, 1), (0, 1, 0, 1, 1))": -2.8258716191567115e-19,
    "((1, 0, 1, 1), (0, 0, 1, 1, 1))": 5.793401799410753e-20,
    "((0, 1, 1, 1), (1, 1, 1))": 0.0006046174920810168,
    "((0, 1, 1, 1), (1, 1, 0, 1))": 1.860200752898289e-15,
    "((0, 1, 1, 1), (1, 0, 1, 1))": 8.835654902876558e-18,
    "((0, 1, 1, 1), (0, 1, 1, 1))": -0.0018699349933494708,
    "((0, 1, 1, 1), (1, 1, 0, 0, 1))": 2.5582122472180356e-18,
    "((0, 1, 1, 1), (1, 0, 1, 0, 1))": -1.835300390036604e-18,
    "((0, 1, 1, 1), (0, 1, 1, 0, 1))": 2.039185995132887e-18,
    "((0, 1, 1, 1), (1, 0, 0, 1, 1))": -2.7528554140379317e-19,
    "((0, 1, 1, 1), (0, 1, 0, 1, 1))": -6.039481209972507e-19,
    "((0, 1, 1, 1), (0, 0, 1, 1, 1))": 1.2823687384294006e-20,
    "((1, 1, 0, 0, 1), (1, 1, 1))": -3.4470404163396244e-16,
    "((1, 1, 0, 0, 1), (1, 1, 0, 1))": 1.0877557739702032e-16,
    "((1, 1, 0, 0, 1), (1, 0, 1, 1))": 4.459591714003556e-18,
    "((1, 1, 0, 0, 1), (0, 1, 1, 1))": 2.463107571184173e-18,
    "((1, 1, 0, 0, 1), (1, 1, 0, 0, 1))": -0.1694483430504221,
    "((1, 1, 0, 0, 1), (1, 0, 1, 0, 1))": 0.0024104347447511075,
    "((1, 1, 0, 0, 1), (0, 1, 1, 0, 1))": -3.316788231476565e-15,
    "((1, 1, 0, 0, 1), (1, 0, 0, 1, 1))": 6.779835194204362e-16,
    "((1, 1, 0, 0, 1), (0, 1, 0, 1, 1))": 0.0005515515727404914,
    "((1, 1, 0, 0, 1), (0, 0, 1, 1, 1))": 1.1789536795953433e-06,
    "((1, 0, 1, 0, 1), (1, 1, 1))": 4.178490795119996e-18,
    "((1, 0, 1, 0, 1), (1, 1, 0, 1))": 4.6088298896336405e-18,
    "((1, 0, 1, 0, 1), (1, 0, 1, 1))": 1.603846991553827e-18,
    "((1, 0, 1, 0, 1), (0, 1, 1, 1))": -1.910761881851852e-18,
    "((1, 0, 1, 0, 1), (1, 1, 0, 0, 1))": 0.002410434744751111,
    "((1, 0, 1, 0, 1), (1, 0, 1, 0, 1))": -0.00034367154987733646,
    "((1, 0, 1, 0, 1), (0, 1, 1, 0, 1))": 2.992871278630886e-17,
    "((1, 0, 1, 0, 1), (1, 0, 0, 1, 1))": -9.716970967453146e-16,
    "((1, 0, 1, 0, 1), (0, 1, 0, 1, 1))": -0.0003624204408126735,
    "((1, 0, 1, 0, 1), (0, 0, 1, 1, 1))": 4.440490355392155e-06,
    "((0, 1, 1, 0, 1), (1, 1, 1))": 4.492874870237384e-19,
    "((0, 1, 1, 0, 1), (1, 1, 0, 1))": 2.3717971890246502e-18,
    "((0, 1, 1, 0, 1), (1, 0, 1, 1))": -1.8062282695900684e-18,
    "((0, 1, 1, 0, 1), (0, 1, 1, 1))": 1.6704149031643556e-18,
    "((0, 1, 1, 0, 1), (1, 1, 0, 0, 1))": -3.2360790939660496e-15,
    "((0, 1, 1, 0, 1), (1, 0, 1, 0, 1))": 3.087341887236314e-17,
    "((0, 1, 1, 0, 1), (0, 1, 1, 0, 1))": -0.0003237371870492653,
    "((0, 1, 1, 0, 1), (1, 0, 0, 1, 1))": -0.00036359939449226767,
    "((0, 1, 1, 0, 1), (0, 1, 0, 1, 1))": 1.0092025572060598e-15,
    "((0, 1, 1, 0, 1), (0, 0, 1, 1, 1))": -5.866970126523883e-18,
    "((1, 0, 0, 1, 1), (1, 1, 1))": 1.7332784780267647e-19,
    "((1, 0, 0, 1, 1), (1, 1, 0, 1))": 1.7939366819513837e-18,
    "((1, 0, 0, 1, 1), (1, 0, 1, 1))": -5.668053623032212e-19,
    "((1, 0, 0, 1, 1), (0, 1, 1, 1))": -2.328796050623735e-19,
    "((1, 0, 0, 1, 1), (1, 1, 0, 0, 1))": 8.00926327293823e-16,
    "((1, 0, 0, 1, 1), (1, 0, 1, 0, 1))": -1.004146069783574e-15,
    "((1, 0, 0, 1, 1), (0, 1, 1, 0, 1))": -0.0003635993944922688,
    "((1, 0, 0, 1, 1), (1, 0, 0, 1, 1))": 0.0005852777247721313,
    "((1, 0, 0, 1, 1), (0, 1, 0, 1, 1))": -1.879104733758892e-17,
    "((1, 0, 0, 1, 1), (0, 0, 1, 1, 1))": -3.8145509345797664e-18,
    "((0, 1, 0, 1, 1), (1, 1, 1))": -2.31701873523374e-19,
    "((0, 1, 0, 1, 1), (1, 1, 0, 1))": 1.624995564628462e-19,
    "((0, 1, 0, 1, 1), (1, 0, 1, 1))": -2.469260625615406e-19,
    "((0, 1, 0, 1, 1), (0, 1, 1, 1))": -5.811613768734655e-19,
    "((0, 1, 0, 1, 1), (1, 1, 0, 0, 1))": 0.0005515515727404953,
    "((0, 1, 0, 1, 1), (1, 0, 1, 0, 1))": -0.0003624204408126741,
    "((0, 1, 0, 1, 1), (0, 1, 1, 0, 1))": 9.788098304886254e-16,
    "((0, 1, 0, 1, 1), (1, 0, 0, 1, 1))": -1.8548146382107733e-17,
    "((0, 1, 0, 1, 1), (0, 1, 0, 1, 1))": 0.0005741249676696979,
    "((0, 1, 0, 1, 1), (0, 0, 1, 1, 1))": -2.917846827858554e-06,
    "((0, 0, 1, 1, 1), (1, 1, 1))": 1.0777256853587285e-19,
    "((0, 0, 1, 1, 1), (1, 1, 0, 1))": -1.3454695967906529e-20,
    "((0, 0, 1, 1, 1), (1, 0, 1, 1))": 3.91965732113837e-21,
    "((0, 0, 1, 1, 1), (0, 1, 1, 1))": 6.614414383555033e-22,
    "((0, 0, 1, 1, 1), (1, 1, 0, 0, 1))": 1.178953679595232e-06,
    "((0, 0, 1, 1, 1), (1, 0, 1, 0, 1))": 4.440490355392132e-06,
    "((0, 0, 1, 1, 1), (0, 1, 1, 0, 1))": -6.186048186092213e-18,
    "((0, 0, 1, 1, 1), (1, 0, 0, 1, 1))": -3.8948825831233945e-18,
    "((0, 0, 1, 1, 1), (0, 1, 0, 1, 1))": -2.9178468278586085e-06,
    "((0, 0, 1, 1, 1), (0, 0, 1, 1, 1))": -7.970349784871742e-07
  }
}