{
  "E": -14.652768707388313,
  "sol": {
    "(((), ()), ((), ()))": 0.9675543960597193,
    "(((0,), (0,)), ((), ()))": 0.0005926241015025657,
    "(((), ()), ((0,), (0,)))": 0.0005926241015025657,
    "(((0,), (1,)), ((), ()))": 3.956011795607548e-19,
    "(((), ()), ((0,), (1,)))": 3.956011795607548e-19,
    "(((1,), (0,)), ((), ()))": 8.432413034167571e-16,
    "(((), ()), ((1,), (0,)))": 8.432413034167571e-16,
    "(((1,), (1,)), ((), ()))": 4.235147892640062e-18,
    "(((), ()), ((1,), (1,)))": 4.235147892640062e-18,
    "(((2,), (0,)), ((), ()))": -2.4323443201354636e-16,
    "(((), ()), ((2,), (0,)))": -2.4323443201354636e-16,
    "(((2,), (1,)), ((), ()))": -3.5220173769642234e-16,
    "(((), ()), ((2,), (1,)))": -3.5220173769642234e-16,
    "(((0,), (0,)), ((0,), (0,)))": -0.0018655171134889206,
    "(((0,), (0,)), ((0,), (1,)))": 1.622308943189837e-18,
    "(((0,), (0,)), ((1,), (0,)))": -9.967005973172547e-18,
    "(((0,), (0,)), ((1,), (1,)))": -1.8904600300076606e-18,
    "(((0,), (0,)), ((2,), (0,)))": 1.8422794924099256e-15,
    "(((0,), (0,)), ((2,), (1,)))": 2.5813035068852424e-18,
    "(((0,), (1,)), ((0,), (0,)))": 1.622308943189833e-18,
    "(((0,), (1,)), ((0,), (1,)))": -0.0003420707531968494,
    "(((0,), (1,)), ((1,), (0,)))": -1.7841296562843372e-18,
    "(((0,), (1,)), ((1,), (1,)))": 3.222740158607828e-17,
    "(((0,), (1,)), ((2,), (0,)))": 2.3641303201991764e-18,
    "(((0,), (1,)), ((2,), (1,)))": -3.339790239403594e-15,
    "(((1,), (0,)), ((0,), (0,)))": -9.426056681859052e-18,
    "(((1,), (0,)), ((0,), (1,)))": -1.7841296562843434e-18,
    "(((1,), (0,)), ((1,), (0,)))": -0.0018502626549364229,
    "(((1,), (0,)), ((1,), (1,)))": 1.5918212514814709e-18,
    "(((1,), (0,)), ((2,), (0,)))": -0.0013322188079654042,
    "(((1,), (0,)), ((2,), (1,)))": 4.4822187178683815e-18,
    "(((1,), (1,)), ((0,), (0,)))": -1.890460030007652e-18,
    "(((1,), (1,)), ((0,), (1,)))": 3.22785884957089e-17,
    "(((1,), (1,)), ((1,), (0,)))": 1.591821251481463e-18,
    "(((1,), (1,)), ((1,), (1,)))": -0.0003631856295371127,
    "(((1,), (1,)), ((2,), (0,)))": 4.648236447357519e-18,
    "(((1,), (1,)), ((2,), (1,)))": 0.0024515387423287146,
    "(((2,), (0,)), ((0,), (0,)))": 1.8454003408735312e-15,
    "(((2,), (0,)), ((0,), (1,)))": 2.364130320199182e-18,
    "(((2,), (0,)), ((1,), (0,)))": -0.0013322188079654025,
    "(((2,), (0,)), ((1,), (1,)))": 4.648236447357516e-18,
    "(((2,), (0,)), ((2,), (0,)))": -0.18750828984815582,
    "(((2,), (0,)), ((2,), (1,)))": 1.0894354637874302e-16,
    "(((2,), (1,)), ((0,), (0,)))": 2.5813035068852378e-18,
    "(((2,), (1,)), ((0,), (1,)))": -3.339790239403594e-15,
    "(((2,), (1,)), ((1,), (0,)))": 4.482218717868377e-18,
    "(((2,), (1,)), ((1,), (1,)))": 0.002451538742328714,
    "(((2,), (1,)), ((2,), (0,)))": 1.0894354637874313e-16,
    "(((2,), (1,)), ((2,), (1,)))": -0.16927996708580278
  }
}