{
  "E": -147.6054704039131,
  "sol": {
    "(((), ()), ((), ()))": 0.9380863856350209,
    "(((0,), (0,)), ((), ()))": 6.152468825871141e-17,
    "(((), ()), ((0,), (0,)))": 6.152468825871141e-17,
    "(((0,), (1,)), ((), ()))": 4.890673894272658e-06,
    "(((), ()), ((0,), (1,)))": 4.890673894272658e-06,
    "(((1,), (0,)), ((), ()))": -1.3952627897066686e-18,
    "(((), ()), ((1,), (0,)))": -1.3952627897066686e-18,
    "(((1,), (1,)), ((), ()))": 1.116839125053493e-15,
    "(((), ()), ((1,), (1,)))": 1.116839125053493e-15,
    "(((2,), (0,)), ((), ()))": -1.5328785005085618e-17,
    "(((), ()), ((2,), (0,)))": -1.5328785005085618e-17,
    "(((2,), (1,)), ((), ()))": 1.3574913300032273e-15,
    "(((), ()), ((2,), (1,)))": 1.3574913300032273e-15,
    "(((3,), (0,)), ((), ()))": 5.295535124877202e-16,
    "(((), ()), ((3,), (0,)))": 5.295535124877202e-16,
    "(((3,), (1,)), ((), ()))": -0.008555169508659153,
    "(((), ()), ((3,), (1,)))": -0.008555169508659153,
    "(((4,), (0,)), ((), ()))": 7.916715328856032e-16,
    "(((), ()), ((4,), (0,)))": 7.916715328856032e-16,
    "(((4,), (1,)), ((), ()))": 3.9224646708603154e-17,
    "(((), ()), ((4,), (1,)))": 3.9224646708603154e-17,
    "(((5,), (0,)), ((), ()))": 4.887538100858925e-16,
    "(((), ()), ((5,), (0,)))": 4.887538100858925e-16,
    "(((5,), (1,)), ((), ()))": -1.3036732280276505e-15,
    "(((), ()), ((5,), (1,)))": -1.3036732280276505e-15,
    "(((6,), (0,)), ((), ()))": -5.78975669873217e-16,
    "(((), ()), ((6,), (0,)))": -5.78975669873217e-16,
    "(((6,), (1,)), ((), ()))": -3.836742383607554e-18,
    "(((), ()), ((6,), (1,)))": -3.836742383607554e-18,
    "(((7,), (0,)), ((), ()))": -1.1919317015591372e-13,
    "(((), ()), ((7,), (0,)))": -1.1919317015591372e-13,
    "(((7,), (1,)), ((), ()))": -9.297611716091575e-17,
    "(((), ()), ((7,), (1,)))": -9.297611716091575e-17,
    "(((0,), (0,)), ((0,), (0,)))": -0.0001809907161317213,
    "(((0,), (0,)), ((0,), (1,)))": -5.429333696960062e-19,
    "(((0,), (0,)), ((1,), (0,)))": -2.913252717115318e-15,
    "(((0,), (0,)), ((1,), (1,)))": -6.0836539734207685e-21,
    "(((0,), (0,)), ((2,), (0,)))": -9.51391473456879e-14,
    "(((0,), (0,)), ((2,), (1,)))": -1.6048884179026904e-19,
    "(((0,), (0,)), ((3,), (0,)))": 0.0005488066399245389,
    "(((0,), (0,)), ((3,), (1,)))": 1.168652940158375e-19,
    "(((0,), (0,)), ((4,), (0,)))": 1.994189737418054e-19,
    "(((0,), (0,)), ((4,), (1,)))": -2.3196508269161614e-21,
    "(((0,), (0,)), ((5,), (0,)))": 4.456919539422339e-14,
    "(((0,), (0,)), ((5,), (1,)))": -1.267054597502373e-19,
    "(((0,), (0,)), ((6,), (0,)))": 6.573709510958346e-19,
    "(((0,), (0,)), ((6,), (1,)))": 1.147786528703077e-13,
    "(((0,), (0,)), ((7,), (0,)))": -5.6168877779468974e-18,
    "(((0,), (0,)), ((7,), (1,)))": -8.819326555271559e-20,
    "(((0,), (1,)), ((0,), (0,)))": -5.429333696960059e-19,
    "(((0,), (1,)), ((0,), (1,)))": -0.0007010448010796933,
    "(((0,), (1,)), ((1,), (0,)))": 5.0397446549866314e-20,
    "(((0,), (1,)), ((1,), (1,)))": -5.6550689551423294e-15,
    "(((0,), (1,)), ((2,), (0,)))": -2.2977131743866935e-19,
    "(((0,), (1,)), ((2,), (1,)))": -1.0601510158691483e-13,
    "(((0,), (1,)), ((3,), (0,)))": 5.474606300961364e-19,
    "(((0,), (1,)), ((3,), (1,)))": 0.0006782631831610247,
    "(((0,), (1,)), ((4,), (0,)))": -8.136363738760273e-20,
    "(((0,), (1,)), ((4,), (1,)))": 1.4056430809952437e-20,
    "(((0,), (1,)), ((5,), (0,)))": 6.230866684567043e-20,
    "(((0,), (1,)), ((5,), (1,)))": 6.70524123683735e-14,
    "(((0,), (1,)), ((6,), (0,)))": -4.986125075282843e-14,
    "(((0,), (1,)), ((6,), (1,)))": 9.629590733247963e-20,
    "(((0,), (1,)), ((7,), (0,)))": -2.9132300201336563e-18,
    "(((0,), (1,)), ((7,), (1,)))": -5.479047497106695e-19,
    "(((1,), (0,)), ((0,), (0,)))": -2.913237143046298e-15,
    "(((1,), (0,)), ((0,), (1,)))": 5.039744654986675e-20,
    "(((1,), (0,)), ((1,), (0,)))": -0.00016889264457748212,
    "(((1,), (0,)), ((1,), (1,)))": -4.607805981915132e-19,
    "(((1,), (0,)), ((2,), (0,)))": 0.00039489388572395436,
    "(((1,), (0,)), ((2,), (1,)))": 2.213991237425839e-19,
    "(((1,), (0,)), ((3,), (0,)))": 1.3221627411315503e-13,
    "(((1,), (0,)), ((3,), (1,)))": 3.3785374812683957e-19,
    "(((1,), (0,)), ((4,), (0,)))": -3.0559751944249833e-19,
    "(((1,), (0,)), ((4,), (1,)))": 5.144248911022224e-17,
    "(((1,), (0,)), ((5,), (0,)))": -0.00018500359334595325,
    "(((1,), (0,)), ((5,), (1,)))": 8.957120953997258e-17,
    "(((1,), (0,)), ((6,), (0,)))": -3.498385100752017e-17,
    "(((1,), (0,)), ((6,), (1,)))": -0.0004764410582637005,
    "(((1,), (0,)), ((7,), (0,)))": -3.341325619389987e-18,
    "(((1,), (0,)), ((7,), (1,)))": -3.088329798926469e-19,
    "(((1,), (1,)), ((0,), (0,)))": -6.0836539734213734e-21,
    "(((1,), (1,)), ((0,), (1,)))": -5.654957904684345e-15,
    "(((1,), (1,)), ((1,), (0,)))": -4.60780598191513e-19,
    "(((1,), (1,)), ((1,), (1,)))": -0.0006775707779968417,
    "(((1,), (1,)), ((2,), (0,)))": 1.342055053719996e-19,
    "(((1,), (1,)), ((2,), (1,)))": 0.0004400788568411966,
    "(((1,), (1,)), ((3,), (0,)))": 1.796363463818011e-20,
    "(((1,), (1,)), ((3,), (1,)))": 1.6340877583083914e-13,
    "(((1,), (1,)), ((4,), (0,)))": -7.145211247110831e-17,
    "(((1,), (1,)), ((4,), (1,)))": -5.424012807275121e-19,
    "(((1,), (1,)), ((5,), (0,)))": -3.9130139180235204e-17,
    "(((1,), (1,)), ((5,), (1,)))": -0.00027834548112646207,
    "(((1,), (1,)), ((6,), (0,)))": 0.0002069635763683245,
    "(((1,), (1,)), ((6,), (1,)))": -5.1955877705347896e-17,
    "(((1,), (1,)), ((7,), (0,)))": 9.673247228112642e-20,
    "(((1,), (1,)), ((7,), (1,)))": -5.90436937825323e-19,
    "(((2,), (0,)), ((0,), (0,)))": -9.513912355394974e-14,
    "(((2,), (0,)), ((0,), (1,)))": -2.297713174386709e-19,
    "(((2,), (0,)), ((1,), (0,)))": 0.0003948938857239543,
    "(((2,), (0,)), ((1,), (1,)))": 1.3420550537199865e-19,
    "(((2,), (0,)), ((2,), (0,)))": -0.008068837337848082,
    "(((2,), (0,)), ((2,), (1,)))": -2.3875125876838407e-17,
    "(((2,), (0,)), ((3,), (0,)))": 2.537324644127712e-16,
    "(((2,), (0,)), ((3,), (1,)))": -6.5017929001256664e-18,
    "(((2,), (0,)), ((4,), (0,)))": 9.772392505941124e-18,
    "(((2,), (0,)), ((4,), (1,)))": -1.647816091162122e-15,
    "(((2,), (0,)), ((5,), (0,)))": 0.004395447488314362,
    "(((2,), (0,)), ((5,), (1,)))": -3.448071565219062e-15,
    "(((2,), (0,)), ((6,), (0,)))": 9.034781021381335e-16,
    "(((2,), (0,)), ((6,), (1,)))": 0.018179886661680043,
    "(((2,), (0,)), ((7,), (0,)))": -5.7688082303557425e-18,
    "(((2,), (0,)), ((7,), (1,)))": 4.085021063409573e-18,
    "(((2,), (1,)), ((0,), (0,)))": -1.6048884179026716e-19,
    "(((2,), (1,)), ((0,), (1,)))": -1.0601487563807069e-13,
    "(((2,), (1,)), ((1,), (0,)))": 2.213991237425847e-19,
    "(((2,), (1,)), ((1,), (1,)))": 0.00044007885684119695,
    "(((2,), (1,)), ((2,), (0,)))": -2.3875125876838416e-17,
    "(((2,), (1,)), ((2,), (1,)))": -0.02303898926214345,
    "(((2,), (1,)), ((3,), (0,)))": -1.1086495317788087e-17,
    "(((2,), (1,)), ((3,), (1,)))": -9.063397845401447e-17,
    "(((2,), (1,)), ((4,), (0,)))": -5.646969061178865e-15,
    "(((2,), (1,)), ((4,), (1,)))": -3.02086149115944e-17,
    "(((2,), (1,)), ((5,), (0,)))": -5.944775318840425e-15,
    "(((2,), (1,)), ((5,), (1,)))": -0.01915760347042617,
    "(((2,), (1,)), ((6,), (0,)))": 0.03151325242272339,
    "(((2,), (1,)), ((6,), (1,)))": -3.625585927352086e-15,
    "(((2,), (1,)), ((7,), (0,)))": 1.0157304775362767e-17,
    "(((2,), (1,)), ((7,), (1,)))": -1.2822601112104961e-17,
    "(((3,), (0,)), ((0,), (0,)))": 0.0005488066399245389,
    "(((3,), (0,)), ((0,), (1,)))": 5.474606300961371e-19,
    "(((3,), (0,)), ((1,), (0,)))": 1.3221621626460227e-13,
    "(((3,), (0,)), ((1,), (1,)))": 1.7963634638180688e-20,
    "(((3,), (0,)), ((2,), (0,)))": 2.551642526700242e-16,
    "(((3,), (0,)), ((2,), (1,)))": -1.1086495317788096e-17,