{
  "E": -14.64814124761903,
  "sol": {
    "((1, 1, 1), (1, 1, 1))": 0.9646558505816847,
    "((1, 1, 1), (1, 1, 0, 1))": -3.6942671144402084e-14,
    "((1, 1, 1), (1, 0, 1, 1))": -8.148875522442836e-18,
    "((1, 1, 1), (0, 1, 1, 1))": 0.0006606490192386394,
    "((1, 1, 1), (1, 1, 0, 0, 1))": -1.0162276110031141e-15,
    "((1, 1, 1), (1, 0, 1, 0, 1))": -1.6073229293723497e-18,
    "((1, 1, 1), (0, 1, 1, 0, 1))": 1.0221599963305222e-17,
    "((1, 1, 1), (1, 0, 0, 1, 1))": 4.479142617954129e-18,
    "((1, 1, 1), (0, 1, 0, 1, 1))": 1.5607460288929901e-18,
    "((1, 1, 1), (0, 0, 1, 1, 1))": 2.688283854947018e-19,
    "((1, 1, 0, 1), (1, 1, 1))": 2.2726282071844565e-14,
    "((1, 1, 0, 1), (1, 1, 0, 1))": -0.21770304898835785,
    "((1, 1, 0, 1), (1, 0, 1, 1))": -0.001502367752651216,
    "((1, 1, 0, 1), (0, 1, 1, 1))": 3.8028460508855964e-16,
    "((1, 1, 0, 1), (1, 1, 0, 0, 1))": 4.5584525897239255e-17,
    "((1, 1, 0, 1), (1, 0, 1, 0, 1))": 4.052862898566502e-19,
    "((1, 1, 0, 1), (0, 1, 1, 0, 1))": 3.535213246623973e-18,
    "((1, 1, 0, 1), (1, 0, 0, 1, 1))": 1.4498278177932357e-17,
    "((1, 1, 0, 1), (0, 1, 0, 1, 1))": -9.344945952881332e-19,
    "((1, 1, 0, 1), (0, 0, 1, 1, 1))": -1.2619795325307629e-20,
    "((1, 0, 1, 1), (1, 1, 1))": 2.1933550827961807e-16,
    "((1, 0, 1, 1), (1, 1, 0, 1))": -0.0015023677526512231,
    "((1, 0, 1, 1), (1, 0, 1, 1))": -0.0018451950959372338,
    "((1, 0, 1, 1), (0, 1, 1, 1))": 4.264133387517268e-17,
    "((1, 0, 1, 1), (1, 1, 0, 0, 1))": 9.809499021698678e-19,
    "((1, 0, 1, 1), (1, 0, 1, 0, 1))": 1.3940793740661474e-19,
    "((1, 0, 1, 1), (0, 1, 1, 0, 1))": -6.862541249004504e-18,
    "((1, 0, 1, 1), (1, 0, 0, 1, 1))": -1.46501444672502e-18,
    "((1, 0, 1, 1), (0, 1, 0, 1, 1))": -8.074537286831426e-20,
    "((1, 0, 1, 1), (0, 0, 1, 1, 1))": -1.6763684741949713e-20,
    "((0, 1, 1, 1), (1, 1, 1))": 0.0006606490192385657,
    "((0, 1, 1, 1), (1, 1, 0, 1))": 3.655344358780559e-16,
    "((0, 1, 1, 1), (1, 0, 1, 1))": 4.36699820024719e-17,
    "((0, 1, 1, 1), (0, 1, 1, 1))": -0.0018502748882222957,
    "((0, 1, 1, 1), (1, 1, 0, 0, 1))": 5.695205384178945e-18,
    "((0, 1, 1, 1), (1, 0, 1, 0, 1))": -7.253669786650631e-18,
    "((0, 1, 1, 1), (0, 1, 1, 0, 1))": 1.857423696968198e-19,
    "((0, 1, 1, 1), (1, 0, 0, 1, 1))": -9.496463725307652e-20,
    "((0, 1, 1, 1), (0, 1, 0, 1, 1))": -1.5151108936550052e-18,
    "((0, 1, 1, 1), (0, 0, 1, 1, 1))": -9.777994528324775e-21,
    "((1, 1, 0, 0, 1), (1, 1, 1))": -8.849599322671132e-16,
    "((1, 1, 0, 0, 1), (1, 1, 0, 1))": 4.610316841076666e-17,
    "((1, 1, 0, 0, 1), (1, 0, 1, 1))": 1.063076264583419e-18,
    "((1, 1, 0, 0, 1), (0, 1, 1, 1))": 5.662371557182106e-18,
    "((1, 1, 0, 0, 1), (1, 1, 0, 0, 1))": -0.14838817311524985,
    "((1, 1, 0, 0, 1), (1, 0, 1, 0, 1))": 0.0023436161931295312,
    "((1, 1, 0, 0, 1), (0, 1, 1, 0, 1))": -5.673316907710123e-16,
    "((1, 1, 0, 0, 1), (1, 0, 0, 1, 1))": 2.1210114113923496e-17,
    "((1, 1, 0, 0, 1), (0, 1, 0, 1, 1))": 0.0006561303112771613,
    "((1, 1, 0, 0, 1), (0, 0, 1, 1, 1))": 5.060352084535086e-07,
    "((1, 0, 1, 0, 1), (1, 1, 1))": -1.2248782415759172e-17,
    "((1, 0, 1, 0, 1), (1, 1, 0, 1))": 7.807623834183847e-19,
    "((1, 0, 1, 0, 1), (1, 0, 1, 1))": 2.525106131532231e-19,
    "((1, 0, 1, 0, 1), (0, 1, 1, 1))": -7.412509315294971e-18,
    "((1, 0, 1, 0, 1), (1, 1, 0, 0, 1))": 0.0023436161931295447,
    "((1, 0, 1, 0, 1), (1, 0, 1, 0, 1))": -0.00041390786677658343,
    "((1, 0, 1, 0, 1), (0, 1, 1, 0, 1))": 9.295086006766248e-18,
    "((1, 0, 1, 0, 1), (1, 0, 0, 1, 1))": -1.0311992015154493e-16,
    "((1, 0, 1, 0, 1), (0, 1, 0, 1, 1))": -0.0003123394560788158,
    "((1, 0, 1, 0, 1), (0, 0, 1, 1, 1))": 4.666848774048972e-06,
    "((0, 1, 1, 0, 1), (1, 1, 1))": 4.531568298932645e-18,
    "((0, 1, 1, 0, 1), (1, 1, 0, 1))": 4.098761906919394e-18,
    "((0, 1, 1, 0, 1), (1, 0, 1, 1))": -7.127020845898019e-18,
    "((0, 1, 1, 0, 1), (0, 1, 1, 1))": 2.4088754416763606e-19,
    "((0, 1, 1, 0, 1), (1, 1, 0, 0, 1))": -4.34377821867921e-16,
    "((0, 1, 1, 0, 1), (1, 0, 1, 0, 1))": 1.0262859723952279e-17,
    "((0, 1, 1, 0, 1), (0, 1, 1, 0, 1))": -0.0004054709914286117,
    "((0, 1, 1, 0, 1), (1, 0, 0, 1, 1))": -0.0003128454912872713,
    "((0, 1, 1, 0, 1), (0, 1, 0, 1, 1))": 1.6494092814618048e-16,
    "((0, 1, 1, 0, 1), (0, 0, 1, 1, 1))": -9.745273165058462e-19,
    "((1, 0, 0, 1, 1), (1, 1, 1))": -2.0822836017186558e-19,
    "((1, 0, 0, 1, 1), (1, 1, 0, 1))": 1.4940626978214986e-17,
    "((1, 0, 0, 1, 1), (1, 0, 1, 1))": -1.070752125113905e-18,
    "((1, 0, 0, 1, 1), (0, 1, 1, 1))": -2.774933918611365e-20,
    "((1, 0, 0, 1, 1), (1, 1, 0, 0, 1))": 1.9529842788748764e-16,
    "((1, 0, 0, 1, 1), (1, 0, 1, 0, 1))": -1.5270077140935997e-16,
    "((1, 0, 0, 1, 1), (0, 1, 1, 0, 1))": -0.0003128454912872698,
    "((1, 0, 0, 1, 1), (1, 0, 0, 1, 1))": 0.0005695370666299653,
    "((1, 0, 0, 1, 1), (0, 1, 0, 1, 1))": -8.622710806024219e-18,
    "((1, 0, 0, 1, 1), (0, 0, 1, 1, 1))": -3.4690315471946435e-19,
    "((0, 1, 0, 1, 1), (1, 1, 1))": -1.7858267859983206e-18,
    "((0, 1, 0, 1, 1), (1, 1, 0, 1))": -6.051313709672984e-19,
    "((0, 1, 0, 1, 1), (1, 0, 1, 1))": -3.8515806900455463e-20,
    "((0, 1, 0, 1, 1), (0, 1, 1, 1))": -1.1219212391589563e-18,
    "((0, 1, 0, 1, 1), (1, 1, 0, 0, 1))": 0.0006561303112771564,
    "((0, 1, 0, 1, 1), (1, 0, 1, 0, 1))": -0.0003123394560788173,
    "((0, 1, 0, 1, 1), (0, 1, 1, 0, 1))": 1.1688550511976583e-16,
    "((0, 1, 0, 1, 1), (1, 0, 0, 1, 1))": -8.524057794662167e-18,
    "((0, 1, 0, 1, 1), (0, 1, 0, 1, 1))": 0.0005567633099071282,
    "((0, 1, 0, 1, 1), (0, 0, 1, 1, 1))": -2.505009963211198e-06,
    "((0, 0, 1, 1, 1), (1, 1, 1))": 2.953852957182364e-19,
    "((0, 0, 1, 1, 1), (1, 1, 0, 1))": -1.0831092822613867e-20,
    "((0, 0, 1, 1, 1), (1, 0, 1, 1))": -8.582419850673684e-21,
    "((0, 0, 1, 1, 1), (0, 1, 1, 1))": -2.2121307254749668e-20,
    "((0, 0, 1, 1, 1), (1, 1, 0, 0, 1))": 5.060352084535264e-07,
    "((0, 0, 1, 1, 1), (1, 0, 1, 0, 1))": 4.66684877404847e-06,
    "((0, 0, 1, 1, 1), (0, 1, 1, 0, 1))": -1.1811700603373736e-18,
    "((0, 0, 1, 1, 1), (1, 0, 0, 1, 1))": -4.458839616695759e-19,
    "((0, 0, 1, 1, 1), (0, 1, 0, 1, 1))": -2.505009963211602e-06,
    "((0, 0, 1, 1, 1), (0, 0, 1, 1, 1))": -2.0761921264140061e-07
  }
}