{
  "E": -14.648133686599497,
  "sol": {
    "(((), ()), ((), ()))": 0.9646872594493315,
    "(((0,), (0,)), ((), ()))": 0.000647675024717901,
    "(((), ()), ((0,), (0,)))": 0.000647675024717901,
    "(((0,), (1,)), ((), ()))": 4.542564784384106e-18,
    "(((), ()), ((0,), (1,)))": 4.542564784384106e-18,
    "(((1,), (0,)), ((), ()))": 2.9302381209488303e-16,
    "(((), ()), ((1,), (0,)))": 2.9302381209488303e-16,
    "(((1,), (1,)), ((), ()))": -1.168474209518012e-17,
    "(((), ()), ((1,), (1,)))": -1.168474209518012e-17,
    "(((2,), (0,)), ((), ()))": 4.2053489114504054e-16,
    "(((), ()), ((2,), (0,)))": 4.2053489114504054e-16,
    "(((2,), (1,)), ((), ()))": -9.28901769167756e-16,
    "(((), ()), ((2,), (1,)))": -9.28901769167756e-16,
    "(((0,), (0,)), ((0,), (0,)))": -0.0018462693002481354,
    "(((0,), (0,)), ((0,), (1,)))": 2.445047784413992e-19,
    "(((0,), (0,)), ((1,), (0,)))": 5.332739509908422e-18,
    "(((0,), (0,)), ((1,), (1,)))": -7.453830468843882e-18,
    "(((0,), (0,)), ((2,), (0,)))": 3.1278913054512666e-16,
    "(((0,), (0,)), ((2,), (1,)))": 5.579978619018599e-18,
    "(((0,), (1,)), ((0,), (0,)))": 2.4450477844139224e-19,
    "(((0,), (1,)), ((0,), (1,)))": -0.0004214616307733526,
    "(((0,), (1,)), ((1,), (0,)))": -7.171872988809682e-18,
    "(((0,), (1,)), ((1,), (1,)))": 1.1362175029465013e-17,
    "(((0,), (1,)), ((2,), (0,)))": 4.166350784946372e-18,
    "(((0,), (1,)), ((2,), (1,)))": -5.436529744136274e-16,
    "(((1,), (0,)), ((0,), (0,)))": 4.2214227262244e-18,
    "(((1,), (0,)), ((0,), (1,)))": -7.171872988809685e-18,
    "(((1,), (0,)), ((1,), (0,)))": -0.0018409739298407871,
    "(((1,), (0,)), ((1,), (1,)))": 2.5528666541689273e-19,
    "(((1,), (0,)), ((2,), (0,)))": -0.001501314749374926,
    "(((1,), (0,)), ((2,), (1,)))": 1.0107321647333022e-18,
    "(((1,), (1,)), ((0,), (0,)))": -7.453830468843881e-18,
    "(((1,), (1,)), ((0,), (1,)))": 1.136217502946501e-17,
    "(((1,), (1,)), ((1,), (0,)))": 2.5528666541687983e-19,
    "(((1,), (1,)), ((1,), (1,)))": -0.0004311647203707222,
    "(((1,), (1,)), ((2,), (0,)))": 7.707394558172206e-19,
    "(((1,), (1,)), ((2,), (1,)))": 0.0023855186909304362,
    "(((2,), (0,)), ((0,), (0,)))": 3.1417495376052427e-16,
    "(((2,), (0,)), ((0,), (1,)))": 4.166350784946393e-18,
    "(((2,), (0,)), ((1,), (0,)))": -0.0015013147493749242,
    "(((2,), (0,)), ((1,), (1,)))": 7.707394558172135e-19,
    "(((2,), (0,)), ((2,), (0,)))": -0.21767465215942225,
    "(((2,), (0,)), ((2,), (1,)))": 4.580808809565659e-17,
    "(((2,), (1,)), ((0,), (0,)))": 5.579978619018594e-18,
    "(((2,), (1,)), ((0,), (1,)))": -5.433820406165288e-16,
    "(((2,), (1,)), ((1,), (0,)))": 1.0107321647333263e-18,
    "(((2,), (1,)), ((1,), (1,)))": 0.0023855186909304362,
    "(((2,), (1,)), ((2,), (0,)))": 4.580808809565707e-17,
    "(((2,), (1,)), ((2,), (1,)))": -0.14823072413798888
  }
}