{
  "E": -196.04265422179446,
  "sol": {
    "(((), ()), ((), ()))": 0.9516318462860198,
    "(((0,), (0,)), ((), ()))": -3.704664863573505e-05,
    "(((), ()), ((0,), (0,)))": -3.704664863573505e-05,
    "(((1,), (0,)), ((), ()))": -7.81253883168886e-16,
    "(((), ()), ((1,), (0,)))": -7.81253883168886e-16,
    "(((2,), (0,)), ((), ()))": 1.3171375742783727e-15,
    "(((), ()), ((2,), (0,)))": 1.3171375742783727e-15,
    "(((3,), (0,)), ((), ()))": 0.01877997010533046,
    "(((), ()), ((3,), (0,)))": 0.01877997010533046,
    "(((4,), (0,)), ((), ()))": 2.323458813336701e-18,
    "(((), ()), ((4,), (0,)))": 2.323458813336701e-18,
    "(((5,), (0,)), ((), ()))": 8.688519361986134e-17,
    "(((), ()), ((5,), (0,)))": 8.688519361986134e-17,
    "(((6,), (0,)), ((), ()))": -3.67632936390287e-15,
    "(((), ()), ((6,), (0,)))": -3.67632936390287e-15,
    "(((7,), (0,)), ((), ()))": 1.9021248786565024e-17,
    "(((), ()), ((7,), (0,)))": 1.9021248786565024e-17,
    "(((8,), (0,)), ((), ()))": 1.9128739513284085e-16,
    "(((), ()), ((8,), (0,)))": 1.9128739513284085e-16,
    "(((0,), (0,)), ((0,), (0,)))": -0.00021439258319924678,
    "(((0,), (0,)), ((1,), (0,)))": -1.6007027029885005e-16,
    "(((0,), (0,)), ((2,), (0,)))": -9.778253264703074e-15,
    "(((0,), (0,)), ((3,), (0,)))": -0.0005386506468444332,
    "(((0,), (0,)), ((4,), (0,)))": -2.919417289137616e-20,
    "(((0,), (0,)), ((5,), (0,)))": -1.1723942659076892e-19,
    "(((0,), (0,)), ((6,), (0,)))": 1.2741561307371535e-15,
    "(((0,), (0,)), ((7,), (0,)))": -1.493075042503265e-19,
    "(((0,), (0,)), ((8,), (0,)))": -3.7636755551311597e-20,
    "(((1,), (0,)), ((0,), (0,)))": -1.6005982058507478e-16,
    "(((1,), (0,)), ((1,), (0,)))": -0.00020718561104492243,
    "(((1,), (0,)), ((2,), (0,)))": 0.0004370217146469332,
    "(((1,), (0,)), ((3,), (0,)))": -1.203605877165183e-14,
    "(((1,), (0,)), ((4,), (0,)))": 1.8208445922076576e-19,
    "(((1,), (0,)), ((5,), (0,)))": -3.039694692867489e-20,
    "(((1,), (0,)), ((6,), (0,)))": -5.62305658119568e-05,
    "(((1,), (0,)), ((7,), (0,)))": -2.960930126962824e-20,
    "(((1,), (0,)), ((8,), (0,)))": 3.845406346781306e-18,
    "(((2,), (0,)), ((0,), (0,)))": -9.777864266541986e-15,
    "(((2,), (0,)), ((1,), (0,)))": 0.0004370217146469332,
    "(((2,), (0,)), ((2,), (0,)))": -0.01648875471133511,
    "(((2,), (0,)), ((3,), (0,)))": -1.669109549781049e-16,
    "(((2,), (0,)), ((4,), (0,)))": -9.15938907685637e-17,
    "(((2,), (0,)), ((5,), (0,)))": -4.893529080895417e-17,
    "(((2,), (0,)), ((6,), (0,)))": 0.031559332506002846,
    "(((2,), (0,)), ((7,), (0,)))": 2.1242686783496519e-16,
    "(((2,), (0,)), ((8,), (0,)))": -6.193613732964212e-17,
    "(((3,), (0,)), ((0,), (0,)))": -0.0005386506468444332,
    "(((3,), (0,)), ((1,), (0,)))": -1.2036055283354952e-14,
    "(((3,), (0,)), ((2,), (0,)))": -1.7427826029731128e-16,
    "(((3,), (0,)), ((3,), (0,)))": -0.02376007602677946,
    "(((3,), (0,)), ((4,), (0,)))": 1.8294182862065173e-18,
    "(((3,), (0,)), ((5,), (0,)))": -2.6201701548784383e-18,
    "(((3,), (0,)), ((6,), (0,)))": -1.7289085921440255e-15,
    "(((3,), (0,)), ((7,), (0,)))": -2.802140796829594e-18,
    "(((3,), (0,)), ((8,), (0,)))": 2.362523286172135e-18,
    "(((4,), (0,)), ((0,), (0,)))": -2.9194172891376064e-20,
    "(((4,), (0,)), ((1,), (0,)))": 1.8208445922076538e-19,
    "(((4,), (0,)), ((2,), (0,)))": -9.15938907685637e-17,
    "(((4,), (0,)), ((3,), (0,)))": 1.82941828620652e-18,
    "(((4,), (0,)), ((4,), (0,)))": -0.006315915781300937,
    "(((4,), (0,)), ((5,), (0,)))": -3.4013631485361697e-18,
    "(((4,), (0,)), ((6,), (0,)))": 8.510259929757023e-16,
    "(((4,), (0,)), ((7,), (0,)))": -1.2607673477496477e-15,
    "(((4,), (0,)), ((8,), (0,)))": 2.5949603625299205e-16,
    "(((5,), (0,)), ((0,), (0,)))": -1.1723942659076916e-19,
    "(((5,), (0,)), ((1,), (0,)))": -3.03969469286746e-20,
    "(((5,), (0,)), ((2,), (0,)))": -4.893529080895418e-17,
    "(((5,), (0,)), ((3,), (0,)))": -2.620170154878436e-18,
    "(((5,), (0,)), ((4,), (0,)))": -3.3208288600744293e-18,
    "(((5,), (0,)), ((5,), (0,)))": -0.0063159157813009095,
    "(((5,), (0,)), ((6,), (0,)))": 4.734756924056503e-16,
    "(((5,), (0,)), ((7,), (0,)))": -3.12553034973396e-16,
    "(((5,), (0,)), ((8,), (0,)))": -7.116072531880433e-16,
    "(((6,), (0,)), ((0,), (0,)))": 1.2740043807637047e-15,
    "(((6,), (0,)), ((1,), (0,)))": -5.623056581195669e-05,
    "(((6,), (0,)), ((2,), (0,)))": 0.03155933250600285,
    "(((6,), (0,)), ((3,), (0,)))": -1.7302688968275547e-15,
    "(((6,), (0,)), ((4,), (0,)))": 8.510259929757023e-16,
    "(((6,), (0,)), ((5,), (0,)))": 4.734756924056502e-16,
    "(((6,), (0,)), ((6,), (0,)))": -0.2982421960225009,
    "(((6,), (0,)), ((7,), (0,)))": -1.8487617852485805e-15,
    "(((6,), (0,)), ((8,), (0,)))": 6.664294883922114e-16,
    "(((7,), (0,)), ((0,), (0,)))": -1.4930750425032526e-19,
    "(((7,), (0,)), ((1,), (0,)))": -2.9609301269628434e-20,
    "(((7,), (0,)), ((2,), (0,)))": 2.1242686783496523e-16,
    "(((7,), (0,)), ((3,), (0,)))": -2.802140796829612e-18,
    "(((7,), (0,)), ((4,), (0,)))": -1.261433823972555e-15,
    "(((7,), (0,)), ((5,), (0,)))": -3.122017553612621e-16,
    "(((7,), (0,)), ((6,), (0,)))": -1.8487617852485805e-15,
    "(((7,), (0,)), ((7,), (0,)))": -0.030280374026890954,
    "(((7,), (0,)), ((8,), (0,)))": -1.5280685392794027e-17,
    "(((8,), (0,)), ((0,), (0,)))": -3.7636755551311404e-20,
    "(((8,), (0,)), ((1,), (0,)))": 3.845406346781306e-18,
    "(((8,), (0,)), ((2,), (0,)))": -6.193613732964213e-17,
    "(((8,), (0,)), ((3,), (0,)))": 2.362523286172152e-18,
    "(((8,), (0,)), ((4,), (0,)))": 2.5927492970911077e-16,
    "(((8,), (0,)), ((5,), (0,)))": -7.106970182662067e-16,
    "(((8,), (0,)), ((6,), (0,)))": 6.664294883922114e-16,
    "(((8,), (0,)), ((7,), (0,)))": -1.5299185489078254e-17,
    "(((8,), (0,)), ((8,), (0,)))": -0.03028037402689098
  }
}