{
  "E": -14.63200281704208,
  "sol": {
    "((1, 1, 1), (1, 1, 1))": 0.823211724765208,
    "((1, 1, 1), (1, 1, 0, 1))": -3.6770586575585185e-13,
    "((1, 1, 1), (1, 0, 1, 1))": -2.1747568777174866e-15,
    "((1, 1, 1), (0, 1, 1, 1))": -0.0009335813296566636,
    "((1, 1, 1), (1, 1, 0, 0, 1))": 0.15181999004415225,
    "((1, 1, 1), (1, 0, 1, 0, 1))": 0.0010670282090611543,
    "((1, 1, 1), (0, 1, 1, 0, 1))": -1.2741415680254884e-15,
    "((1, 1, 1), (1, 0, 0, 1, 1))": -5.292446568721216e-16,
    "((1, 1, 1), (0, 1, 0, 1, 1))": 0.00019462116471729394,
    "((1, 1, 1), (0, 0, 1, 1, 1))": 4.405920523607783e-06,
    "((1, 1, 0, 1), (1, 1, 1))": 3.519328597346569e-13,
    "((1, 1, 0, 1), (1, 1, 0, 1))": -0.5248397617916838,
    "((1, 1, 0, 1), (1, 0, 1, 1))": -0.0021478463245044586,
    "((1, 1, 0, 1), (0, 1, 1, 1))": 1.4714685433744962e-15,
    "((1, 1, 0, 1), (1, 1, 0, 0, 1))": 4.338859712816473e-14,
    "((1, 1, 0, 1), (1, 0, 1, 0, 1))": 1.2077533297468807e-15,
    "((1, 1, 0, 1), (0, 1, 1, 0, 1))": 0.00010582533243207975,
    "((1, 1, 0, 1), (1, 0, 0, 1, 1))": -0.0020651440819509453,
    "((1, 1, 0, 1), (0, 1, 0, 1, 1))": 1.8300907576575903e-15,
    "((1, 1, 0, 1), (0, 0, 1, 1, 1))": 4.272134495078069e-18,
    "((1, 0, 1, 1), (1, 1, 1))": 8.148993871262914e-17,
    "((1, 0, 1, 1), (1, 1, 0, 1))": -0.0021478463245044083,
    "((1, 0, 1, 1), (1, 0, 1, 1))": -0.0009419915878411644,
    "((1, 0, 1, 1), (0, 1, 1, 1))": -4.7295221354158504e-17,
    "((1, 0, 1, 1), (1, 1, 0, 0, 1))": 1.7170262629893297e-16,
    "((1, 0, 1, 1), (1, 0, 1, 0, 1))": -5.387963438027074e-16,
    "((1, 0, 1, 1), (0, 1, 1, 0, 1))": -0.0003103716055549698,
    "((1, 0, 1, 1), (1, 0, 0, 1, 1))": 0.00016861012942790196,
    "((1, 0, 1, 1), (0, 1, 0, 1, 1))": 1.8656307153755647e-16,
    "((1, 0, 1, 1), (0, 0, 1, 1, 1))": -6.951071288599775e-19,
    "((0, 1, 1, 1), (1, 1, 1))": -0.0009335813296563951,
    "((0, 1, 1, 1), (1, 1, 0, 1))": 2.6598524439301788e-15,
    "((0, 1, 1, 1), (1, 0, 1, 1))": -4.4839442093051287e-17,
    "((0, 1, 1, 1), (0, 1, 1, 1))": -0.0009343938864220078,
    "((0, 1, 1, 1), (1, 1, 0, 0, 1))": -8.879583228517821e-05,
    "((0, 1, 1, 1), (1, 0, 1, 0, 1))": -0.00031477752607860003,
    "((0, 1, 1, 1), (0, 1, 1, 0, 1))": 6.355655945804547e-16,
    "((0, 1, 1, 1), (1, 0, 0, 1, 1))": 1.8933225785071336e-16,
    "((0, 1, 1, 1), (0, 1, 0, 1, 1))": 0.0001696034658725139,
    "((0, 1, 1, 1), (0, 0, 1, 1, 1))": -1.911020055630454e-06,
    "((1, 1, 0, 0, 1), (1, 1, 1))": 0.15181999004415317,
    "((1, 1, 0, 0, 1), (1, 1, 0, 1))": -4.042541699390414e-14,
    "((1, 1, 0, 0, 1), (1, 0, 1, 1))": -3.8250781550927926e-16,
    "((1, 1, 0, 0, 1), (0, 1, 1, 1))": -8.879583228518629e-05,
    "((1, 1, 0, 0, 1), (1, 1, 0, 0, 1))": -0.026917684541346357,
    "((1, 1, 0, 0, 1), (1, 0, 1, 0, 1))": 0.0025247579032562184,
    "((1, 1, 0, 0, 1), (0, 1, 1, 0, 1))": -1.5194125030630934e-15,
    "((1, 1, 0, 0, 1), (1, 0, 0, 1, 1))": -2.469014237142332e-15,
    "((1, 1, 0, 0, 1), (0, 1, 0, 1, 1))": -0.001442631191358855,
    "((1, 1, 0, 0, 1), (0, 0, 1, 1, 1))": 7.056276588452539e-09,
    "((1, 0, 1, 0, 1), (1, 1, 1))": 0.0010670282090611642,
    "((1, 0, 1, 0, 1), (1, 1, 0, 1))": -1.0359796841252761e-15,
    "((1, 0, 1, 0, 1), (1, 0, 1, 1))": -6.680239124741283e-16,
    "((1, 0, 1, 0, 1), (0, 1, 1, 1))": -0.0003147775260786122,
    "((1, 0, 1, 0, 1), (1, 1, 0, 0, 1))": 0.002524757903256043,
    "((1, 0, 1, 0, 1), (1, 0, 1, 0, 1))": -0.0005716748051408498,
    "((1, 0, 1, 0, 1), (0, 1, 1, 0, 1))": 5.315537531928867e-18,
    "((1, 0, 1, 0, 1), (1, 0, 0, 1, 1))": 6.603376091694165e-16,
    "((1, 0, 1, 0, 1), (0, 1, 0, 1, 1))": 0.00017372203677736472,
    "((1, 0, 1, 0, 1), (0, 0, 1, 1, 1))": -3.370784387204935e-06,
    "((0, 1, 1, 0, 1), (1, 1, 1))": -7.661594470480857e-16,
    "((0, 1, 1, 0, 1), (1, 1, 0, 1))": 0.00010582533243209026,
    "((0, 1, 1, 0, 1), (1, 0, 1, 1))": -0.0003103716055549707,
    "((0, 1, 1, 0, 1), (0, 1, 1, 1))": 5.08744284266567e-16,
    "((0, 1, 1, 0, 1), (1, 1, 0, 0, 1))": -3.2942054101658067e-15,
    "((0, 1, 1, 0, 1), (1, 0, 1, 0, 1))": -3.6672961046360575e-18,
    "((0, 1, 1, 0, 1), (0, 1, 1, 0, 1))": -0.0005724097096585265,
    "((0, 1, 1, 0, 1), (1, 0, 0, 1, 1))": 0.00017371498050078576,
    "((0, 1, 1, 0, 1), (0, 1, 0, 1, 1))": 1.6375084476344236e-18,
    "((0, 1, 1, 0, 1), (0, 0, 1, 1, 1))": 4.7720402827291446e-18,
    "((1, 0, 0, 1, 1), (1, 1, 1))": 9.085271856311129e-16,
    "((1, 0, 0, 1, 1), (1, 1, 0, 1))": -0.0020651440819509388,
    "((1, 0, 0, 1, 1), (1, 0, 1, 1))": 0.00016861012942790606,
    "((1, 0, 0, 1, 1), (0, 1, 1, 1))": -1.9198293978316273e-16,
    "((1, 0, 0, 1, 1), (1, 1, 0, 0, 1))": -2.656954947701252e-16,
    "((1, 0, 0, 1, 1), (1, 0, 1, 0, 1))": 1.216229586914136e-17,
    "((1, 0, 0, 1, 1), (0, 1, 1, 0, 1))": 0.00017371498050076895,
    "((1, 0, 0, 1, 1), (1, 0, 0, 1, 1))": 0.0005823679594216896,
    "((1, 0, 0, 1, 1), (0, 1, 0, 1, 1))": -7.93448356765401e-18,
    "((1, 0, 0, 1, 1), (0, 0, 1, 1, 1))": -2.1332519697944308e-19,
    "((0, 1, 0, 1, 1), (1, 1, 1))": 0.00019462116471728527,
    "((0, 1, 0, 1, 1), (1, 1, 0, 1))": 2.1729782109449717e-15,
    "((0, 1, 0, 1, 1), (1, 0, 1, 1))": -1.8923163554299901e-16,
    "((0, 1, 0, 1, 1), (0, 1, 1, 1))": 0.0001696034658725123,
    "((0, 1, 0, 1, 1), (1, 1, 0, 0, 1))": -0.001442631191358867,
    "((0, 1, 0, 1, 1), (1, 0, 1, 0, 1))": 0.0001737220367773554,
    "((0, 1, 0, 1, 1), (0, 1, 1, 0, 1))": -6.353699294517923e-16,
    "((0, 1, 0, 1, 1), (1, 0, 0, 1, 1))": -1.4423816715659753e-17,
    "((0, 1, 0, 1, 1), (0, 1, 0, 1, 1))": 0.0005644693596465777,
    "((0, 1, 0, 1, 1), (0, 0, 1, 1, 1))": 3.4089650279132995e-07,
    "((0, 0, 1, 1, 1), (1, 1, 1))": 4.405920523606497e-06,
    "((0, 0, 1, 1, 1), (1, 1, 0, 1))": -3.703218920404521e-18,
    "((0, 0, 1, 1, 1), (1, 0, 1, 1))": -2.8068493482550865e-18,
    "((0, 0, 1, 1, 1), (0, 1, 1, 1))": -1.911020055630813e-06,
    "((0, 0, 1, 1, 1), (1, 1, 0, 0, 1))": 7.056276588634193e-09,
    "((0, 0, 1, 1, 1), (1, 0, 1, 0, 1))": -3.3707843872079603e-06,
    "((0, 0, 1, 1, 1), (0, 1, 1, 0, 1))": 1.5701962856851608e-18,
    "((0, 0, 1, 1, 1), (1, 0, 0, 1, 1))": 7.330886234539273e-19,
    "((0, 0, 1, 1, 1), (0, 1, 0, 1, 1))": 3.408965027870594e-07,
    "((0, 0, 1, 1, 1), (0, 0, 1, 1, 1))": 6.405749004633832e-07
  }
}