{
  "E": -14.631969095371256,
  "sol": {
    "(((), ()), ((), ()))": 0.8233923426981695,
    "(((0,), (0,)), ((), ()))": -0.0009143626977246089,
    "(((), ()), ((0,), (0,)))": -0.0009143626977246089,
    "(((0,), (1,)), ((), ()))": -1.0181043914984467e-15,
    "(((), ()), ((0,), (1,)))": -1.0181043914984467e-15,
    "(((1,), (0,)), ((), ()))": -8.589976740494256e-16,
    "(((), ()), ((1,), (0,)))": -8.589976740494256e-16,
    "(((1,), (1,)), ((), ()))": 0.001012127182414043,
    "(((), ()), ((1,), (1,)))": 0.001012127182414043,
    "(((2,), (0,)), ((), ()))": 1.1797237088104649e-15,
    "(((), ()), ((2,), (0,)))": 1.1797237088104649e-15,
    "(((2,), (1,)), ((), ()))": 0.15176947453310627,
    "(((), ()), ((2,), (1,)))": 0.15176947453310627,
    "(((0,), (0,)), ((0,), (0,)))": -0.0009307100974669876,
    "(((0,), (0,)), ((0,), (1,)))": 5.952751850351396e-16,
    "(((0,), (0,)), ((1,), (0,)))": 4.313740981211261e-18,
    "(((0,), (0,)), ((1,), (1,)))": -0.0003204293368052107,
    "(((0,), (0,)), ((2,), (0,)))": 2.0480367796514716e-15,
    "(((0,), (0,)), ((2,), (1,)))": -9.349293564311272e-05,
    "(((0,), (1,)), ((0,), (0,)))": 5.965833579384951e-16,
    "(((0,), (1,)), ((0,), (1,)))": -0.0005770157280733514,
    "(((0,), (1,)), ((1,), (0,)))": -0.0003174933491232572,
    "(((0,), (1,)), ((1,), (1,)))": 2.3060794038802974e-18,
    "(((0,), (1,)), ((2,), (0,)))": 0.00017330514002947785,
    "(((0,), (1,)), ((2,), (1,)))": -2.4246938590408292e-15,
    "(((1,), (0,)), ((0,), (0,)))": 3.7967632318779594e-18,
    "(((1,), (0,)), ((0,), (1,)))": -0.0003174933491232559,
    "(((1,), (0,)), ((1,), (0,)))": -0.0009396112198858822,
    "(((1,), (0,)), ((1,), (1,)))": -6.031389965817337e-16,
    "(((1,), (0,)), ((2,), (0,)))": -0.0021439905395715065,
    "(((1,), (0,)), ((2,), (1,)))": -1.0731714983742697e-16,
    "(((1,), (1,)), ((0,), (0,)))": -0.00032042933680521176,
    "(((1,), (1,)), ((0,), (1,)))": 2.3060794038802974e-18,
    "(((1,), (1,)), ((1,), (0,)))": -6.02598032366333e-16,
    "(((1,), (1,)), ((1,), (1,)))": -0.0005791968327938076,
    "(((1,), (1,)), ((2,), (0,)))": 1.4612012052886512e-16,
    "(((1,), (1,)), ((2,), (1,)))": 0.0025603455417627027,
    "(((2,), (0,)), ((0,), (0,)))": 2.04888799237614e-15,
    "(((2,), (0,)), ((0,), (1,)))": 0.0001733051400294782,
    "(((2,), (0,)), ((1,), (0,)))": -0.002143990539571507,
    "(((2,), (0,)), ((1,), (1,)))": 1.4505740964401945e-16,
    "(((2,), (0,)), ((2,), (0,)))": -0.5246041243984023,
    "(((2,), (0,)), ((2,), (1,)))": -1.2703807522148948e-15,
    "(((2,), (1,)), ((0,), (0,)))": -9.349293564311293e-05,
    "(((2,), (1,)), ((0,), (1,)))": -2.42438640395538e-15,
    "(((2,), (1,)), ((1,), (0,)))": -1.0626555050989697e-16,
    "(((2,), (1,)), ((1,), (1,)))": 0.0025603455417627027,
    "(((2,), (1,)), ((2,), (0,)))": -1.269989468397245e-15,
    "(((2,), (1,)), ((2,), (1,)))": -0.026805715957538542
  }
}