{
  "E": -14.630694047129236,
  "sol": {
    "((1, 1, 1), (1, 1, 1))": 0.7655820688118893,
    "((1, 1, 1), (1, 1, 0, 1))": -1.8189894035458565e-12,
    "((1, 1, 1), (1, 0, 1, 1))": 2.8071928848169094e-14,
    "((1, 1, 1), (0, 1, 1, 1))": 0.001312139537502567,
    "((1, 1, 1), (1, 1, 0, 0, 1))": -0.12238498690964912,
    "((1, 1, 1), (1, 0, 1, 0, 1))": -0.0008841378866951812,
    "((1, 1, 1), (0, 1, 1, 0, 1))": 2.110308205859436e-14,
    "((1, 1, 1), (1, 0, 0, 1, 1))": 9.494947840805323e-15,
    "((1, 1, 1), (0, 1, 0, 1, 1))": 0.00028342387313832877,
    "((1, 1, 1), (0, 0, 1, 1, 1))": 2.7016197894010885e-06,
    "((1, 1, 0, 1), (1, 1, 1))": 1.8007599701504948e-12,
    "((1, 1, 0, 1), (1, 1, 0, 1))": -0.6194410269776769,
    "((1, 1, 0, 1), (1, 0, 1, 1))": -0.002035810592864528,
    "((1, 1, 0, 1), (0, 1, 1, 1))": 5.447465145263183e-14,
    "((1, 1, 0, 1), (1, 1, 0, 0, 1))": -2.1063078348210455e-13,
    "((1, 1, 0, 1), (1, 0, 1, 0, 1))": -2.7618294981558927e-15,
    "((1, 1, 0, 1), (0, 1, 1, 0, 1))": 5.083062111326019e-05,
    "((1, 1, 0, 1), (1, 0, 0, 1, 1))": 0.0015822295978372215,
    "((1, 1, 0, 1), (0, 1, 0, 1, 1))": -3.974083562328776e-14,
    "((1, 1, 0, 1), (0, 0, 1, 1, 1))": 1.2452679507403361e-17,
    "((1, 0, 1, 1), (1, 1, 1))": 3.728024481851022e-14,
    "((1, 0, 1, 1), (1, 1, 0, 1))": -0.0020358105928646258,
    "((1, 0, 1, 1), (1, 0, 1, 1))": -0.0005195736860178639,
    "((1, 0, 1, 1), (0, 1, 1, 1))": 2.5944148134822015e-16,
    "((1, 0, 1, 1), (1, 1, 0, 0, 1))": -6.9128745365610925e-15,
    "((1, 0, 1, 1), (1, 0, 1, 0, 1))": -7.0899423730501376e-15,
    "((1, 0, 1, 1), (0, 1, 1, 0, 1))": -0.00013896482284684802,
    "((1, 0, 1, 1), (1, 0, 0, 1, 1))": -0.0001228991201566869,
    "((1, 0, 1, 1), (0, 1, 0, 1, 1))": 5.540552061906363e-16,
    "((1, 0, 1, 1), (0, 0, 1, 1, 1))": 3.915086393923557e-17,
    "((0, 1, 1, 1), (1, 1, 1))": 0.001312139537502737,
    "((0, 1, 1, 1), (1, 1, 0, 1))": 4.6824053963538065e-14,
    "((0, 1, 1, 1), (1, 0, 1, 1))": 2.386459970052256e-16,
    "((0, 1, 1, 1), (0, 1, 1, 1))": -0.0005114059876876915,
    "((0, 1, 1, 1), (1, 1, 0, 0, 1))": -0.000232593252025062,
    "((0, 1, 1, 1), (1, 0, 1, 0, 1))": -0.00014166644263622594,
    "((0, 1, 1, 1), (0, 1, 1, 0, 1))": 6.878528043182975e-15,
    "((0, 1, 1, 1), (1, 0, 0, 1, 1))": 5.583337706374613e-16,
    "((0, 1, 1, 1), (0, 1, 0, 1, 1))": -0.00012259855927112685,
    "((0, 1, 1, 1), (0, 0, 1, 1, 1))": 1.4655443874640552e-06,
    "((1, 1, 0, 0, 1), (1, 1, 1))": -0.12238498690964614,
    "((1, 1, 0, 0, 1), (1, 1, 0, 1))": 2.00039006248831e-13,
    "((1, 1, 0, 0, 1), (1, 0, 1, 1))": -4.7287726435173194e-15,
    "((1, 1, 0, 0, 1), (0, 1, 1, 1))": -0.00023259325202507232,
    "((1, 1, 0, 0, 1), (1, 1, 0, 0, 1))": -0.013596361473510935,
    "((1, 1, 0, 0, 1), (1, 0, 1, 0, 1))": 0.002234728466542449,
    "((1, 1, 0, 0, 1), (0, 1, 1, 0, 1))": -6.023446142135532e-14,
    "((1, 1, 0, 0, 1), (1, 0, 0, 1, 1))": 3.479383408460113e-14,
    "((1, 1, 0, 0, 1), (0, 1, 0, 1, 1))": 0.0016157561047526914,
    "((1, 1, 0, 0, 1), (0, 0, 1, 1, 1))": -1.7998866811240487e-07,
    "((1, 0, 1, 0, 1), (1, 1, 1))": -0.0008841378866951933,
    "((1, 0, 1, 0, 1), (1, 1, 0, 1))": 5.197842605620259e-15,
    "((1, 0, 1, 0, 1), (1, 0, 1, 1))": -6.874200606696692e-15,
    "((1, 0, 1, 0, 1), (0, 1, 1, 1))": -0.00014166644263624022,
    "((1, 0, 1, 0, 1), (1, 1, 0, 0, 1))": 0.0022347284665424644,
    "((1, 0, 1, 0, 1), (1, 0, 1, 0, 1))": -0.0005688055974267451,
    "((1, 0, 1, 0, 1), (0, 1, 1, 0, 1))": -2.0103521380080637e-16,
    "((1, 0, 1, 0, 1), (1, 0, 0, 1, 1))": -3.2541909849716e-15,
    "((1, 0, 1, 0, 1), (0, 1, 0, 1, 1))": -9.745935952621078e-05,
    "((1, 0, 1, 0, 1), (0, 0, 1, 1, 1))": 3.144149152330873e-06,
    "((0, 1, 1, 0, 1), (1, 1, 1))": 2.313415864189659e-14,
    "((0, 1, 1, 0, 1), (1, 1, 0, 1))": 5.083062111326624e-05,
    "((0, 1, 1, 0, 1), (1, 0, 1, 1))": -0.00013896482284685884,
    "((0, 1, 1, 0, 1), (0, 1, 1, 1))": 7.087196419696525e-15,
    "((0, 1, 1, 0, 1), (1, 1, 0, 0, 1))": -5.122307914414173e-14,
    "((0, 1, 1, 0, 1), (1, 0, 1, 0, 1))": -1.5573724130778886e-16,
    "((0, 1, 1, 0, 1), (0, 1, 1, 0, 1))": -0.0005775877266877378,
    "((0, 1, 1, 0, 1), (1, 0, 0, 1, 1))": -9.727937085807097e-05,
    "((0, 1, 1, 0, 1), (0, 1, 0, 1, 1))": 6.417994027265663e-15,
    "((0, 1, 1, 0, 1), (0, 0, 1, 1, 1))": -7.174492476460375e-17,
    "((1, 0, 0, 1, 1), (1, 1, 1))": 4.582430506280617e-15,
    "((1, 0, 0, 1, 1), (1, 1, 0, 1))": 0.001582229597837229,
    "((1, 0, 0, 1, 1), (1, 0, 1, 1))": -0.00012289912015668358,
    "((1, 0, 0, 1, 1), (0, 1, 1, 1))": -5.180269667963623e-16,
    "((1, 0, 0, 1, 1), (1, 1, 0, 0, 1))": 4.533702661366289e-14,
    "((1, 0, 0, 1, 1), (1, 0, 1, 0, 1))": -6.42233342513681e-15,
    "((1, 0, 0, 1, 1), (0, 1, 1, 0, 1))": -9.727937085806115e-05,
    "((1, 0, 0, 1, 1), (1, 0, 0, 1, 1))": 0.0006139080155540762,
    "((1, 0, 0, 1, 1), (0, 1, 0, 1, 1))": -6.083267400527378e-16,
    "((1, 0, 0, 1, 1), (0, 0, 1, 1, 1))": 4.2532954873046946e-17,
    "((0, 1, 0, 1, 1), (1, 1, 1))": 0.00028342387313832617,
    "((0, 1, 0, 1, 1), (1, 1, 0, 1))": -3.916392721412923e-14,
    "((0, 1, 0, 1, 1), (1, 0, 1, 1))": -5.146396569033979e-16,
    "((0, 1, 0, 1, 1), (0, 1, 1, 1))": -0.0001225985592711204,
    "((0, 1, 0, 1, 1), (1, 1, 0, 0, 1))": 0.0016157561047526973,
    "((0, 1, 0, 1, 1), (1, 0, 1, 0, 1))": -9.745935952617926e-05,
    "((0, 1, 0, 1, 1), (0, 1, 1, 0, 1))": 3.287946940944993e-15,
    "((0, 1, 0, 1, 1), (1, 0, 0, 1, 1))": -5.639212681360825e-16,
    "((0, 1, 0, 1, 1), (0, 1, 0, 1, 1))": 0.0005918189145369848,
    "((0, 1, 0, 1, 1), (0, 0, 1, 1, 1))": 1.5044538367216987e-06,
    "((0, 0, 1, 1, 1), (1, 1, 1))": 2.7016197893893397e-06,
    "((0, 0, 1, 1, 1), (1, 1, 0, 1))": -1.3475259282606558e-17,
    "((0, 0, 1, 1, 1), (1, 0, 1, 1))": 3.353088750128993e-17,
    "((0, 0, 1, 1, 1), (0, 1, 1, 1))": 1.4655443874638157e-06,
    "((0, 0, 1, 1, 1), (1, 1, 0, 0, 1))": -1.7998866811256522e-07,
    "((0, 0, 1, 1, 1), (1, 0, 1, 0, 1))": 3.1441491523273872e-06,
    "((0, 0, 1, 1, 1), (0, 1, 1, 0, 1))": -8.51841121349978e-17,
    "((0, 0, 1, 1, 1), (1, 0, 0, 1, 1))": 3.222783513725745e-17,
    "((0, 0, 1, 1, 1), (0, 1, 0, 1, 1))": 1.50445383672332e-06,
    "((0, 0, 1, 1, 1), (0, 0, 1, 1, 1))": 1.3640950670553657e-07
  }
}