{
  "E": -14.6306659648532,
  "sol": {
    "(((), ()), ((), ()))": 0.7656887253410103,
    "(((0,), (0,)), ((), ()))": 0.001290127792716709,
    "(((), ()), ((0,), (0,)))": 0.001290127792716709,
    "(((0,), (1,)), ((), ()))": 2.0857844783454064e-14,
    "(((), ()), ((0,), (1,)))": 2.0857844783454064e-14,
    "(((1,), (0,)), ((), ()))": 3.209147938322769e-14,
    "(((), ()), ((1,), (0,)))": 3.209147938322769e-14,
    "(((1,), (1,)), ((), ()))": -0.0008351765531226469,
    "(((), ()), ((1,), (1,)))": -0.0008351765531226469,
    "(((2,), (0,)), ((), ()))": -2.0612626500607007e-15,
    "(((), ()), ((2,), (0,)))": -2.0612626500607007e-15,
    "(((2,), (1,)), ((), ()))": -0.12237938662145834,
    "(((), ()), ((2,), (1,)))": -0.12237938662145834,
    "(((0,), (0,)), ((0,), (0,)))": -0.0005075418624600511,
    "(((0,), (0,)), ((0,), (1,)))": 7.260960510881373e-15,
    "(((0,), (0,)), ((1,), (0,)))": 2.0694680247371385e-16,
    "(((0,), (0,)), ((1,), (1,)))": -0.0001467744414309608,
    "(((0,), (0,)), ((2,), (0,)))": 5.069308716159024e-14,
    "(((0,), (0,)), ((2,), (1,)))": -0.0002403056655250008,
    "(((0,), (1,)), ((0,), (0,)))": 7.261050538306747e-15,
    "(((0,), (1,)), ((0,), (1,)))": -0.0005766394278219529,
    "(((0,), (1,)), ((1,), (0,)))": -0.0001453018373753889,
    "(((0,), (1,)), ((1,), (1,)))": -1.0013410123289943e-16,
    "(((0,), (1,)), ((2,), (0,)))": 0.000109372306025164,
    "(((0,), (1,)), ((2,), (1,)))": -5.724326951323109e-14,
    "(((1,), (0,)), ((0,), (0,)))": 2.0681575080300242e-16,
    "(((1,), (0,)), ((0,), (1,)))": -0.00014530183737538878,
    "(((1,), (0,)), ((1,), (0,)))": -0.0005163005675070252,
    "(((1,), (0,)), ((1,), (1,)))": -7.273378462748282e-15,
    "(((1,), (0,)), ((2,), (0,)))": -0.002037562283481947,
    "(((1,), (0,)), ((2,), (1,)))": -6.0128418255577576e-15,
    "(((1,), (1,)), ((0,), (0,)))": -0.00014677444143096065,
    "(((1,), (1,)), ((0,), (1,)))": -1.0029083769274731e-16,
    "(((1,), (1,)), ((1,), (0,)))": -7.272964334041187e-15,
    "(((1,), (1,)), ((1,), (1,)))": -0.0005709877750144877,
    "(((1,), (1,)), ((2,), (0,)))": 2.6672822755962706e-15,
    "(((1,), (1,)), ((2,), (1,)))": 0.0022946766444657657,
    "(((2,), (0,)), ((0,), (0,)))": 5.0695947280785893e-14,
    "(((2,), (0,)), ((0,), (1,)))": 0.00010937230602516324,
    "(((2,), (0,)), ((1,), (0,)))": -0.0020375622834819486,
    "(((2,), (0,)), ((1,), (1,)))": 2.6675618015016456e-15,
    "(((2,), (0,)), ((2,), (0,)))": -0.619323411795137,
    "(((2,), (0,)), ((2,), (1,)))": -2.650406108481021e-15,
    "(((2,), (1,)), ((0,), (0,)))": -0.00024030566552500057,
    "(((2,), (1,)), ((0,), (1,)))": -5.724326951323109e-14,
    "(((2,), (1,)), ((1,), (0,)))": -6.01245831052225e-15,
    "(((2,), (1,)), ((1,), (1,)))": 0.0022946766444657653,
    "(((2,), (1,)), ((2,), (0,)))": -2.6520164944620417e-15,
    "(((2,), (1,)), ((2,), (1,)))": -0.013440560239180457
  }
}