{
  "E": -15.173266311117372,
  "sol": {
    "(((), ()), ((), ()))": 0.9910029039912805,
    "(((0,), (0,)), ((), ()))": -8.442210796381083e-17,
    "(((), ()), ((0,), (0,)))": -8.442210796381083e-17,
    "(((0,), (1,)), ((), ()))": -2.1330706917788415e-17,
    "(((), ()), ((0,), (1,)))": -2.1330706917788415e-17,
    "(((0,), (2,)), ((), ()))": 0.00035617923995539174,
    "(((), ()), ((0,), (2,)))": 0.00035617923995539174,
    "(((0,), (3,)), ((), ()))": -5.31958047704636e-17,
    "(((), ()), ((0,), (3,)))": -5.31958047704636e-17,
    "(((1,), (0,)), ((), ()))": 1.852933001248365e-18,
    "(((), ()), ((1,), (0,)))": 1.852933001248365e-18,
    "(((1,), (1,)), ((), ()))": 8.871401506780283e-18,
    "(((), ()), ((1,), (1,)))": 8.871401506780283e-18,
    "(((1,), (2,)), ((), ()))": 2.2614095298951867e-15,
    "(((), ()), ((1,), (2,)))": 2.2614095298951867e-15,
    "(((1,), (3,)), ((), ()))": 0.002696329814654019,
    "(((), ()), ((1,), (3,)))": 0.002696329814654019,
    "(((2,), (0,)), ((), ()))": 7.458252168205046e-16,
    "(((), ()), ((2,), (0,)))": 7.458252168205046e-16,
    "(((2,), (1,)), ((), ()))": 2.985433495076005e-16,
    "(((), ()), ((2,), (1,)))": 2.985433495076005e-16,
    "(((2,), (2,)), ((), ()))": 0.010156963125321945,
    "(((), ()), ((2,), (2,)))": 0.010156963125321945,
    "(((2,), (3,)), ((), ()))": -5.28683875435048e-16,
    "(((), ()), ((2,), (3,)))": -5.28683875435048e-16,
    "(((0,), (0,)), ((0,), (0,)))": -0.001319044009120644,
    "(((0,), (0,)), ((0,), (1,)))": -1.7147350750305954e-19,
    "(((0,), (0,)), ((0,), (2,)))": 7.268936260968098e-19,
    "(((0,), (0,)), ((0,), (3,)))": 4.170833424898305e-19,
    "(((0,), (0,)), ((1,), (0,)))": -4.831412023590541e-16,
    "(((0,), (0,)), ((1,), (1,)))": 1.99329282116131e-20,
    "(((0,), (0,)), ((1,), (2,)))": 1.3077733776082154e-19,
    "(((0,), (0,)), ((1,), (3,)))": 2.862881143731465e-19,
    "(((0,), (0,)), ((2,), (0,)))": -0.0033933310171695395,
    "(((0,), (0,)), ((2,), (1,)))": -4.850978251155528e-19,
    "(((0,), (0,)), ((2,), (2,)))": 5.818111607261644e-20,
    "(((0,), (0,)), ((2,), (3,)))": 8.53977459212745e-19,
    "(((0,), (1,)), ((0,), (0,)))": -2.69463517033713e-19,
    "(((0,), (1,)), ((0,), (1,)))": -0.0013190440091206438,
    "(((0,), (1,)), ((0,), (2,)))": 1.838905002104396e-18,
    "(((0,), (1,)), ((0,), (3,)))": 1.453605967746547e-18,
    "(((0,), (1,)), ((1,), (0,)))": -1.7991359189654564e-20,
    "(((0,), (1,)), ((1,), (1,)))": -4.831696486694303e-16,
    "(((0,), (1,)), ((1,), (2,)))": 2.704946219575626e-19,
    "(((0,), (1,)), ((1,), (3,)))": 6.003997791713257e-19,
    "(((0,), (1,)), ((2,), (0,)))": -6.537306983453637e-19,
    "(((0,), (1,)), ((2,), (1,)))": -0.003393331017169541,
    "(((0,), (1,)), ((2,), (2,)))": 3.708826252390848e-18,
    "(((0,), (1,)), ((2,), (3,)))": 2.994520722266263e-18,
    "(((0,), (2,)), ((0,), (0,)))": 7.268936260967909e-19,
    "(((0,), (2,)), ((0,), (1,)))": 1.8389050021043887e-18,
    "(((0,), (2,)), ((0,), (2,)))": 6.467969421991411e-05,
    "(((0,), (2,)), ((0,), (3,)))": -4.132156169149329e-18,
    "(((0,), (2,)), ((1,), (0,)))": 4.268751775962563e-20,
    "(((0,), (2,)), ((1,), (1,)))": 5.016702337268768e-20,
    "(((0,), (2,)), ((1,), (2,)))": -1.3861945221651805e-16,
    "(((0,), (2,)), ((1,), (3,)))": 0.001107159329925307,
    "(((0,), (2,)), ((2,), (0,)))": 2.375764639946876e-18,
    "(((0,), (2,)), ((2,), (1,)))": 3.925627381111548e-18,
    "(((0,), (2,)), ((2,), (2,)))": -0.0011625641191917637,
    "(((0,), (2,)), ((2,), (3,)))": -1.5528819924534606e-16,
    "(((0,), (3,)), ((0,), (0,)))": 4.1708334248982597e-19,
    "(((0,), (3,)), ((0,), (1,)))": 1.4536059677465353e-18,
    "(((0,), (3,)), ((0,), (2,)))": -1.1188184880456396e-17,
    "(((0,), (3,)), ((0,), (3,)))": -0.0009039886319773273,
    "(((0,), (3,)), ((1,), (0,)))": -6.394402429673661e-19,
    "(((0,), (3,)), ((1,), (1,)))": -3.2232667341106386e-19,
    "(((0,), (3,)), ((1,), (2,)))": -0.0004401410553062466,
    "(((0,), (3,)), ((1,), (3,)))": -5.89034920740865e-17,
    "(((0,), (3,)), ((2,), (0,)))": 8.505701279712589e-19,
    "(((0,), (3,)), ((2,), (1,)))": 2.9362381518252612e-18,
    "(((0,), (3,)), ((2,), (2,)))": 5.215146170498004e-17,
    "(((0,), (3,)), ((2,), (3,)))": -0.00034480822503646293,
    "(((1,), (0,)), ((0,), (0,)))": -4.831415169220152e-16,
    "(((1,), (0,)), ((0,), (1,)))": -6.31549058080175e-21,
    "(((1,), (0,)), ((0,), (2,)))": 4.268751775962401e-20,
    "(((1,), (0,)), ((0,), (3,)))": -6.394402429673638e-19,
    "(((1,), (0,)), ((1,), (0,)))": -0.006251867391928464,
    "(((1,), (0,)), ((1,), (1,)))": -8.109809753963526e-19,
    "(((1,), (0,)), ((1,), (2,)))": -1.9140481544334204e-17,
    "(((1,), (0,)), ((1,), (3,)))": 1.1844469129609197e-18,
    "(((1,), (0,)), ((2,), (0,)))": -9.02637312545742e-15,
    "(((1,), (0,)), ((2,), (1,)))": -1.7353800113248334e-18,
    "(((1,), (0,)), ((2,), (2,)))": -7.13833166463153e-19,
    "(((1,), (0,)), ((2,), (3,)))": 7.772687790108435e-18,
    "(((1,), (1,)), ((0,), (0,)))": -6.593456340588614e-20,
    "(((1,), (1,)), ((0,), (1,)))": -4.831535399248768e-16,
    "(((1,), (1,)), ((0,), (2,)))": 5.0167023372678674e-20,
    "(((1,), (1,)), ((0,), (3,)))": -3.2232667341106155e-19,
    "(((1,), (1,)), ((1,), (0,)))": 6.578882707189933e-19,
    "(((1,), (1,)), ((1,), (1,)))": -0.006251867391928454,
    "(((1,), (1,)), ((1,), (2,)))": -1.881502639756797e-17,
    "(((1,), (1,)), ((1,), (3,)))": 6.055233042415594e-18,
    "(((1,), (1,)), ((2,), (0,)))": 1.7277815985098972e-18,
    "(((1,), (1,)), ((2,), (1,)))": -9.025439373716915e-15,
    "(((1,), (1,)), ((2,), (2,)))": -5.082068241433378e-18,
    "(((1,), (1,)), ((2,), (3,)))": 8.518289120560666e-18,
    "(((1,), (2,)), ((0,), (0,)))": 1.3077733776082365e-19,
    "(((1,), (2,)), ((0,), (1,)))": 2.7049462195757154e-19,
    "(((1,), (2,)), ((0,), (2,)))": -1.3758819390981534e-16,
    "(((1,), (2,)), ((0,), (3,)))": -0.00044014105530623703,
    "(((1,), (2,)), ((1,), (0,)))": -1.914048154433416e-17,
    "(((1,), (2,)), ((1,), (1,)))": -1.8815026397567953e-17,
    "(((1,), (2,)), ((1,), (2,)))": -0.05704202388889382,
    "(((1,), (2,)), ((1,), (3,)))": 7.383047410964794e-15,
    "(((1,), (2,)), ((2,), (0,)))": 1.232925748253663e-18,
    "(((1,), (2,)), ((2,), (1,)))": -6.29419415946619e-19,
    "(((1,), (2,)), ((2,), (2,)))": 3.238413073539118e-15,
    "(((1,), (2,)), ((2,), (3,)))": 0.024928141498773503,
    "(((1,), (3,)), ((0,), (0,)))": 2.8628811437314284e-19,
    "(((1,), (3,)), ((0,), (1,)))": 6.003997791713256e-19,
    "(((1,), (3,)), ((0,), (2,)))": 0.0011071593299252958,
    "(((1,), (3,)), ((0,), (3,)))": -7.597496126239196e-17,
    "(((1,), (3,)), ((1,), (0,)))": 1.1844469129609716e-18,
    "(((1,), (3,)), ((1,), (1,)))": 6.055233042415572e-18,
    "(((1,), (3,)), ((1,), (2,)))": 7.410947193854023e-15,
    "(((1,), (3,)), ((1,), (3,)))": -0.01843217085243684,
    "(((1,), (3,)), ((2,), (0,)))": 8.333811688930174e-18,
    "(((1,), (3,)), ((2,), (1,)))": 1.1369707543365564e-17,
    "(((1,), (3,)), ((2,), (2,)))": 0.025437574795921045,
    "(((1,), (3,)), ((2,), (3,)))": 3.654046614916187e-17,
    "(((2,), (0,)), ((0,), (0,)))": -0.0033933310171695395,
    "(((2,), (0,)), ((0,), (1,)))": -8.76760609097383e-19,
    "(((2,), (0,)), ((0,), (2,)))": 2.3757646399468717e-18,
    "(((2,), (0,)), ((0,), (3,)))": 8.505701279712522e-19,
    "(((2,), (0,)), ((1,), (0,)))": -9.028165247545755e-15,
    "(((2,), (0,)), ((1,), (1,)))": -1.6138160861885079e-19,
    "(((2,), (0,)), ((1,), (2,)))": 1.2329257482536476e-18,
    "(((2,), (0,)), ((1,), (3,)))": 8.333811688930188e-18,
    "(((2,), (0,)), ((2,), (0,)))": -0.07016017897360396,
    "(((2,), (0,)), ((2,), (1,)))": -1.8679723080534915e-17,
    "(((2,), (0,)), ((2,), (2,)))": 1.750613564735382e-17,
    "(((2,), (0,)), ((2,), (3,)))": 1.0053424618011313e-17,
    "(((2,), (1,)), ((0,), (0,)))": -2.6853864071872913e-19,
    "(((2,), (1,)), ((0,), (1,)))": -0.00339333101716954,