{
  "E": -15.38337549980555,
  "sol": {
    "(((), ()), ((), ()))": 0.9891315164982218,
    "(((0,), (0,)), ((), ()))": 1.3123831739788235e-17,
    "(((), ()), ((0,), (0,)))": 1.3123831739788235e-17,
    "(((0,), (1,)), ((), ()))": -8.512591644641827e-17,
    "(((), ()), ((0,), (1,)))": -8.512591644641827e-17,
    "(((0,), (2,)), ((), ()))": 0.0003165841859811011,
    "(((), ()), ((0,), (2,)))": 0.0003165841859811011,
    "(((0,), (3,)), ((), ()))": -3.0187550591873222e-05,
    "(((), ()), ((0,), (3,)))": -3.0187550591873222e-05,
    "(((1,), (0,)), ((), ()))": -4.1350475357008965e-17,
    "(((), ()), ((1,), (0,)))": -4.1350475357008965e-17,
    "(((1,), (1,)), ((), ()))": 1.5223856488949804e-16,
    "(((), ()), ((1,), (1,)))": 1.5223856488949804e-16,
    "(((1,), (2,)), ((), ()))": -0.009157968501181994,
    "(((), ()), ((1,), (2,)))": -0.009157968501181994,
    "(((1,), (3,)), ((), ()))": -0.00024526139055859543,
    "(((), ()), ((1,), (3,)))": -0.00024526139055859543,
    "(((2,), (0,)), ((), ()))": 7.967683329682453e-17,
    "(((), ()), ((2,), (0,)))": 7.967683329682453e-17,
    "(((2,), (1,)), ((), ()))": -7.994275250663395e-17,
    "(((), ()), ((2,), (1,)))": -7.994275250663395e-17,
    "(((2,), (2,)), ((), ()))": 0.0047528723675297445,
    "(((), ()), ((2,), (2,)))": 0.0047528723675297445,
    "(((2,), (3,)), ((), ()))": -0.003029286086234845,
    "(((), ()), ((2,), (3,)))": -0.003029286086234845,
    "(((0,), (0,)), ((0,), (0,)))": -0.0014316931778439097,
    "(((0,), (0,)), ((0,), (1,)))": 3.514939101598808e-19,
    "(((0,), (0,)), ((0,), (2,)))": -1.4213925347251272e-19,
    "(((0,), (0,)), ((0,), (3,)))": -2.6045678954486977e-20,
    "(((0,), (0,)), ((1,), (0,)))": 0.0026148599502929925,
    "(((0,), (0,)), ((1,), (1,)))": -6.242413914153167e-19,
    "(((0,), (0,)), ((1,), (2,)))": 6.933132478459482e-19,
    "(((0,), (0,)), ((1,), (3,)))": 2.248524709243599e-19,
    "(((0,), (0,)), ((2,), (0,)))": -0.0018474417159604474,
    "(((0,), (0,)), ((2,), (1,)))": 4.608492312368823e-19,
    "(((0,), (0,)), ((2,), (2,)))": -5.052694216772392e-19,
    "(((0,), (0,)), ((2,), (3,)))": -1.7264975784358546e-19,
    "(((0,), (1,)), ((0,), (0,)))": 2.1781300136779864e-19,
    "(((0,), (1,)), ((0,), (1,)))": -0.00143169317784391,
    "(((0,), (1,)), ((0,), (2,)))": 1.1863813756533278e-18,
    "(((0,), (1,)), ((0,), (3,)))": 3.631678561399091e-19,
    "(((0,), (1,)), ((1,), (0,)))": -5.402980209503073e-19,
    "(((0,), (1,)), ((1,), (1,)))": 0.002614859950292994,
    "(((0,), (1,)), ((1,), (2,)))": -2.482285347589765e-18,
    "(((0,), (1,)), ((1,), (3,)))": -1.2630002601105244e-18,
    "(((0,), (1,)), ((2,), (0,)))": 3.6579824377880293e-19,
    "(((0,), (1,)), ((2,), (1,)))": -0.0018474417159604485,
    "(((0,), (1,)), ((2,), (2,)))": 2.1244071902028034e-19,
    "(((0,), (1,)), ((2,), (3,)))": 1.0434292033957607e-18,
    "(((0,), (2,)), ((0,), (0,)))": -1.4213925347251216e-19,
    "(((0,), (2,)), ((0,), (1,)))": 1.1863813756533303e-18,
    "(((0,), (2,)), ((0,), (2,)))": -0.0008120495062257126,
    "(((0,), (2,)), ((0,), (3,)))": -0.0011268833327084647,
    "(((0,), (2,)), ((1,), (0,)))": 4.919065457368135e-19,
    "(((0,), (2,)), ((1,), (1,)))": -2.5994135638407132e-18,
    "(((0,), (2,)), ((1,), (2,)))": 0.0009275306900039465,
    "(((0,), (2,)), ((1,), (3,)))": -0.0011891076389898925,
    "(((0,), (2,)), ((2,), (0,)))": -2.8986314589287745e-19,
    "(((0,), (2,)), ((2,), (1,)))": 2.1197361288624404e-18,
    "(((0,), (2,)), ((2,), (2,)))": 0.0005221178113008141,
    "(((0,), (2,)), ((2,), (3,)))": -0.0004323381562315945,
    "(((0,), (3,)), ((0,), (0,)))": -2.6045678954487507e-20,
    "(((0,), (3,)), ((0,), (1,)))": 3.6316785613990877e-19,
    "(((0,), (3,)), ((0,), (2,)))": -0.001126883332708457,
    "(((0,), (3,)), ((0,), (3,)))": -0.0016773937413001884,
    "(((0,), (3,)), ((1,), (0,)))": 1.2913198622755193e-19,
    "(((0,), (3,)), ((1,), (1,)))": -1.090317456680316e-18,
    "(((0,), (3,)), ((1,), (2,)))": 3.238606822559913e-05,
    "(((0,), (3,)), ((1,), (3,)))": 4.64084420289374e-05,
    "(((0,), (3,)), ((2,), (0,)))": -4.680342645453463e-20,
    "(((0,), (3,)), ((2,), (1,)))": 1.2985691542553597e-18,
    "(((0,), (3,)), ((2,), (2,)))": 0.0003412315438488443,
    "(((0,), (3,)), ((2,), (3,)))": -0.000697925038861231,
    "(((1,), (0,)), ((0,), (0,)))": 0.0026148599502929925,
    "(((1,), (0,)), ((0,), (1,)))": -8.276623826404118e-19,
    "(((1,), (0,)), ((0,), (2,)))": 4.919065457368142e-19,
    "(((1,), (0,)), ((0,), (3,)))": 1.291319862275478e-19,
    "(((1,), (0,)), ((1,), (0,)))": -0.0424642657738938,
    "(((1,), (0,)), ((1,), (1,)))": 1.4371027074029945e-17,
    "(((1,), (0,)), ((1,), (2,)))": -1.0822971064586673e-17,
    "(((1,), (0,)), ((1,), (3,)))": -9.416127610838295e-19,
    "(((1,), (0,)), ((2,), (0,)))": 0.02626786874662034,
    "(((1,), (0,)), ((2,), (1,)))": -8.616706369996432e-18,
    "(((1,), (0,)), ((2,), (2,)))": 1.115692587243085e-17,
    "(((1,), (0,)), ((2,), (3,)))": 2.6088282474528768e-18,
    "(((1,), (1,)), ((0,), (0,)))": -3.997547527762265e-19,
    "(((1,), (1,)), ((0,), (1,)))": 0.0026148599502929934,
    "(((1,), (1,)), ((0,), (2,)))": -2.599413563840711e-18,
    "(((1,), (1,)), ((0,), (3,)))": -1.0903174566803195e-18,
    "(((1,), (1,)), ((1,), (0,)))": 1.2655433711041326e-17,
    "(((1,), (1,)), ((1,), (1,)))": -0.04246426577389381,
    "(((1,), (1,)), ((1,), (2,)))": 4.689037739306403e-17,
    "(((1,), (1,)), ((1,), (3,)))": 8.85592820927973e-18,
    "(((1,), (1,)), ((2,), (0,)))": -8.1795860412149e-18,
    "(((1,), (1,)), ((2,), (1,)))": 0.02626786874662035,
    "(((1,), (1,)), ((2,), (2,)))": -1.0940877258009207e-17,
    "(((1,), (1,)), ((2,), (3,)))": -1.414059110073254e-17,
    "(((1,), (2,)), ((0,), (0,)))": 6.93313247845948e-19,
    "(((1,), (2,)), ((0,), (1,)))": -2.4822853475897655e-18,
    "(((1,), (2,)), ((0,), (2,)))": 0.0009275306900039445,
    "(((1,), (2,)), ((0,), (3,)))": 3.238606822558352e-05,
    "(((1,), (2,)), ((1,), (0,)))": -1.0822971064586682e-17,
    "(((1,), (2,)), ((1,), (1,)))": 4.6890377393064033e-17,
    "(((1,), (2,)), ((1,), (2,)))": -0.030411537864359364,
    "(((1,), (2,)), ((1,), (3,)))": 0.02877549220957927,
    "(((1,), (2,)), ((2,), (0,)))": 8.652298650776887e-18,
    "(((1,), (2,)), ((2,), (1,)))": -2.5810325926793842e-17,
    "(((1,), (2,)), ((2,), (2,)))": -0.0022942947942271967,
    "(((1,), (2,)), ((2,), (3,)))": 0.009763830174539672,
    "(((1,), (3,)), ((0,), (0,)))": 2.248524709243621e-19,
    "(((1,), (3,)), ((0,), (1,)))": -1.2630002601105207e-18,
    "(((1,), (3,)), ((0,), (2,)))": -0.001189107638989868,
    "(((1,), (3,)), ((0,), (3,)))": 4.6408442028927425e-05,
    "(((1,), (3,)), ((1,), (0,)))": -9.416127610838441e-19,
    "(((1,), (3,)), ((1,), (1,)))": 8.855928209279715e-18,
    "(((1,), (3,)), ((1,), (2,)))": 0.02877549220957933,
    "(((1,), (3,)), ((1,), (3,)))": -0.029619851096636722,
    "(((1,), (3,)), ((2,), (0,)))": 2.658373000432828e-18,
    "(((1,), (3,)), ((2,), (1,)))": -5.973628855016612e-18,
    "(((1,), (3,)), ((2,), (2,)))": 0.009082987217925935,
    "(((1,), (3,)), ((2,), (3,)))": -0.005010545462214187,
    "(((2,), (0,)), ((0,), (0,)))": -0.0018474417159604474,
    "(((2,), (0,)), ((0,), (1,)))": 5.456727031234193e-19,
    "(((2,), (0,)), ((0,), (2,)))": -2.898631458928787e-19,
    "(((2,), (0,)), ((0,), (3,)))": -4.6803426454533955e-20,
    "(((2,), (0,)), ((1,), (0,)))": 0.02626786874662034,
    "(((2,), (0,)), ((1,), (1,)))": -8.383233406035913e-18,
    "(((2,), (0,)), ((1,), (2,)))": 8.652298650776875e-18,
    "(((2,), (0,)), ((1,), (3,)))": 2.658373000432828e-18,
    "(((2,), (0,)), ((2,), (0,)))": -0.021604060059524755,
    "(((2,), (0,)), ((2,), (1,)))": 5.172177359251074e-18,
    "(((2,), (0,)), ((2,), (2,)))": -6.623232249612488e-18,
    "(((2,), (0,)), ((2,), (3,)))": -2.9111959448284264e-18,
    "(((2,), (1,)), ((0,), (0,)))": 1.4788077425097567e-19,
    "(((2,), (1,)), ((0,), (1,)))": -0.0018474417159604485,