{
  "E": -14.640398106707593,
  "sol": {
    "((1, 1, 1), (1, 1, 1))": 0.9543461776806607,
    "((1, 1, 1), (1, 1, 0, 1))": -4.107825191113079e-15,
    "((1, 1, 1), (1, 0, 1, 1))": -0.0006020118139673103,
    "((1, 1, 1), (0, 1, 1, 1))": -2.703019605600202e-16,
    "((1, 1, 1), (1, 1, 0, 0, 1))": 1.7758661236010803e-15,
    "((1, 1, 1), (1, 0, 1, 0, 1))": -2.0128491998558196e-17,
    "((1, 1, 1), (0, 1, 1, 0, 1))": -9.430544658517985e-17,
    "((1, 1, 1), (1, 0, 0, 1, 1))": 1.460273308422488e-18,
    "((1, 1, 1), (0, 1, 0, 1, 1))": -1.5082267508417972e-18,
    "((1, 1, 1), (0, 0, 1, 1, 1))": -4.2525923252064426e-19,
    "((1, 1, 0, 1), (1, 1, 1))": 5.158670736571264e-15,
    "((1, 1, 0, 1), (1, 1, 0, 1))": -0.15260514183627055,
    "((1, 1, 0, 1), (1, 0, 1, 1))": -1.039838440764056e-16,
    "((1, 1, 0, 1), (0, 1, 1, 1))": 0.0009536729818007699,
    "((1, 1, 0, 1), (1, 1, 0, 0, 1))": 6.20996473072584e-17,
    "((1, 1, 0, 1), (1, 0, 1, 0, 1))": 5.35122180964698e-18,
    "((1, 1, 0, 1), (0, 1, 1, 0, 1))": 3.7238590008630743e-19,
    "((1, 1, 0, 1), (1, 0, 0, 1, 1))": 5.421166882775231e-18,
    "((1, 1, 0, 1), (0, 1, 0, 1, 1))": 4.960971925725456e-18,
    "((1, 1, 0, 1), (0, 0, 1, 1, 1))": 2.9190465391249e-20,
    "((1, 0, 1, 1), (1, 1, 1))": -0.0006020118139672999,
    "((1, 0, 1, 1), (1, 1, 0, 1))": -1.0780789246714352e-16,
    "((1, 0, 1, 1), (1, 0, 1, 1))": -0.0017575022866333232,
    "((1, 0, 1, 1), (0, 1, 1, 1))": -5.064206059778109e-18,
    "((1, 0, 1, 1), (1, 1, 0, 0, 1))": 3.343696383797605e-18,
    "((1, 0, 1, 1), (1, 0, 1, 0, 1))": -3.016266459207411e-19,
    "((1, 0, 1, 1), (0, 1, 1, 0, 1))": -5.5253582514364624e-18,
    "((1, 0, 1, 1), (1, 0, 0, 1, 1))": 4.3386708720455596e-18,
    "((1, 0, 1, 1), (0, 1, 0, 1, 1))": 2.8279856486461073e-19,
    "((1, 0, 1, 1), (0, 0, 1, 1, 1))": 1.8278756166157072e-19,
    "((0, 1, 1, 1), (1, 1, 1))": -2.4333352558419983e-16,
    "((0, 1, 1, 1), (1, 1, 0, 1))": 0.0009536729818007637,
    "((0, 1, 1, 1), (1, 0, 1, 1))": -5.95223536516403e-18,
    "((0, 1, 1, 1), (0, 1, 1, 1))": -0.0016719069794763654,
    "((0, 1, 1, 1), (1, 1, 0, 0, 1))": 1.1427173022721559e-18,
    "((0, 1, 1, 1), (1, 0, 1, 0, 1))": -5.491980471001309e-18,
    "((0, 1, 1, 1), (0, 1, 1, 0, 1))": -4.904069487183171e-19,
    "((0, 1, 1, 1), (1, 0, 0, 1, 1))": 2.6079463810812684e-19,
    "((0, 1, 1, 1), (0, 1, 0, 1, 1))": 4.1063759751395194e-18,
    "((0, 1, 1, 1), (0, 0, 1, 1, 1))": -4.491726295906029e-20,
    "((1, 1, 0, 0, 1), (1, 1, 1))": -1.0126792611963847e-15,
    "((1, 1, 0, 0, 1), (1, 1, 0, 1))": 6.159742154062746e-17,
    "((1, 1, 0, 0, 1), (1, 0, 1, 1))": -1.5760352167526653e-18,
    "((1, 1, 0, 0, 1), (0, 1, 1, 1))": 1.2484222176225933e-18,
    "((1, 1, 0, 0, 1), (1, 1, 0, 0, 1))": -0.25672431794711875,
    "((1, 1, 0, 0, 1), (1, 0, 1, 0, 1))": 3.9062148376934445e-16,
    "((1, 1, 0, 0, 1), (0, 1, 1, 0, 1))": -0.002836297242373861,
    "((1, 1, 0, 0, 1), (1, 0, 0, 1, 1))": -0.00044312095147310254,
    "((1, 1, 0, 0, 1), (0, 1, 0, 1, 1))": -7.821261995210132e-17,
    "((1, 1, 0, 0, 1), (0, 0, 1, 1, 1))": -9.282159728051815e-06,
    "((1, 0, 1, 0, 1), (1, 1, 1))": -3.209546993063266e-17,
    "((1, 0, 1, 0, 1), (1, 1, 0, 1))": 1.6805130803023763e-18,
    "((1, 0, 1, 0, 1), (1, 0, 1, 1))": -5.754304784428384e-19,
    "((1, 0, 1, 0, 1), (0, 1, 1, 1))": 2.603835825323619e-18,
    "((1, 0, 1, 0, 1), (1, 1, 0, 0, 1))": 3.725996394917027e-16,
    "((1, 0, 1, 0, 1), (1, 0, 1, 0, 1))": 0.0001545393935274595,
    "((1, 0, 1, 0, 1), (0, 1, 1, 0, 1))": 2.1243678270140794e-17,
    "((1, 0, 1, 0, 1), (1, 0, 0, 1, 1))": 1.6001516894878298e-16,
    "((1, 0, 1, 0, 1), (0, 1, 0, 1, 1))": -0.0006429809447669287,
    "((1, 0, 1, 0, 1), (0, 0, 1, 1, 1))": -2.5995410708861407e-19,
    "((0, 1, 1, 0, 1), (1, 1, 1))": -3.0127148482703324e-17,
    "((0, 1, 1, 0, 1), (1, 1, 0, 1))": 1.0581464460294136e-18,
    "((0, 1, 1, 0, 1), (1, 0, 1, 1))": 2.731019128375749e-18,
    "((0, 1, 1, 0, 1), (0, 1, 1, 1))": -5.645067419402987e-19,
    "((0, 1, 1, 0, 1), (1, 1, 0, 0, 1))": -0.002836297242373855,
    "((0, 1, 1, 0, 1), (1, 0, 1, 0, 1))": 2.0685207183020854e-17,
    "((0, 1, 1, 0, 1), (0, 1, 1, 0, 1))": 3.637647029440337e-05,
    "((0, 1, 1, 0, 1), (1, 0, 0, 1, 1))": -0.0006336987850388727,
    "((0, 1, 1, 0, 1), (0, 1, 0, 1, 1))": -1.5346118330223707e-16,
    "((0, 1, 1, 0, 1), (0, 0, 1, 1, 1))": 2.7620093737601168e-06,
    "((1, 0, 0, 1, 1), (1, 1, 1))": -2.273818042837443e-18,
    "((1, 0, 0, 1, 1), (1, 1, 0, 1))": 5.662549995286455e-18,
    "((1, 0, 0, 1, 1), (1, 0, 1, 1))": -2.4248894675316964e-18,
    "((1, 0, 0, 1, 1), (0, 1, 1, 1))": 2.5863227736732456e-19,
    "((1, 0, 0, 1, 1), (1, 1, 0, 0, 1))": -0.0004431209514731086,
    "((1, 0, 0, 1, 1), (1, 0, 1, 0, 1))": 1.531775017654349e-16,
    "((1, 0, 0, 1, 1), (0, 1, 1, 0, 1))": -0.0006336987850388756,
    "((1, 0, 0, 1, 1), (1, 0, 0, 1, 1))": 0.0007417788774454996,
    "((1, 0, 0, 1, 1), (0, 1, 0, 1, 1))": -2.8204474942054823e-18,
    "((1, 0, 0, 1, 1), (0, 0, 1, 1, 1))": -4.037735488853172e-06,
    "((0, 1, 0, 1, 1), (1, 1, 1))": -1.998822162647496e-19,
    "((0, 1, 0, 1, 1), (1, 1, 0, 1))": 5.52689648606261e-18,
    "((0, 1, 0, 1, 1), (1, 0, 1, 1))": 2.9615311287590726e-19,
    "((0, 1, 0, 1, 1), (0, 1, 1, 1))": -2.358209226488479e-18,
    "((0, 1, 0, 1, 1), (1, 1, 0, 0, 1))": -1.0854032902369292e-16,
    "((0, 1, 0, 1, 1), (1, 0, 1, 0, 1))": -0.0006429809447669301,
    "((0, 1, 0, 1, 1), (0, 1, 1, 0, 1))": -1.6173954198530403e-16,
    "((0, 1, 0, 1, 1), (1, 0, 0, 1, 1))": -2.6530495587600138e-18,
    "((0, 1, 0, 1, 1), (0, 1, 0, 1, 1))": 0.0007435992905280951,
    "((0, 1, 0, 1, 1), (0, 0, 1, 1, 1))": -6.675404513702616e-19,
    "((0, 0, 1, 1, 1), (1, 1, 1))": 3.1766768779820746e-20,
    "((0, 0, 1, 1, 1), (1, 1, 0, 1))": 3.760560462570139e-20,
    "((0, 0, 1, 1, 1), (1, 0, 1, 1))": 5.8074526534858e-20,
    "((0, 0, 1, 1, 1), (0, 1, 1, 1))": -5.577475614739706e-20,
    "((0, 0, 1, 1, 1), (1, 1, 0, 0, 1))": -9.282159728051756e-06,
    "((0, 0, 1, 1, 1), (1, 0, 1, 0, 1))": -2.5801850074903134e-19,
    "((0, 0, 1, 1, 1), (0, 1, 1, 0, 1))": 2.762009373760754e-06,
    "((0, 0, 1, 1, 1), (1, 0, 0, 1, 1))": -4.037735488854052e-06,
    "((0, 0, 1, 1, 1), (0, 1, 0, 1, 1))": -6.686673659194811e-19,
    "((0, 0, 1, 1, 1), (0, 0, 1, 1, 1))": -4.757555465412119e-06
  }
}