{
  "E": -14.640382198062548,
  "sol": {
    "(((), ()), ((), ()))": 0.9544256849497864,
    "(((0,), (0,)), ((), ()))": -8.288289447276956e-17,
    "(((), ()), ((0,), (0,)))": -8.288289447276956e-17,
    "(((0,), (1,)), ((), ()))": -2.79886049119385e-17,
    "(((), ()), ((0,), (1,)))": -2.79886049119385e-17,
    "(((1,), (0,)), ((), ()))": -0.0005886728733997573,
    "(((), ()), ((1,), (0,)))": -0.0005886728733997573,
    "(((1,), (1,)), ((), ()))": -3.196617130181044e-17,
    "(((), ()), ((1,), (1,)))": -3.196617130181044e-17,
    "(((2,), (0,)), ((), ()))": 1.0525285283117864e-15,
    "(((), ()), ((2,), (0,)))": 1.0525285283117864e-15,
    "(((2,), (1,)), ((), ()))": -1.3315265554340624e-17,
    "(((), ()), ((2,), (1,)))": -1.3315265554340624e-17,
    "(((0,), (0,)), ((0,), (0,)))": -0.0016649966536703429,
    "(((0,), (0,)), ((0,), (1,)))": -5.401416593983018e-19,
    "(((0,), (0,)), ((1,), (0,)))": -5.124203168726084e-18,
    "(((0,), (0,)), ((1,), (1,)))": 8.83500522989667e-21,
    "(((0,), (0,)), ((2,), (0,)))": 0.0009524369863005991,
    "(((0,), (0,)), ((2,), (1,)))": 1.2421605903251476e-18,
    "(((0,), (1,)), ((0,), (0,)))": -5.40141659398302e-19,
    "(((0,), (1,)), ((0,), (1,)))": 3.1154572118777734e-06,
    "(((0,), (1,)), ((1,), (0,)))": 7.85573987362308e-20,
    "(((0,), (1,)), ((1,), (1,)))": 1.9590954078538583e-17,
    "(((0,), (1,)), ((2,), (0,)))": 1.208944162431742e-18,
    "(((0,), (1,)), ((2,), (1,)))": -0.0028910618673236863,
    "(((1,), (0,)), ((0,), (0,)))": -3.284853632687022e-18,
    "(((1,), (0,)), ((0,), (1,)))": 7.855739873623123e-20,
    "(((1,), (0,)), ((1,), (0,)))": -0.0017505881156452477,
    "(((1,), (0,)), ((1,), (1,)))": -5.762572926092024e-19,
    "(((1,), (0,)), ((2,), (0,)))": -1.306489603417828e-16,
    "(((1,), (0,)), ((2,), (1,)))": 1.0076855953396265e-19,
    "(((1,), (1,)), ((0,), (0,)))": 8.835005229895707e-21,
    "(((1,), (1,)), ((0,), (1,)))": 1.9746193299009714e-17,
    "(((1,), (1,)), ((1,), (0,)))": -5.762572926092018e-19,
    "(((1,), (1,)), ((1,), (1,)))": 0.00012251031091120243,
    "(((1,), (1,)), ((2,), (0,)))": 6.382936312307535e-19,
    "(((1,), (1,)), ((2,), (1,)))": 3.477667448305643e-16,
    "(((2,), (0,)), ((0,), (0,)))": 0.0009524369863005978,
    "(((2,), (0,)), ((0,), (1,)))": 1.2089441624317392e-18,
    "(((2,), (0,)), ((1,), (0,)))": -1.2885904400715967e-16,
    "(((2,), (0,)), ((1,), (1,)))": 6.382936312307535e-19,
    "(((2,), (0,)), ((2,), (0,)))": -0.15260949560400988,
    "(((2,), (0,)), ((2,), (1,)))": 6.128207302956832e-17,
    "(((2,), (1,)), ((0,), (0,)))": 1.2421605903251519e-18,
    "(((2,), (1,)), ((0,), (1,)))": -0.0028910618673236863,
    "(((2,), (1,)), ((1,), (0,)))": 1.0076855953396236e-19,
    "(((2,), (1,)), ((1,), (1,)))": 3.4794897465683885e-16,
    "(((2,), (1,)), ((2,), (0,)))": 6.128207302956832e-17,
    "(((2,), (1,)), ((2,), (1,)))": -0.25643103974979486
  }
}