{
  "E": -195.97301715243225,
  "sol": {
    "(((), ()), ((), ()))": -0.495565348441497,
    "(((0,), (0,)), ((), ()))": -1.979966866134179e-12,
    "(((), ()), ((0,), (0,)))": -1.979966866134179e-12,
    "(((1,), (0,)), ((), ()))": -5.425425894177203e-06,
    "(((), ()), ((1,), (0,)))": -5.425425894177203e-06,
    "(((2,), (0,)), ((), ()))": -4.5539861022543246e-11,
    "(((), ()), ((2,), (0,)))": -4.5539861022543246e-11,
    "(((3,), (0,)), ((), ()))": -0.004581881511493488,
    "(((), ()), ((3,), (0,)))": -0.004581881511493488,
    "(((4,), (0,)), ((), ()))": -2.5526592563341265e-14,
    "(((), ()), ((4,), (0,)))": -2.5526592563341265e-14,
    "(((5,), (0,)), ((), ()))": -7.110363279923444e-14,
    "(((), ()), ((5,), (0,)))": -7.110363279923444e-14,
    "(((6,), (0,)), ((), ()))": 5.8270128260561186e-15,
    "(((), ()), ((6,), (0,)))": 5.8270128260561186e-15,
    "(((7,), (0,)), ((), ()))": 3.906260999971214e-14,
    "(((), ()), ((7,), (0,)))": 3.906260999971214e-14,
    "(((8,), (0,)), ((), ()))": 2.9732160854248776e-09,
    "(((), ()), ((8,), (0,)))": 2.9732160854248776e-09,
    "(((0,), (0,)), ((0,), (0,)))": 2.292067811997619e-06,
    "(((0,), (0,)), ((1,), (0,)))": -4.2947123521274e-12,
    "(((0,), (0,)), ((2,), (0,)))": 6.197260993255486e-06,
    "(((0,), (0,)), ((3,), (0,)))": -7.48151761115137e-12,
    "(((0,), (0,)), ((4,), (0,)))": -2.688994445962667e-19,
    "(((0,), (0,)), ((5,), (0,)))": -2.0689236520644823e-18,
    "(((0,), (0,)), ((6,), (0,)))": 5.215055302873479e-18,
    "(((0,), (0,)), ((7,), (0,)))": 2.913774030254165e-17,
    "(((0,), (0,)), ((8,), (0,)))": 3.568250328811679e-05,
    "(((1,), (0,)), ((0,), (0,)))": -4.294712127437081e-12,
    "(((1,), (0,)), ((1,), (0,)))": 2.494859075500102e-06,
    "(((1,), (0,)), ((2,), (0,)))": -1.211731789733362e-11,
    "(((1,), (0,)), ((3,), (0,)))": 9.160560991729606e-06,
    "(((1,), (0,)), ((4,), (0,)))": -1.0158185353324338e-18,
    "(((1,), (0,)), ((5,), (0,)))": -3.423605635252454e-18,
    "(((1,), (0,)), ((6,), (0,)))": -4.477486130361278e-19,
    "(((1,), (0,)), ((7,), (0,)))": -6.224919251712319e-19,
    "(((1,), (0,)), ((8,), (0,)))": -1.045249134171859e-11,
    "(((2,), (0,)), ((0,), (0,)))": 6.197260993252125e-06,
    "(((2,), (0,)), ((1,), (0,)))": -1.2117315580274309e-11,
    "(((2,), (0,)), ((2,), (0,)))": 0.00011078754580818098,
    "(((2,), (0,)), ((3,), (0,)))": -6.195094030551033e-10,
    "(((2,), (0,)), ((4,), (0,)))": -6.987040378614273e-17,
    "(((2,), (0,)), ((5,), (0,)))": -3.274381671730067e-16,
    "(((2,), (0,)), ((6,), (0,)))": 2.322640491379769e-16,
    "(((2,), (0,)), ((7,), (0,)))": 1.174432471086646e-15,
    "(((2,), (0,)), ((8,), (0,)))": 0.004445139251439042,
    "(((3,), (0,)), ((0,), (0,)))": -7.481523112438922e-12,
    "(((3,), (0,)), ((1,), (0,)))": 9.160560991727112e-06,
    "(((3,), (0,)), ((2,), (0,)))": -6.195095333636746e-10,
    "(((3,), (0,)), ((3,), (0,)))": 0.0005871920533538702,
    "(((3,), (0,)), ((4,), (0,)))": -2.0343793240187124e-16,
    "(((3,), (0,)), ((5,), (0,)))": -6.353558151538186e-16,
    "(((3,), (0,)), ((6,), (0,)))": 4.633270673590723e-17,
    "(((3,), (0,)), ((7,), (0,)))": 3.040651537705886e-16,
    "(((3,), (0,)), ((8,), (0,)))": 6.843885223448895e-11,
    "(((4,), (0,)), ((0,), (0,)))": -2.688994445962658e-19,
    "(((4,), (0,)), ((1,), (0,)))": -1.015818535332434e-18,
    "(((4,), (0,)), ((2,), (0,)))": -6.987040378614273e-17,
    "(((4,), (0,)), ((3,), (0,)))": -2.0343793240187126e-16,
    "(((4,), (0,)), ((4,), (0,)))": -0.35986442794382645,
    "(((4,), (0,)), ((5,), (0,)))": -1.093718575509124e-14,
    "(((4,), (0,)), ((6,), (0,)))": -2.2666717925448897e-09,
    "(((4,), (0,)), ((7,), (0,)))": -1.7615467040448607e-10,
    "(((4,), (0,)), ((8,), (0,)))": -1.0373805299470138e-14,
    "(((5,), (0,)), ((0,), (0,)))": -2.0689236520644853e-18,
    "(((5,), (0,)), ((1,), (0,)))": -3.423605635252454e-18,
    "(((5,), (0,)), ((2,), (0,)))": -3.274381671730066e-16,
    "(((5,), (0,)), ((3,), (0,)))": -6.353558151538188e-16,
    "(((5,), (0,)), ((4,), (0,)))": -1.0937186046483317e-14,
    "(((5,), (0,)), ((5,), (0,)))": -0.3598644279438133,
    "(((5,), (0,)), ((6,), (0,)))": 1.6831287094357601e-10,
    "(((5,), (0,)), ((7,), (0,)))": -2.251592002382032e-09,
    "(((5,), (0,)), ((8,), (0,)))": -4.4673103369539345e-14,
    "(((6,), (0,)), ((0,), (0,)))": 5.21505530287348e-18,
    "(((6,), (0,)), ((1,), (0,)))": -4.477486130361283e-19,
    "(((6,), (0,)), ((2,), (0,)))": 2.3226404913797694e-16,
    "(((6,), (0,)), ((3,), (0,)))": 4.633270673590723e-17,
    "(((6,), (0,)), ((4,), (0,)))": -2.266671792544855e-09,
    "(((6,), (0,)), ((5,), (0,)))": 1.6831287094354458e-10,
    "(((6,), (0,)), ((6,), (0,)))": 0.36114308159184866,
    "(((6,), (0,)), ((7,), (0,)))": -3.8987224280487e-15,
    "(((6,), (0,)), ((8,), (0,)))": 2.0849621160155377e-14,
    "(((7,), (0,)), ((0,), (0,)))": 2.913774030254165e-17,
    "(((7,), (0,)), ((1,), (0,)))": -6.224919251712331e-19,
    "(((7,), (0,)), ((2,), (0,)))": 1.1744324710866452e-15,
    "(((7,), (0,)), ((3,), (0,)))": 3.0406515377058884e-16,
    "(((7,), (0,)), ((4,), (0,)))": -1.761546704043843e-10,
    "(((7,), (0,)), ((5,), (0,)))": -2.251592002382183e-09,
    "(((7,), (0,)), ((6,), (0,)))": -3.898722693810279e-15,
    "(((7,), (0,)), ((7,), (0,)))": 0.36114308159183345,
    "(((7,), (0,)), ((8,), (0,)))": 6.132594018465291e-14,
    "(((8,), (0,)), ((0,), (0,)))": 3.568250328811663e-05,
    "(((8,), (0,)), ((1,), (0,)))": -1.0452491470868349e-11,
    "(((8,), (0,)), ((2,), (0,)))": 0.0044451392514391315,
    "(((8,), (0,)), ((3,), (0,)))": 6.843886627371894e-11,
    "(((8,), (0,)), ((4,), (0,)))": -1.0373805299470138e-14,
    "(((8,), (0,)), ((5,), (0,)))": -4.4673103369539345e-14,
    "(((8,), (0,)), ((6,), (0,)))": 2.0849621160155377e-14,
    "(((8,), (0,)), ((7,), (0,)))": 6.132594018465291e-14,
    "(((8,), (0,)), ((8,), (0,)))": 0.48423099439206424
  }
}