{
  "E": -15.501971338107326,
  "sol": {
    "(((), ()), ((), ()))": 0.98934887755165,
    "(((0,), (0,)), ((), ()))": -1.110939288313615e-16,
    "(((), ()), ((0,), (0,)))": -1.110939288313615e-16,
    "(((0,), (1,)), ((), ()))": 2.4152567297471147e-17,
    "(((), ()), ((0,), (1,)))": 2.4152567297471147e-17,
    "(((0,), (2,)), ((), ()))": 0.00030079099807512206,
    "(((), ()), ((0,), (2,)))": 0.00030079099807512206,
    "(((0,), (3,)), ((), ()))": -6.215576632866088e-05,
    "(((), ()), ((0,), (3,)))": -6.215576632866088e-05,
    "(((1,), (0,)), ((), ()))": -1.0238107628361748e-17,
    "(((), ()), ((1,), (0,)))": -1.0238107628361748e-17,
    "(((1,), (1,)), ((), ()))": 2.6389440600599464e-17,
    "(((), ()), ((1,), (1,)))": 2.6389440600599464e-17,
    "(((1,), (2,)), ((), ()))": -0.008832647214718265,
    "(((), ()), ((1,), (2,)))": -0.008832647214718265,
    "(((1,), (3,)), ((), ()))": -0.00037406697584526304,
    "(((), ()), ((1,), (3,)))": -0.00037406697584526304,
    "(((2,), (0,)), ((), ()))": -2.909212501053789e-16,
    "(((), ()), ((2,), (0,)))": -2.909212501053789e-16,
    "(((2,), (1,)), ((), ()))": 4.541503971762152e-17,
    "(((), ()), ((2,), (1,)))": 4.541503971762152e-17,
    "(((2,), (2,)), ((), ()))": 0.004521405794385659,
    "(((), ()), ((2,), (2,)))": 0.004521405794385659,
    "(((2,), (3,)), ((), ()))": -0.003117753064963219,
    "(((), ()), ((2,), (3,)))": -0.003117753064963219,
    "(((0,), (0,)), ((0,), (0,)))": -0.001472294039775036,
    "(((0,), (0,)), ((0,), (1,)))": -1.7347976132589918e-19,
    "(((0,), (0,)), ((0,), (2,)))": 2.913763996666833e-19,
    "(((0,), (0,)), ((0,), (3,)))": 4.983849411830155e-20,
    "(((0,), (0,)), ((1,), (0,)))": 0.002657382069581986,
    "(((0,), (0,)), ((1,), (1,)))": 5.915235311275252e-19,
    "(((0,), (0,)), ((1,), (2,)))": 3.9903517509398458e-19,
    "(((0,), (0,)), ((1,), (3,)))": 3.203729367980797e-19,
    "(((0,), (0,)), ((2,), (0,)))": -0.0017182492518238745,
    "(((0,), (0,)), ((2,), (1,)))": -3.869514377025282e-19,
    "(((0,), (0,)), ((2,), (2,)))": -1.4928037024452748e-19,
    "(((0,), (0,)), ((2,), (3,)))": 9.091604468404052e-19,
    "(((0,), (1,)), ((0,), (0,)))": -5.458419653626478e-19,
    "(((0,), (1,)), ((0,), (1,)))": -0.0014722940397750345,
    "(((0,), (1,)), ((0,), (2,)))": 2.1775169556810476e-19,
    "(((0,), (1,)), ((0,), (3,)))": 4.8868232020902693e-20,
    "(((0,), (1,)), ((1,), (0,)))": 5.674678042516058e-19,
    "(((0,), (1,)), ((1,), (1,)))": 0.002657382069581983,
    "(((0,), (1,)), ((1,), (2,)))": 4.746716351370761e-19,
    "(((0,), (1,)), ((1,), (3,)))": 4.3039410698146553e-19,
    "(((0,), (1,)), ((2,), (0,)))": -3.942492767261353e-19,
    "(((0,), (1,)), ((2,), (1,)))": -0.001718249251823873,
    "(((0,), (1,)), ((2,), (2,)))": -1.1374970859569014e-18,
    "(((0,), (1,)), ((2,), (3,)))": 1.340673116033274e-19,
    "(((0,), (2,)), ((0,), (0,)))": 2.9137639966668367e-19,
    "(((0,), (2,)), ((0,), (1,)))": 2.1775169556810264e-19,
    "(((0,), (2,)), ((0,), (2,)))": -0.0011754177794453273,
    "(((0,), (2,)), ((0,), (3,)))": -0.000747979285717279,
    "(((0,), (2,)), ((1,), (0,)))": -7.85636530790555e-19,
    "(((0,), (2,)), ((1,), (1,)))": 1.6335621972330103e-19,
    "(((0,), (2,)), ((1,), (2,)))": 0.00030855251873496614,
    "(((0,), (2,)), ((1,), (3,)))": -0.0003624553658020727,
    "(((0,), (2,)), ((2,), (0,)))": 5.589519422943753e-19,
    "(((0,), (2,)), ((2,), (1,)))": -5.131210823547521e-20,
    "(((0,), (2,)), ((2,), (2,)))": 0.0005468816964892978,
    "(((0,), (2,)), ((2,), (3,)))": -0.00016221528277035306,
    "(((0,), (3,)), ((0,), (0,)))": 4.983849411829982e-20,
    "(((0,), (3,)), ((0,), (1,)))": 4.8868232020904053e-20,
    "(((0,), (3,)), ((0,), (2,)))": -0.0007479792857172775,
    "(((0,), (3,)), ((0,), (3,)))": -0.0015537713644748334,
    "(((0,), (3,)), ((1,), (0,)))": 4.6145935330657895e-19,
    "(((0,), (3,)), ((1,), (1,)))": 2.0753353108368897e-19,
    "(((0,), (3,)), ((1,), (2,)))": 0.0003835286078480611,
    "(((0,), (3,)), ((1,), (3,)))": 0.00026813866160346495,
    "(((0,), (3,)), ((2,), (0,)))": 1.9474488844496958e-19,
    "(((0,), (3,)), ((2,), (1,)))": 1.093170996279769e-19,
    "(((0,), (3,)), ((2,), (2,)))": 0.0003180310176666906,
    "(((0,), (3,)), ((2,), (3,)))": -0.0009656447079590991,
    "(((1,), (0,)), ((0,), (0,)))": 0.0026573820695819862,
    "(((1,), (0,)), ((0,), (1,)))": 5.968889205203744e-19,
    "(((1,), (0,)), ((0,), (2,)))": -7.856365307905559e-19,
    "(((1,), (0,)), ((0,), (3,)))": 4.614593533065786e-19,
    "(((1,), (0,)), ((1,), (0,)))": -0.04181071482463414,
    "(((1,), (0,)), ((1,), (1,)))": -1.1996886858207719e-17,
    "(((1,), (0,)), ((1,), (2,)))": 5.3862061816078106e-18,
    "(((1,), (0,)), ((1,), (3,)))": -5.515116949822561e-18,
    "(((1,), (0,)), ((2,), (0,)))": 0.02410885084166034,
    "(((1,), (0,)), ((2,), (1,)))": 6.550165607239169e-18,
    "(((1,), (0,)), ((2,), (2,)))": 4.40892853987234e-18,
    "(((1,), (0,)), ((2,), (3,)))": -2.7017011182680418e-18,
    "(((1,), (1,)), ((0,), (0,)))": 6.420295999084128e-19,
    "(((1,), (1,)), ((0,), (1,)))": 0.002657382069581983,
    "(((1,), (1,)), ((0,), (2,)))": 1.633562197233021e-19,
    "(((1,), (1,)), ((0,), (3,)))": 2.0753353108368786e-19,
    "(((1,), (1,)), ((1,), (0,)))": -1.029704157406987e-17,
    "(((1,), (1,)), ((1,), (1,)))": -0.04181071482463408,
    "(((1,), (1,)), ((1,), (2,)))": -3.1763807378565804e-18,
    "(((1,), (1,)), ((1,), (3,)))": -1.0853467068147214e-17,
    "(((1,), (1,)), ((2,), (0,)))": 6.661352379982149e-18,
    "(((1,), (1,)), ((2,), (1,)))": 0.024108850841660305,
    "(((1,), (1,)), ((2,), (2,)))": 2.5795548339895857e-17,
    "(((1,), (1,)), ((2,), (3,)))": -3.462707966286061e-18,
    "(((1,), (2,)), ((0,), (0,)))": 3.990351750939871e-19,
    "(((1,), (2,)), ((0,), (1,)))": 4.74671635137074e-19,
    "(((1,), (2,)), ((0,), (2,)))": 0.00030855251873496944,
    "(((1,), (2,)), ((0,), (3,)))": 0.0003835286078480596,
    "(((1,), (2,)), ((1,), (0,)))": 5.386206181607819e-18,
    "(((1,), (2,)), ((1,), (1,)))": -3.176380737856552e-18,
    "(((1,), (2,)), ((1,), (2,)))": -0.0328737210989528,
    "(((1,), (2,)), ((1,), (3,)))": 0.02933477046290002,
    "(((1,), (2,)), ((2,), (0,)))": 5.929817620844618e-18,
    "(((1,), (2,)), ((2,), (1,)))": 1.7257226287274823e-17,
    "(((1,), (2,)), ((2,), (2,)))": 0.0006258013872840098,
    "(((1,), (2,)), ((2,), (3,)))": 0.013626959709663062,
    "(((1,), (3,)), ((0,), (0,)))": 3.2037293679808007e-19,
    "(((1,), (3,)), ((0,), (1,)))": 4.3039410698146505e-19,
    "(((1,), (3,)), ((0,), (2,)))": -0.00036245536580206586,
    "(((1,), (3,)), ((0,), (3,)))": 0.0002681386616034615,
    "(((1,), (3,)), ((1,), (0,)))": -5.515116949822561e-18,
    "(((1,), (3,)), ((1,), (1,)))": -1.0853467068147235e-17,
    "(((1,), (3,)), ((1,), (2,)))": 0.02933477046290006,
    "(((1,), (3,)), ((1,), (3,)))": -0.030070333821128857,
    "(((1,), (3,)), ((2,), (0,)))": -6.883025478144949e-19,
    "(((1,), (3,)), ((2,), (1,)))": -1.3440950561811005e-18,
    "(((1,), (3,)), ((2,), (2,)))": 0.011145502964001982,
    "(((1,), (3,)), ((2,), (3,)))": -0.006371923137193054,
    "(((2,), (0,)), ((0,), (0,)))": -0.0017182492518238747,
    "(((2,), (0,)), ((0,), (1,)))": -4.0206528485880547e-19,
    "(((2,), (0,)), ((0,), (2,)))": 5.589519422943736e-19,
    "(((2,), (0,)), ((0,), (3,)))": 1.9474488844497524e-19,
    "(((2,), (0,)), ((1,), (0,)))": 0.02410885084166034,
    "(((2,), (0,)), ((1,), (1,)))": 6.052766143948562e-18,
    "(((2,), (0,)), ((1,), (2,)))": 5.9298176208446196e-18,
    "(((2,), (0,)), ((1,), (3,)))": -6.883025478144957e-19,
    "(((2,), (0,)), ((2,), (0,)))": -0.0186488829381665,
    "(((2,), (0,)), ((2,), (1,)))": -3.2281528028620856e-18,
    "(((2,), (0,)), ((2,), (2,)))": -1.4625151350004656e-17,
    "(((2,), (0,)), ((2,), (3,)))": -4.296895724223622e-18,
    "(((2,), (1,)), ((0,), (0,)))": -3.496383587873205e-19,
    "(((2,), (1,)), ((0,), (1,)))": -0.001718249251823873,