{
  "E": -15.410296489941535,
  "sol": {
    "(((), ()), ((), ()))": 0.9916944850007811,
    "(((0,), (0,)), ((), ()))": 1.6491680794158843e-17,
    "(((), ()), ((0,), (0,)))": 1.6491680794158843e-17,
    "(((0,), (1,)), ((), ()))": 9.333858525330207e-18,
    "(((), ()), ((0,), (1,)))": 9.333858525330207e-18,
    "(((0,), (2,)), ((), ()))": 0.00031316303663158425,
    "(((), ()), ((0,), (2,)))": 0.00031316303663158425,
    "(((0,), (3,)), ((), ()))": 7.129475137272258e-17,
    "(((), ()), ((0,), (3,)))": 7.129475137272258e-17,
    "(((1,), (0,)), ((), ()))": 1.270982479004657e-16,
    "(((), ()), ((1,), (0,)))": 1.270982479004657e-16,
    "(((1,), (1,)), ((), ()))": 4.0871377702458257e-16,
    "(((), ()), ((1,), (1,)))": 4.0871377702458257e-16,
    "(((1,), (2,)), ((), ()))": -0.009667173224725,
    "(((), ()), ((1,), (2,)))": -0.009667173224725,
    "(((1,), (3,)), ((), ()))": 5.625439324142289e-16,
    "(((), ()), ((1,), (3,)))": 5.625439324142289e-16,
    "(((2,), (0,)), ((), ()))": 3.83429582227874e-18,
    "(((), ()), ((2,), (0,)))": 3.83429582227874e-18,
    "(((2,), (1,)), ((), ()))": -5.1442180584593336e-18,
    "(((), ()), ((2,), (1,)))": -5.1442180584593336e-18,
    "(((2,), (2,)), ((), ()))": 5.510292089696074e-16,
    "(((), ()), ((2,), (2,)))": 5.510292089696074e-16,
    "(((2,), (3,)), ((), ()))": -0.0027272609224933287,
    "(((), ()), ((2,), (3,)))": -0.0027272609224933287,
    "(((0,), (0,)), ((0,), (0,)))": -0.0014251506548289103,
    "(((0,), (0,)), ((0,), (1,)))": -5.070005118615375e-19,
    "(((0,), (0,)), ((0,), (2,)))": -7.187743435650115e-19,
    "(((0,), (0,)), ((0,), (3,)))": -9.424433495263754e-20,
    "(((0,), (0,)), ((1,), (0,)))": 0.0032748251144562326,
    "(((0,), (0,)), ((1,), (1,)))": 1.0979068975594115e-18,
    "(((0,), (0,)), ((1,), (2,)))": 6.075160694192575e-19,
    "(((0,), (0,)), ((1,), (3,)))": 2.4885628623302917e-19,
    "(((0,), (0,)), ((2,), (0,)))": 4.2826400627316544e-17,
    "(((0,), (0,)), ((2,), (1,)))": 4.2645609731862995e-20,
    "(((0,), (0,)), ((2,), (2,)))": -1.333988153138687e-19,
    "(((0,), (0,)), ((2,), (3,)))": -4.348318915659071e-19,
    "(((0,), (1,)), ((0,), (0,)))": -4.883625639369545e-19,
    "(((0,), (1,)), ((0,), (1,)))": -0.0014251506548289118,
    "(((0,), (1,)), ((0,), (2,)))": 8.807233483903622e-19,
    "(((0,), (1,)), ((0,), (3,)))": 5.370666471340073e-19,
    "(((0,), (1,)), ((1,), (0,)))": 1.082810973626383e-18,
    "(((0,), (1,)), ((1,), (1,)))": 0.003274825114456236,
    "(((0,), (1,)), ((1,), (2,)))": 5.701012170236154e-20,
    "(((0,), (1,)), ((1,), (3,)))": -1.2763651757028282e-18,
    "(((0,), (1,)), ((2,), (0,)))": 6.531611093066154e-21,
    "(((0,), (1,)), ((2,), (1,)))": 4.2848445926582404e-17,
    "(((0,), (1,)), ((2,), (2,)))": -7.787882632072773e-20,
    "(((0,), (1,)), ((2,), (3,)))": 3.8509190099586217e-19,
    "(((0,), (2,)), ((0,), (0,)))": -7.187743435650097e-19,
    "(((0,), (2,)), ((0,), (1,)))": 8.80723348390356e-19,
    "(((0,), (2,)), ((0,), (2,)))": -0.00022697508562312342,
    "(((0,), (2,)), ((0,), (3,)))": -1.4673397005863074e-17,
    "(((0,), (2,)), ((1,), (0,)))": 2.303225159936632e-18,
    "(((0,), (2,)), ((1,), (1,)))": -1.9729857691839e-18,
    "(((0,), (2,)), ((1,), (2,)))": 0.0005732987362910007,
    "(((0,), (2,)), ((1,), (3,)))": 3.160810710507999e-17,
    "(((0,), (2,)), ((2,), (0,)))": -1.5736148432400092e-20,
    "(((0,), (2,)), ((2,), (1,)))": -4.066600266009804e-20,
    "(((0,), (2,)), ((2,), (2,)))": -4.374411832460191e-17,
    "(((0,), (2,)), ((2,), (3,)))": -0.0003986279249609424,
    "(((0,), (3,)), ((0,), (0,)))": -9.424433495263536e-20,
    "(((0,), (3,)), ((0,), (1,)))": 5.370666471340145e-19,
    "(((0,), (3,)), ((0,), (2,)))": -1.954617769949312e-17,
    "(((0,), (3,)), ((0,), (3,)))": -0.0015228040004834585,
    "(((0,), (3,)), ((1,), (0,)))": 2.0590390076880575e-19,
    "(((0,), (3,)), ((1,), (1,)))": -1.274840526551713e-18,
    "(((0,), (3,)), ((1,), (2,)))": 2.673907398040568e-17,
    "(((0,), (3,)), ((1,), (3,)))": 0.00043806357059924877,
    "(((0,), (3,)), ((2,), (0,)))": -8.245911107129997e-19,
    "(((0,), (3,)), ((2,), (1,)))": 4.42755707336904e-19,
    "(((0,), (3,)), ((2,), (2,)))": 0.0009544144204763736,
    "(((0,), (3,)), ((2,), (3,)))": -8.81179994124063e-18,
    "(((1,), (0,)), ((0,), (0,)))": 0.003274825114456233,
    "(((1,), (0,)), ((0,), (1,)))": 9.476015652109669e-19,
    "(((1,), (0,)), ((0,), (2,)))": 2.3032251599366393e-18,
    "(((1,), (0,)), ((0,), (3,)))": 2.0590390076880523e-19,
    "(((1,), (0,)), ((1,), (0,)))": -0.06199162067459986,
    "(((1,), (0,)), ((1,), (1,)))": -1.2226510834189258e-17,
    "(((1,), (0,)), ((1,), (2,)))": 3.385707716216995e-18,
    "(((1,), (0,)), ((1,), (3,)))": -3.306889173884402e-18,
    "(((1,), (0,)), ((2,), (0,)))": -5.743489298027413e-16,
    "(((1,), (0,)), ((2,), (1,)))": -2.50605152417372e-18,
    "(((1,), (0,)), ((2,), (2,)))": 3.0333206127528212e-18,
    "(((1,), (0,)), ((2,), (3,)))": -7.789604201738905e-18,
    "(((1,), (1,)), ((0,), (0,)))": 1.3267307520112036e-18,
    "(((1,), (1,)), ((0,), (1,)))": 0.003274825114456235,
    "(((1,), (1,)), ((0,), (2,)))": -1.9729857691838972e-18,
    "(((1,), (1,)), ((0,), (3,)))": -1.2748405265517184e-18,
    "(((1,), (1,)), ((1,), (0,)))": -1.655806716350867e-17,
    "(((1,), (1,)), ((1,), (1,)))": -0.06199162067459994,
    "(((1,), (1,)), ((1,), (2,)))": -1.9207474043007858e-17,
    "(((1,), (1,)), ((1,), (3,)))": 1.525977960123482e-17,
    "(((1,), (1,)), ((2,), (0,)))": 3.3616802213880146e-18,
    "(((1,), (1,)), ((2,), (1,)))": -5.74026004694722e-16,
    "(((1,), (1,)), ((2,), (2,)))": 3.3377015760355012e-18,
    "(((1,), (1,)), ((2,), (3,)))": 2.1417413870882637e-18,
    "(((1,), (2,)), ((0,), (0,)))": 6.075160694192493e-19,
    "(((1,), (2,)), ((0,), (1,)))": 5.701012170235922e-20,
    "(((1,), (2,)), ((0,), (2,)))": 0.000573298736291003,
    "(((1,), (2,)), ((0,), (3,)))": 2.342960029162158e-17,
    "(((1,), (2,)), ((1,), (0,)))": 3.3857077162169883e-18,
    "(((1,), (2,)), ((1,), (1,)))": -1.9207474043007858e-17,
    "(((1,), (2,)), ((1,), (2,)))": -0.039661546338746585,
    "(((1,), (2,)), ((1,), (3,)))": -3.3358615222901564e-16,
    "(((1,), (2,)), ((2,), (0,)))": 1.853394443513525e-18,
    "(((1,), (2,)), ((2,), (1,)))": 1.527594023045474e-18,
    "(((1,), (2,)), ((2,), (2,)))": 4.572020253929084e-16,
    "(((1,), (2,)), ((2,), (3,)))": 0.027842772438775316,
    "(((1,), (3,)), ((0,), (0,)))": 2.488562862330296e-19,
    "(((1,), (3,)), ((0,), (1,)))": -1.276365175702824e-18,
    "(((1,), (3,)), ((0,), (2,)))": 3.275467617836211e-17,
    "(((1,), (3,)), ((0,), (3,)))": 0.00043806357059924606,
    "(((1,), (3,)), ((1,), (0,)))": -3.3068891738843874e-18,
    "(((1,), (3,)), ((1,), (1,)))": 1.5259779601234828e-17,
    "(((1,), (3,)), ((1,), (2,)))": -3.5399043865487326e-16,
    "(((1,), (3,)), ((1,), (3,)))": -0.01578449673476289,
    "(((1,), (3,)), ((2,), (0,)))": -7.758494078172556e-18,
    "(((1,), (3,)), ((2,), (1,)))": 3.3705066083848598e-18,
    "(((1,), (3,)), ((2,), (2,)))": 0.02687837088098602,
    "(((1,), (3,)), ((2,), (3,)))": -5.469105886378307e-16,
    "(((2,), (0,)), ((0,), (0,)))": 4.310682970963927e-17,
    "(((2,), (0,)), ((0,), (1,)))": 3.863682247592102e-19,
    "(((2,), (0,)), ((0,), (2,)))": -1.5736148432399298e-20,
    "(((2,), (0,)), ((0,), (3,)))": -8.245911107130022e-19,
    "(((2,), (0,)), ((1,), (0,)))": -5.74214299045369e-16,
    "(((2,), (0,)), ((1,), (1,)))": 1.207224844814013e-18,
    "(((2,), (0,)), ((1,), (2,)))": 1.8533944435135125e-18,
    "(((2,), (0,)), ((1,), (3,)))": -7.758494078172548e-18,
    "(((2,), (0,)), ((2,), (0,)))": -0.005819617724581806,
    "(((2,), (0,)), ((2,), (1,)))": -2.6325316731883482e-18,
    "(((2,), (0,)), ((2,), (2,)))": 1.2825954408611417e-17,
    "(((2,), (0,)), ((2,), (3,)))": -1.8394300422947335e-18,
    "(((2,), (1,)), ((0,), (0,)))": -4.314581213482138e-19,
    "(((2,), (1,)), ((0,), (1,)))": 4.305454202300077e-17,