{
  "E": -147.52998085107455,
  "sol": {
    "(((), ()), ((), ()))": 0.3240919840050785,
    "(((0,), (0,)), ((), ()))": -1.0690822168385873e-18,
    "(((), ()), ((0,), (0,)))": -1.0690822168385873e-18,
    "(((0,), (1,)), ((), ()))": 4.002949738534758e-06,
    "(((), ()), ((0,), (1,)))": 4.002949738534758e-06,
    "(((1,), (0,)), ((), ()))": -2.2183184446230605e-18,
    "(((), ()), ((1,), (0,)))": -2.2183184446230605e-18,
    "(((1,), (1,)), ((), ()))": 3.554552445674508e-12,
    "(((), ()), ((1,), (1,)))": 3.554552445674508e-12,
    "(((2,), (0,)), ((), ()))": 6.886657956781459e-16,
    "(((), ()), ((2,), (0,)))": 6.886657956781459e-16,
    "(((2,), (1,)), ((), ()))": 4.086828078066969e-10,
    "(((), ()), ((2,), (1,)))": 4.086828078066969e-10,
    "(((3,), (0,)), ((), ()))": 1.0720149736686395e-18,
    "(((), ()), ((3,), (0,)))": 1.0720149736686395e-18,
    "(((3,), (1,)), ((), ()))": 0.004799080625638651,
    "(((), ()), ((3,), (1,)))": 0.004799080625638651,
    "(((4,), (0,)), ((), ()))": -4.417914522709648e-11,
    "(((), ()), ((4,), (0,)))": -4.417914522709648e-11,
    "(((4,), (1,)), ((), ()))": 2.1466680739034032e-13,
    "(((), ()), ((4,), (1,)))": 2.1466680739034032e-13,
    "(((5,), (0,)), ((), ()))": 2.246839755960483e-12,
    "(((), ()), ((5,), (0,)))": 2.246839755960483e-12,
    "(((5,), (1,)), ((), ()))": 8.192907367942625e-14,
    "(((), ()), ((5,), (1,)))": 8.192907367942625e-14,
    "(((6,), (0,)), ((), ()))": -2.378762093292272e-14,
    "(((), ()), ((6,), (0,)))": -2.378762093292272e-14,
    "(((6,), (1,)), ((), ()))": 2.919395540285755e-08,
    "(((), ()), ((6,), (1,)))": 2.919395540285755e-08,
    "(((7,), (0,)), ((), ()))": 3.2048653211753006e-08,
    "(((), ()), ((7,), (0,)))": 3.2048653211753006e-08,
    "(((7,), (1,)), ((), ()))": -2.3711241729203745e-14,
    "(((), ()), ((7,), (1,)))": -2.3711241729203745e-14,
    "(((0,), (0,)), ((0,), (0,)))": 6.5885578449800975e-06,
    "(((0,), (0,)), ((0,), (1,)))": -7.482494788788888e-20,
    "(((0,), (0,)), ((1,), (0,)))": -1.9896615524101873e-11,
    "(((0,), (0,)), ((1,), (1,)))": -4.214748069350681e-18,
    "(((0,), (0,)), ((2,), (0,)))": 1.525874029498116e-10,
    "(((0,), (0,)), ((2,), (1,)))": 1.3376722065527171e-17,
    "(((0,), (0,)), ((3,), (0,)))": 1.778754542393597e-05,
    "(((0,), (0,)), ((3,), (1,)))": -2.5582017170875066e-19,
    "(((0,), (0,)), ((4,), (0,)))": 7.026342181666845e-18,
    "(((0,), (0,)), ((4,), (1,)))": -1.3114678870846063e-15,
    "(((0,), (0,)), ((5,), (0,)))": 2.7166379694762997e-18,
    "(((0,), (0,)), ((5,), (1,)))": 6.478944803667234e-17,
    "(((0,), (0,)), ((6,), (0,)))": -6.808350931863081e-11,
    "(((0,), (0,)), ((6,), (1,)))": -1.1962527543714303e-19,
    "(((0,), (0,)), ((7,), (0,)))": -9.938184976950292e-19,
    "(((0,), (0,)), ((7,), (1,)))": 4.1630015336207766e-10,
    "(((0,), (1,)), ((0,), (0,)))": -7.482494788787863e-20,
    "(((0,), (1,)), ((0,), (1,)))": -2.0731755915952563e-05,
    "(((0,), (1,)), ((1,), (0,)))": -4.229738818148979e-18,
    "(((0,), (1,)), ((1,), (1,)))": -2.0825634857831642e-11,
    "(((0,), (1,)), ((2,), (0,)))": 1.3612191014398558e-17,
    "(((0,), (1,)), ((2,), (1,)))": -1.5517624129612838e-10,
    "(((0,), (1,)), ((3,), (0,)))": -2.899327236622654e-19,
    "(((0,), (1,)), ((3,), (1,)))": -6.80911584834856e-05,
    "(((0,), (1,)), ((4,), (0,)))": -2.663100351823747e-15,
    "(((0,), (1,)), ((4,), (1,)))": 2.5784128020476028e-17,
    "(((0,), (1,)), ((5,), (0,)))": 1.3712749625171408e-16,
    "(((0,), (1,)), ((5,), (1,)))": 9.949205674532984e-18,
    "(((0,), (1,)), ((6,), (0,)))": -1.1790339799716567e-18,
    "(((0,), (1,)), ((6,), (1,)))": 3.773292088334767e-10,
    "(((0,), (1,)), ((7,), (0,)))": 1.3066163324947819e-10,
    "(((0,), (1,)), ((7,), (1,)))": 5.544276645616131e-19,
    "(((1,), (0,)), ((0,), (0,)))": -1.9896615452350634e-11,
    "(((1,), (0,)), ((0,), (1,)))": -4.229738818148543e-18,
    "(((1,), (0,)), ((1,), (0,)))": 7.178190111728498e-06,
    "(((1,), (0,)), ((1,), (1,)))": -7.127185910810947e-20,
    "(((1,), (0,)), ((2,), (0,)))": -2.792260317320782e-05,
    "(((1,), (0,)), ((2,), (1,)))": 1.5600144814766928e-19,
    "(((1,), (0,)), ((3,), (0,)))": 2.8331383282687108e-11,
    "(((1,), (0,)), ((3,), (1,)))": -1.3769535859627784e-17,
    "(((1,), (0,)), ((4,), (0,)))": -4.841555767209153e-18,
    "(((1,), (0,)), ((4,), (1,)))": -2.2104967858878443e-17,
    "(((1,), (0,)), ((5,), (0,)))": -1.279886734538199e-17,
    "(((1,), (0,)), ((5,), (1,)))": 5.357292566258497e-16,
    "(((1,), (0,)), ((6,), (0,)))": 1.8035965419493385e-05,
    "(((1,), (0,)), ((6,), (1,)))": 6.485575863187809e-19,
    "(((1,), (0,)), ((7,), (0,)))": 2.292579776736311e-18,
    "(((1,), (0,)), ((7,), (1,)))": -0.00010465822779566039,
    "(((1,), (1,)), ((0,), (0,)))": -4.214748069350647e-18,
    "(((1,), (1,)), ((0,), (1,)))": -2.0825634871650883e-11,
    "(((1,), (1,)), ((1,), (0,)))": -7.127185910810872e-20,
    "(((1,), (1,)), ((1,), (1,)))": -1.9396817550444747e-05,
    "(((1,), (1,)), ((2,), (0,)))": 1.3464300829253366e-19,
    "(((1,), (1,)), ((2,), (1,)))": 4.85593642504165e-05,
    "(((1,), (1,)), ((3,), (0,)))": -1.3574749176671897e-17,
    "(((1,), (1,)), ((3,), (1,)))": -3.0812347795221e-10,
    "(((1,), (1,)), ((4,), (0,)))": -7.732640182777237e-16,
    "(((1,), (1,)), ((4,), (1,)))": -3.426100334350157e-17,
    "(((1,), (1,)), ((5,), (0,)))": 1.5604532352341457e-14,
    "(((1,), (1,)), ((5,), (1,)))": -9.196874912404419e-17,
    "(((1,), (1,)), ((6,), (0,)))": 1.796047131610362e-18,
    "(((1,), (1,)), ((6,), (1,)))": -9.354037171475634e-05,
    "(((1,), (1,)), ((7,), (0,)))": -3.229889554488964e-05,
    "(((1,), (1,)), ((7,), (1,)))": -1.7846218612348852e-19,
    "(((2,), (0,)), ((0,), (0,)))": 1.5258740301842632e-10,
    "(((2,), (0,)), ((0,), (1,)))": 1.3612191014398558e-17,
    "(((2,), (0,)), ((1,), (0,)))": -2.7922603173210524e-05,
    "(((2,), (0,)), ((1,), (1,)))": 1.346430082924959e-19,
    "(((2,), (0,)), ((2,), (0,)))": 0.0017276801143099746,
    "(((2,), (0,)), ((2,), (1,)))": -8.307283014758091e-18,
    "(((2,), (0,)), ((3,), (0,)))": 2.2620475444635454e-09,
    "(((2,), (0,)), ((3,), (1,)))": 6.467651870322393e-16,
    "(((2,), (0,)), ((4,), (0,)))": 4.1643650483341314e-16,
    "(((2,), (0,)), ((4,), (1,)))": 2.4204708570949384e-15,
    "(((2,), (0,)), ((5,), (0,)))": 1.1081282142511971e-15,
    "(((2,), (0,)), ((5,), (1,)))": -5.720721911258435e-14,
    "(((2,), (0,)), ((6,), (0,)))": -0.002288341511217727,
    "(((2,), (0,)), ((6,), (1,)))": 3.504647008447623e-17,
    "(((2,), (0,)), ((7,), (0,)))": 2.8558943719685667e-17,
    "(((2,), (0,)), ((7,), (1,)))": 0.013865821621299932,
    "(((2,), (1,)), ((0,), (0,)))": 1.337672206552575e-17,
    "(((2,), (1,)), ((0,), (1,)))": -1.5517624147044772e-10,
    "(((2,), (1,)), ((1,), (0,)))": 1.5600144814768476e-19,
    "(((2,), (1,)), ((1,), (1,)))": 4.85593642504165e-05,
    "(((2,), (1,)), ((2,), (0,)))": -8.307283014758017e-18,
    "(((2,), (1,)), ((2,), (1,)))": -0.000961342341413293,
    "(((2,), (1,)), ((3,), (0,)))": 6.107921851011922e-16,
    "(((2,), (1,)), ((3,), (1,)))": 1.944209628237653e-09,
    "(((2,), (1,)), ((4,), (0,)))": 1.7664405156426178e-15,
    "(((2,), (1,)), ((4,), (1,)))": 4.0633068148616663e-16,
    "(((2,), (1,)), ((5,), (0,)))": -5.074092369464733e-14,
    "(((2,), (1,)), ((5,), (1,)))": 1.1464044029596324e-15,
    "(((2,), (1,)), ((6,), (0,)))": 2.866061671216652e-17,
    "(((2,), (1,)), ((6,), (1,)))": 0.012284470337251297,
    "(((2,), (1,)), ((7,), (0,)))": 0.002906574059104196,
    "(((2,), (1,)), ((7,), (1,)))": -3.84309581358561e-17,
    "(((3,), (0,)), ((0,), (0,)))": 1.778754542392147e-05,
    "(((3,), (0,)), ((0,), (1,)))": -2.8993272366212087e-19,
    "(((3,), (0,)), ((1,), (0,)))": 2.8331383198536832e-11,
    "(((3,), (0,)), ((1,), (1,)))": -1.3574749176669937e-17,
    "(((3,), (0,)), ((2,), (0,)))": 2.2620475444821198e-09,
    "(((3,), (0,)), ((2,), (1,)))": 6.107921851011922e-16,