{
  "E": -15.442672376460418,
  "sol": {
    "(((), ()), ((), ()))": 0.8897839451308723,
    "(((0,), (0,)), ((), ()))": -0.00014461354384529926,
    "(((), ()), ((0,), (0,)))": -0.00014461354384529926,
    "(((0,), (1,)), ((), ()))": -4.274510491471118e-18,
    "(((), ()), ((0,), (1,)))": -4.274510491471118e-18,
    "(((0,), (2,)), ((), ()))": -1.4980751753298085e-18,
    "(((), ()), ((0,), (2,)))": -1.4980751753298085e-18,
    "(((0,), (3,)), ((), ()))": -0.0002642748885077769,
    "(((), ()), ((0,), (3,)))": -0.0002642748885077769,
    "(((1,), (0,)), ((), ()))": 0.00946841910603373,
    "(((), ()), ((1,), (0,)))": 0.00946841910603373,
    "(((1,), (1,)), ((), ()))": -6.948695080589637e-17,
    "(((), ()), ((1,), (1,)))": -6.948695080589637e-17,
    "(((1,), (2,)), ((), ()))": -2.616426765664157e-16,
    "(((), ()), ((1,), (2,)))": -2.616426765664157e-16,
    "(((1,), (3,)), ((), ()))": 0.00028581131867804854,
    "(((), ()), ((1,), (3,)))": 0.00028581131867804854,
    "(((2,), (0,)), ((), ()))": -0.0311735479525978,
    "(((), ()), ((2,), (0,)))": -0.0311735479525978,
    "(((2,), (1,)), ((), ()))": -2.1324416013045273e-16,
    "(((), ()), ((2,), (1,)))": -2.1324416013045273e-16,
    "(((2,), (2,)), ((), ()))": -2.3212891010702775e-16,
    "(((), ()), ((2,), (2,)))": -2.3212891010702775e-16,
    "(((2,), (3,)), ((), ()))": -0.002140257899115047,
    "(((), ()), ((2,), (3,)))": -0.002140257899115047,
    "(((0,), (0,)), ((0,), (0,)))": -0.0009727611918283001,
    "(((0,), (0,)), ((0,), (1,)))": 6.09472203951879e-19,
    "(((0,), (0,)), ((0,), (2,)))": -4.2200222553717446e-19,
    "(((0,), (0,)), ((0,), (3,)))": -0.00029684138923748485,
    "(((0,), (0,)), ((1,), (0,)))": -9.990064498013855e-05,
    "(((0,), (0,)), ((1,), (1,)))": -1.2158824318700683e-18,
    "(((0,), (0,)), ((1,), (2,)))": 2.0166225740400732e-19,
    "(((0,), (0,)), ((1,), (3,)))": -0.0007266317588078647,
    "(((0,), (0,)), ((2,), (0,)))": -1.0930264092660479e-05,
    "(((0,), (0,)), ((2,), (1,)))": 1.912069776026918e-18,
    "(((0,), (0,)), ((2,), (2,)))": -6.165816008575464e-19,
    "(((0,), (0,)), ((2,), (3,)))": 0.0007143511878690075,
    "(((0,), (1,)), ((0,), (0,)))": 6.094722039518792e-19,
    "(((0,), (1,)), ((0,), (1,)))": -0.0013490322479676603,
    "(((0,), (1,)), ((0,), (2,)))": 3.9750067453220866e-19,
    "(((0,), (1,)), ((0,), (3,)))": -1.378031630569778e-19,
    "(((0,), (1,)), ((1,), (0,)))": -1.3468815953920471e-18,
    "(((0,), (1,)), ((1,), (1,)))": 0.0022240308533686528,
    "(((0,), (1,)), ((1,), (2,)))": -5.890875348023393e-19,
    "(((0,), (1,)), ((1,), (3,)))": -7.881430262164019e-19,
    "(((0,), (1,)), ((2,), (0,)))": 1.8403948097293597e-18,
    "(((0,), (1,)), ((2,), (1,)))": -0.0017711506460435272,
    "(((0,), (1,)), ((2,), (2,)))": 4.74439193614573e-19,
    "(((0,), (1,)), ((2,), (3,)))": -1.0359124613592947e-18,
    "(((0,), (2,)), ((0,), (0,)))": -4.2200222553717325e-19,
    "(((0,), (2,)), ((0,), (1,)))": 3.8505123833112836e-19,
    "(((0,), (2,)), ((0,), (2,)))": -0.0013490322479676603,
    "(((0,), (2,)), ((0,), (3,)))": -2.261144462680175e-19,
    "(((0,), (2,)), ((1,), (0,)))": -1.0969033421122094e-18,
    "(((0,), (2,)), ((1,), (1,)))": -5.86349752400288e-19,
    "(((0,), (2,)), ((1,), (2,)))": 0.002224030853368652,
    "(((0,), (2,)), ((1,), (3,)))": 3.9835280702236534e-19,
    "(((0,), (2,)), ((2,), (0,)))": -1.459933463107416e-18,
    "(((0,), (2,)), ((2,), (1,)))": 4.737945223575366e-19,
    "(((0,), (2,)), ((2,), (2,)))": -0.0017711506460435272,
    "(((0,), (2,)), ((2,), (3,)))": 1.3446619664856307e-18,
    "(((0,), (3,)), ((0,), (0,)))": -0.00029684138923748247,
    "(((0,), (3,)), ((0,), (1,)))": -1.378031630569771e-19,
    "(((0,), (3,)), ((0,), (2,)))": -2.261144462680176e-19,
    "(((0,), (3,)), ((0,), (3,)))": -0.001437726734700196,
    "(((0,), (3,)), ((1,), (0,)))": -0.000720587348720093,
    "(((0,), (3,)), ((1,), (1,)))": -2.4994783716703443e-19,
    "(((0,), (3,)), ((1,), (2,)))": 5.787808377899596e-19,
    "(((0,), (3,)), ((1,), (3,)))": 0.0003065405211758114,
    "(((0,), (3,)), ((2,), (0,)))": 0.0008315185538056253,
    "(((0,), (3,)), ((2,), (1,)))": -1.9284581995576315e-19,
    "(((0,), (3,)), ((2,), (2,)))": 5.422923115966958e-19,
    "(((0,), (3,)), ((2,), (3,)))": -0.0009011669937296862,
    "(((1,), (0,)), ((0,), (0,)))": -9.99006449801383e-05,
    "(((1,), (0,)), ((0,), (1,)))": -1.3468815953920458e-18,
    "(((1,), (0,)), ((0,), (2,)))": -1.0969033421122113e-18,
    "(((1,), (0,)), ((0,), (3,)))": -0.000720587348720093,
    "(((1,), (0,)), ((1,), (0,)))": -0.014467371044677345,
    "(((1,), (0,)), ((1,), (1,)))": 1.2268561890419065e-17,
    "(((1,), (0,)), ((1,), (2,)))": 2.1003798039366652e-17,
    "(((1,), (0,)), ((1,), (3,)))": -0.03060374823402664,
    "(((1,), (0,)), ((2,), (0,)))": 0.010360087895186543,
    "(((1,), (0,)), ((2,), (1,)))": -6.259143900954963e-18,
    "(((1,), (0,)), ((2,), (2,)))": -5.1536238981336537e-17,
    "(((1,), (0,)), ((2,), (3,)))": -0.020995852304386733,
    "(((1,), (1,)), ((0,), (0,)))": -1.215882431870069e-18,
    "(((1,), (1,)), ((0,), (1,)))": 0.0022240308533686528,
    "(((1,), (1,)), ((0,), (2,)))": -5.775145917935827e-19,
    "(((1,), (1,)), ((0,), (3,)))": -2.499478371670348e-19,
    "(((1,), (1,)), ((1,), (0,)))": 1.2268561890419065e-17,
    "(((1,), (1,)), ((1,), (1,)))": -0.03119389396193516,
    "(((1,), (1,)), ((1,), (2,)))": 9.100632340422563e-18,
    "(((1,), (1,)), ((1,), (3,)))": -2.846791251122151e-18,
    "(((1,), (1,)), ((2,), (0,)))": -3.20688794003269e-18,
    "(((1,), (1,)), ((2,), (1,)))": 0.02726705711900987,
    "(((1,), (1,)), ((2,), (2,)))": -6.8177973299193945e-18,
    "(((1,), (1,)), ((2,), (3,)))": 1.088614540449496e-17,
    "(((1,), (2,)), ((0,), (0,)))": 2.0166225740400944e-19,
    "(((1,), (2,)), ((0,), (1,)))": -5.89060338628994e-19,
    "(((1,), (2,)), ((0,), (2,)))": 0.002224030853368652,
    "(((1,), (2,)), ((0,), (3,)))": 5.787808377899617e-19,
    "(((1,), (2,)), ((1,), (0,)))": 2.1003798039366665e-17,
    "(((1,), (2,)), ((1,), (1,)))": 9.24623353303978e-18,
    "(((1,), (2,)), ((1,), (2,)))": -0.031193893961935178,
    "(((1,), (2,)), ((1,), (3,)))": 5.628642789645602e-18,
    "(((1,), (2,)), ((2,), (0,)))": -4.1323451356447066e-17,
    "(((1,), (2,)), ((2,), (1,)))": -7.068578098015275e-18,
    "(((1,), (2,)), ((2,), (2,)))": 0.027267057119009876,
    "(((1,), (2,)), ((2,), (3,)))": -8.759466345957876e-18,
    "(((1,), (3,)), ((0,), (0,)))": -0.0007266317588078636,
    "(((1,), (3,)), ((0,), (1,)))": -7.881430262164023e-19,
    "(((1,), (3,)), ((0,), (2,)))": 3.9835280702236534e-19,
    "(((1,), (3,)), ((0,), (3,)))": 0.00030654052117581334,
    "(((1,), (3,)), ((1,), (0,)))": -0.030603748234026618,
    "(((1,), (3,)), ((1,), (1,)))": -2.8467912511221417e-18,
    "(((1,), (3,)), ((1,), (2,)))": 5.6286427896455805e-18,
    "(((1,), (3,)), ((1,), (3,)))": -0.06639834785812261,
    "(((1,), (3,)), ((2,), (0,)))": -0.009109850274626154,
    "(((1,), (3,)), ((2,), (1,)))": 1.2046738886140634e-17,
    "(((1,), (3,)), ((2,), (2,)))": -8.718504402591379e-18,
    "(((1,), (3,)), ((2,), (3,)))": -0.015946040088998463,
    "(((2,), (0,)), ((0,), (0,)))": -1.0930264092662051e-05,
    "(((2,), (0,)), ((0,), (1,)))": 1.8403948097293574e-18,
    "(((2,), (0,)), ((0,), (2,)))": -1.4599334631074184e-18,
    "(((2,), (0,)), ((0,), (3,)))": 0.0008315185538056236,
    "(((2,), (0,)), ((1,), (0,)))": 0.010360087895186536,
    "(((2,), (0,)), ((1,), (1,)))": -3.206887940032693e-18,
    "(((2,), (0,)), ((1,), (2,)))": -4.132345135644706e-17,
    "(((2,), (0,)), ((1,), (3,)))": -0.009109850274626132,
    "(((2,), (0,)), ((2,), (0,)))": -0.43450385229250366,
    "(((2,), (0,)), ((2,), (1,)))": -1.865305183479805e-16,
    "(((2,), (0,)), ((2,), (2,)))": -1.0485383935831211e-16,
    "(((2,), (0,)), ((2,), (3,)))": 0.04299697926174757,
    "(((2,), (1,)), ((0,), (0,)))": 1.912069776026918e-18,
    "(((2,), (1,)), ((0,), (1,)))": -0.0017711506460435268,