{
  "E": -15.31295119658077,
  "sol": {
    "(((), ()), ((), ()))": 0.6702346801490182,
    "(((0,), (0,)), ((), ()))": 2.1580273670708752e-05,
    "(((), ()), ((0,), (0,)))": 2.1580273670708752e-05,
    "(((0,), (1,)), ((), ()))": -2.060964932322867e-19,
    "(((), ()), ((0,), (1,)))": -2.060964932322867e-19,
    "(((0,), (2,)), ((), ()))": 3.0183185932572424e-19,
    "(((), ()), ((0,), (2,)))": 3.0183185932572424e-19,
    "(((0,), (3,)), ((), ()))": 1.3229245739145373e-17,
    "(((), ()), ((0,), (3,)))": 1.3229245739145373e-17,
    "(((1,), (0,)), ((), ()))": -0.16312998916208044,
    "(((), ()), ((1,), (0,)))": -0.16312998916208044,
    "(((1,), (1,)), ((), ()))": 2.697349325829534e-17,
    "(((), ()), ((1,), (1,)))": 2.697349325829534e-17,
    "(((1,), (2,)), ((), ()))": 2.8355512550799216e-17,
    "(((), ()), ((1,), (2,)))": 2.8355512550799216e-17,
    "(((1,), (3,)), ((), ()))": -3.892742645903073e-16,
    "(((), ()), ((1,), (3,)))": -3.892742645903073e-16,
    "(((2,), (0,)), ((), ()))": -6.621847575834461e-17,
    "(((), ()), ((2,), (0,)))": -6.621847575834461e-17,
    "(((2,), (1,)), ((), ()))": 7.951495799337912e-17,
    "(((), ()), ((2,), (1,)))": 7.951495799337912e-17,
    "(((2,), (2,)), ((), ()))": 3.1599746298420985e-16,
    "(((), ()), ((2,), (2,)))": 3.1599746298420985e-16,
    "(((2,), (3,)), ((), ()))": -0.11003777782190004,
    "(((), ()), ((2,), (3,)))": -0.11003777782190004,
    "(((0,), (0,)), ((0,), (0,)))": -0.00040368815161497267,
    "(((0,), (0,)), ((0,), (1,)))": -9.92352489146416e-20,
    "(((0,), (0,)), ((0,), (2,)))": -6.010101922555546e-20,
    "(((0,), (0,)), ((0,), (3,)))": 6.510809992516957e-19,
    "(((0,), (0,)), ((1,), (0,)))": -0.0007183390675338217,
    "(((0,), (0,)), ((1,), (1,)))": 6.020949016355558e-19,
    "(((0,), (0,)), ((1,), (2,)))": 3.140189800190263e-19,
    "(((0,), (0,)), ((1,), (3,)))": -5.179998497507055e-18,
    "(((0,), (0,)), ((2,), (0,)))": 1.12703109092491e-17,
    "(((0,), (0,)), ((2,), (1,)))": 5.693224145042642e-20,
    "(((0,), (0,)), ((2,), (2,)))": 2.8777187346711806e-19,
    "(((0,), (0,)), ((2,), (3,)))": -0.0004630393756556209,
    "(((0,), (1,)), ((0,), (0,)))": -9.92352489146414e-20,
    "(((0,), (1,)), ((0,), (1,)))": -0.0009097029074303525,
    "(((0,), (1,)), ((0,), (2,)))": -1.2751697587915324e-19,
    "(((0,), (1,)), ((0,), (3,)))": 1.5352169748594267e-19,
    "(((0,), (1,)), ((1,), (0,)))": 9.98470505277984e-19,
    "(((0,), (1,)), ((1,), (1,)))": 0.002498807008216341,
    "(((0,), (1,)), ((1,), (2,)))": 4.757587630445513e-19,
    "(((0,), (1,)), ((1,), (3,)))": -3.605966775826113e-19,
    "(((0,), (1,)), ((2,), (0,)))": -1.3059456386138555e-19,
    "(((0,), (1,)), ((2,), (1,)))": -8.385494749166847e-18,
    "(((0,), (1,)), ((2,), (2,)))": -7.096484425405761e-22,
    "(((0,), (1,)), ((2,), (3,)))": -6.281523864324451e-19,
    "(((0,), (2,)), ((0,), (0,)))": -6.010101922555553e-20,
    "(((0,), (2,)), ((0,), (1,)))": -2.4052549622788e-19,
    "(((0,), (2,)), ((0,), (2,)))": -0.0009097029074303526,
    "(((0,), (2,)), ((0,), (3,)))": -7.432356418867138e-21,
    "(((0,), (2,)), ((1,), (0,)))": -6.491433940536148e-20,
    "(((0,), (2,)), ((1,), (1,)))": 5.223772050506357e-19,
    "(((0,), (2,)), ((1,), (2,)))": 0.0024988070082163387,
    "(((0,), (2,)), ((1,), (3,)))": -5.192344186629141e-20,
    "(((0,), (2,)), ((2,), (0,)))": -3.660327665475843e-19,
    "(((0,), (2,)), ((2,), (1,)))": 1.4004749541176328e-21,
    "(((0,), (2,)), ((2,), (2,)))": -8.382309543365671e-18,
    "(((0,), (2,)), ((2,), (3,)))": 6.508644277233387e-20,
    "(((0,), (3,)), ((0,), (0,)))": 6.393405806026501e-19,
    "(((0,), (3,)), ((0,), (1,)))": 1.5352169748594267e-19,
    "(((0,), (3,)), ((0,), (2,)))": -7.43235641886733e-21,
    "(((0,), (3,)), ((0,), (3,)))": -0.0007125729388683417,
    "(((0,), (3,)), ((1,), (0,)))": -8.843760881014841e-18,
    "(((0,), (3,)), ((1,), (1,)))": -4.198042201883305e-19,
    "(((0,), (3,)), ((1,), (2,)))": -1.3589531082265962e-19,
    "(((0,), (3,)), ((1,), (3,)))": 0.0023551884859999363,
    "(((0,), (3,)), ((2,), (0,)))": -4.824794625813821e-05,
    "(((0,), (3,)), ((2,), (1,)))": -2.1318477892126885e-19,
    "(((0,), (3,)), ((2,), (2,)))": 3.1387545451710876e-20,
    "(((0,), (3,)), ((2,), (3,)))": -5.334910234890714e-18,
    "(((1,), (0,)), ((0,), (0,)))": -0.0007183390675338219,
    "(((1,), (0,)), ((0,), (1,)))": 9.984705052779835e-19,
    "(((1,), (0,)), ((0,), (2,)))": -6.491433940536148e-20,
    "(((1,), (0,)), ((0,), (3,)))": -8.7498540814133e-18,
    "(((1,), (0,)), ((1,), (0,)))": 0.08842815820689812,
    "(((1,), (0,)), ((1,), (1,)))": -1.596795384936619e-17,
    "(((1,), (0,)), ((1,), (2,)))": 2.4979447043536258e-18,
    "(((1,), (0,)), ((1,), (3,)))": 7.968430725132373e-16,
    "(((1,), (0,)), ((2,), (0,)))": -2.60054237999466e-15,
    "(((1,), (0,)), ((2,), (1,)))": -2.085231900399008e-17,
    "(((1,), (0,)), ((2,), (2,)))": 1.7898141530852845e-18,
    "(((1,), (0,)), ((2,), (3,)))": 0.15559475572499912,
    "(((1,), (1,)), ((0,), (0,)))": 6.020949016355558e-19,
    "(((1,), (1,)), ((0,), (1,)))": 0.002498807008216341,
    "(((1,), (1,)), ((0,), (2,)))": 1.8893922999642566e-19,
    "(((1,), (1,)), ((0,), (3,)))": -4.198042201883304e-19,
    "(((1,), (1,)), ((1,), (0,)))": -1.596795384936619e-17,
    "(((1,), (1,)), ((1,), (1,)))": -0.07431387665962667,
    "(((1,), (1,)), ((1,), (2,)))": -1.4026047438028523e-17,
    "(((1,), (1,)), ((1,), (3,)))": 2.5713865590652685e-17,
    "(((1,), (1,)), ((2,), (0,)))": 6.6637139632329115e-18,
    "(((1,), (1,)), ((2,), (1,)))": 3.633168791556004e-16,
    "(((1,), (1,)), ((2,), (2,)))": 3.236278141693366e-20,
    "(((1,), (1,)), ((2,), (3,)))": -2.681865942180025e-17,
    "(((1,), (2,)), ((0,), (0,)))": 3.140189800190261e-19,
    "(((1,), (2,)), ((0,), (1,)))": 7.320108235183952e-19,
    "(((1,), (2,)), ((0,), (2,)))": 0.0024988070082163382,
    "(((1,), (2,)), ((0,), (3,)))": -1.3589531082265962e-19,
    "(((1,), (2,)), ((1,), (0,)))": 2.497944704353629e-18,
    "(((1,), (2,)), ((1,), (1,)))": -1.3821097950613689e-17,
    "(((1,), (2,)), ((1,), (2,)))": -0.07431387665962663,
    "(((1,), (2,)), ((1,), (3,)))": 1.7014977243254832e-17,
    "(((1,), (2,)), ((2,), (0,)))": 5.3853365002525724e-17,
    "(((1,), (2,)), ((2,), (1,)))": 4.154948117728485e-20,
    "(((1,), (2,)), ((2,), (2,)))": 3.6342519630565483e-16,
    "(((1,), (2,)), ((2,), (3,)))": -2.6667130896868612e-17,
    "(((1,), (3,)), ((0,), (0,)))": -5.313272673285209e-18,
    "(((1,), (3,)), ((0,), (1,)))": -3.6059667758261144e-19,
    "(((1,), (3,)), ((0,), (2,)))": -5.192344186629141e-20,
    "(((1,), (3,)), ((0,), (3,)))": 0.0023551884859999363,
    "(((1,), (3,)), ((1,), (0,)))": 7.975035885379797e-16,
    "(((1,), (3,)), ((1,), (1,)))": 2.5713865590652685e-17,
    "(((1,), (3,)), ((1,), (2,)))": 1.7014977243254832e-17,
    "(((1,), (3,)), ((1,), (3,)))": -0.12630440033886192,
    "(((1,), (3,)), ((2,), (0,)))": 0.0412339368870339,
    "(((1,), (3,)), ((2,), (1,)))": -8.764873644695165e-18,
    "(((1,), (3,)), ((2,), (2,)))": -1.1431837025806099e-17,
    "(((1,), (3,)), ((2,), (3,)))": 6.777947349046307e-16,
    "(((2,), (0,)), ((0,), (0,)))": 1.1164677048256262e-17,
    "(((2,), (0,)), ((0,), (1,)))": -1.3059456386138495e-19,
    "(((2,), (0,)), ((0,), (2,)))": -3.660327665475848e-19,
    "(((2,), (0,)), ((0,), (3,)))": -4.824794625813897e-05,
    "(((2,), (0,)), ((1,), (0,)))": -2.6002574706271174e-15,
    "(((2,), (0,)), ((1,), (1,)))": 6.6637139632329145e-18,
    "(((2,), (0,)), ((1,), (2,)))": 5.3853365002525724e-17,
    "(((2,), (0,)), ((1,), (3,)))": 0.0412339368870339,
    "(((2,), (0,)), ((2,), (0,)))": -0.5969007660483098,
    "(((2,), (0,)), ((2,), (1,)))": 1.134850760204113e-16,
    "(((2,), (0,)), ((2,), (2,)))": 8.249487812915601e-17,
    "(((2,), (0,)), ((2,), (3,)))": -7.79023411881609e-16,
    "(((2,), (1,)), ((0,), (0,)))": 5.693224145042616e-20,
    "(((2,), (1,)), ((0,), (1,)))": -8.382851198906853e-18,