{
  "E": -147.37047564421596,
  "sol": {
    "(((), ()), ((), ()))": 0.9173948672919705,
    "(((0,), (0,)), ((), ()))": -1.8334128772445667e-16,
    "(((), ()), ((0,), (0,)))": -1.8334128772445667e-16,
    "(((0,), (1,)), ((), ()))": 2.374629799023145e-16,
    "(((), ()), ((0,), (1,)))": 2.374629799023145e-16,
    "(((1,), (0,)), ((), ()))": 3.011208631344446e-17,
    "(((), ()), ((1,), (0,)))": 3.011208631344446e-17,
    "(((1,), (1,)), ((), ()))": 2.836291595395363e-05,
    "(((), ()), ((1,), (1,)))": 2.836291595395363e-05,
    "(((2,), (0,)), ((), ()))": -2.724862322017827e-17,
    "(((), ()), ((2,), (0,)))": -2.724862322017827e-17,
    "(((2,), (1,)), ((), ()))": -6.349782158242345e-16,
    "(((), ()), ((2,), (1,)))": -6.349782158242345e-16,
    "(((3,), (0,)), ((), ()))": 1.1151940954610546e-15,
    "(((), ()), ((3,), (0,)))": 1.1151940954610546e-15,
    "(((3,), (1,)), ((), ()))": -0.005473479832985818,
    "(((), ()), ((3,), (1,)))": -0.005473479832985818,
    "(((4,), (0,)), ((), ()))": 2.0285740588262284e-15,
    "(((), ()), ((4,), (0,)))": 2.0285740588262284e-15,
    "(((4,), (1,)), ((), ()))": -1.2614960530588408e-17,
    "(((), ()), ((4,), (1,)))": -1.2614960530588408e-17,
    "(((5,), (0,)), ((), ()))": 1.6841519144165695e-15,
    "(((), ()), ((5,), (0,)))": 1.6841519144165695e-15,
    "(((5,), (1,)), ((), ()))": -9.923204147743649e-18,
    "(((), ()), ((5,), (1,)))": -9.923204147743649e-18,
    "(((6,), (0,)), ((), ()))": 2.504204975731023e-16,
    "(((), ()), ((6,), (0,)))": 2.504204975731023e-16,
    "(((6,), (1,)), ((), ()))": -3.9928069149824834e-15,
    "(((), ()), ((6,), (1,)))": -3.9928069149824834e-15,
    "(((7,), (0,)), ((), ()))": 3.466312975684013e-12,
    "(((), ()), ((7,), (0,)))": 3.466312975684013e-12,
    "(((7,), (1,)), ((), ()))": 8.50297770919758e-17,
    "(((), ()), ((7,), (1,)))": 8.50297770919758e-17,
    "(((0,), (0,)), ((0,), (0,)))": -0.00015660253938849902,
    "(((0,), (0,)), ((0,), (1,)))": 2.702400751494633e-19,
    "(((0,), (0,)), ((1,), (0,)))": -1.2645824120237036e-16,
    "(((0,), (0,)), ((1,), (1,)))": -4.5937816267196695e-20,
    "(((0,), (0,)), ((2,), (0,)))": -0.0003386127634816624,
    "(((0,), (0,)), ((2,), (1,)))": 8.004253792723335e-19,
    "(((0,), (0,)), ((3,), (0,)))": 4.729587153889266e-15,
    "(((0,), (0,)), ((3,), (1,)))": 5.935904501644864e-19,
    "(((0,), (0,)), ((4,), (0,)))": -9.78681793110977e-19,
    "(((0,), (0,)), ((4,), (1,)))": -8.296902515953486e-16,
    "(((0,), (0,)), ((5,), (0,)))": 2.949800607033704e-18,
    "(((0,), (0,)), ((5,), (1,)))": -0.0005104565756595356,
    "(((0,), (0,)), ((6,), (0,)))": 0.00018324900058216625,
    "(((0,), (0,)), ((6,), (1,)))": -5.900739085772272e-19,
    "(((0,), (0,)), ((7,), (0,)))": -4.3427766109505434e-18,
    "(((0,), (0,)), ((7,), (1,)))": -1.0903668332378314e-19,
    "(((0,), (1,)), ((0,), (0,)))": 2.7024007514946445e-19,
    "(((0,), (1,)), ((0,), (1,)))": -0.0007856766253678931,
    "(((0,), (1,)), ((1,), (0,)))": -7.202225969590749e-21,
    "(((0,), (1,)), ((1,), (1,)))": -2.968585567158271e-16,
    "(((0,), (1,)), ((2,), (0,)))": 5.164789911252066e-19,
    "(((0,), (1,)), ((2,), (1,)))": -0.00031130464608906613,
    "(((0,), (1,)), ((3,), (0,)))": 1.1875996506803192e-19,
    "(((0,), (1,)), ((3,), (1,)))": 6.101522685664116e-15,
    "(((0,), (1,)), ((4,), (0,)))": 1.159821548850104e-15,
    "(((0,), (1,)), ((4,), (1,)))": -4.0174270468111155e-19,
    "(((0,), (1,)), ((5,), (0,)))": 0.00028791339802070395,
    "(((0,), (1,)), ((5,), (1,)))": -1.8098319479603908e-19,
    "(((0,), (1,)), ((6,), (0,)))": 5.89044338256125e-19,
    "(((0,), (1,)), ((6,), (1,)))": 0.00034921823326797583,
    "(((0,), (1,)), ((7,), (0,)))": 6.325966213711277e-19,
    "(((0,), (1,)), ((7,), (1,)))": 4.875875780390583e-20,
    "(((1,), (0,)), ((0,), (0,)))": -1.2644869360686255e-16,
    "(((1,), (0,)), ((0,), (1,)))": -7.202225969591712e-21,
    "(((1,), (0,)), ((1,), (0,)))": -0.00016956898039245828,
    "(((1,), (0,)), ((1,), (1,)))": 2.4658901818467414e-19,
    "(((1,), (0,)), ((2,), (0,)))": 3.3232655074255115e-15,
    "(((1,), (0,)), ((2,), (1,)))": -2.0103234037463086e-19,
    "(((1,), (0,)), ((3,), (0,)))": 0.00048231811924512953,
    "(((1,), (0,)), ((3,), (1,)))": -2.1980520902023647e-19,
    "(((1,), (0,)), ((4,), (0,)))": -6.675743634897729e-20,
    "(((1,), (0,)), ((4,), (1,)))": -2.436324433296104e-19,
    "(((1,), (0,)), ((5,), (0,)))": -7.601230302267219e-19,
    "(((1,), (0,)), ((5,), (1,)))": 5.00724050109389e-15,
    "(((1,), (0,)), ((6,), (0,)))": -1.7936715584095475e-15,
    "(((1,), (0,)), ((6,), (1,)))": -1.267112890616069e-20,
    "(((1,), (0,)), ((7,), (0,)))": 1.5910381916008723e-17,
    "(((1,), (0,)), ((7,), (1,)))": -3.863823417761041e-18,
    "(((1,), (1,)), ((0,), (0,)))": -4.5937816267196406e-20,
    "(((1,), (1,)), ((0,), (1,)))": -2.9677368795519603e-16,
    "(((1,), (1,)), ((1,), (0,)))": 2.4658901818467414e-19,
    "(((1,), (1,)), ((1,), (1,)))": -0.0008157861168998249,
    "(((1,), (1,)), ((2,), (0,)))": -1.1172553843372876e-19,
    "(((1,), (1,)), ((2,), (1,)))": 3.0525851093220224e-15,
    "(((1,), (1,)), ((3,), (0,)))": -1.405034875565822e-19,
    "(((1,), (1,)), ((3,), (1,)))": 0.0006214679105613748,
    "(((1,), (1,)), ((4,), (0,)))": 4.1126134200647625e-19,
    "(((1,), (1,)), ((4,), (1,)))": -6.40747395994764e-19,
    "(((1,), (1,)), ((5,), (0,)))": -2.819115076584943e-15,
    "(((1,), (1,)), ((5,), (1,)))": -3.7811128222746613e-19,
    "(((1,), (1,)), ((6,), (0,)))": 7.20851424683126e-20,
    "(((1,), (1,)), ((6,), (1,)))": -3.418116769918088e-15,
    "(((1,), (1,)), ((7,), (0,)))": 3.473891090218961e-17,
    "(((1,), (1,)), ((7,), (1,)))": 5.189419161164093e-19,
    "(((2,), (0,)), ((0,), (0,)))": -0.00033861276348166213,
    "(((2,), (0,)), ((0,), (1,)))": 5.164789911252067e-19,
    "(((2,), (0,)), ((1,), (0,)))": 3.323307259860335e-15,
    "(((2,), (0,)), ((1,), (1,)))": -1.1172553843372684e-19,
    "(((2,), (0,)), ((2,), (0,)))": -0.006221312227203161,
    "(((2,), (0,)), ((2,), (1,)))": 4.1534067291928545e-18,
    "(((2,), (0,)), ((3,), (0,)))": -1.0165523449476198e-16,
    "(((2,), (0,)), ((3,), (1,)))": -8.35577399402244e-18,
    "(((2,), (0,)), ((4,), (0,)))": -5.78877852966886e-18,
    "(((2,), (0,)), ((4,), (1,)))": -1.93332798268291e-14,
    "(((2,), (0,)), ((5,), (0,)))": 3.491275803388069e-18,
    "(((2,), (0,)), ((5,), (1,)))": -0.0143443528324016,
    "(((2,), (0,)), ((6,), (0,)))": 0.003869825573534654,
    "(((2,), (0,)), ((6,), (1,)))": -3.386832358473411e-17,
    "(((2,), (0,)), ((7,), (0,)))": 9.840433887058756e-18,
    "(((2,), (0,)), ((7,), (1,)))": 2.0331633911651516e-17,
    "(((2,), (1,)), ((0,), (0,)))": 8.004253792723333e-19,
    "(((2,), (1,)), ((0,), (1,)))": -0.00031130464608906646,
    "(((2,), (1,)), ((1,), (0,)))": -2.010323403746347e-19,
    "(((2,), (1,)), ((1,), (1,)))": 3.0526845127669404e-15,
    "(((2,), (1,)), ((2,), (0,)))": 4.153406729192882e-18,
    "(((2,), (1,)), ((2,), (1,)))": -0.019892254305786207,
    "(((2,), (1,)), ((3,), (0,)))": -1.7527116419240628e-17,
    "(((2,), (1,)), ((3,), (1,)))": 5.437219992929432e-18,
    "(((2,), (1,)), ((4,), (0,)))": -6.977187755169565e-14,
    "(((2,), (1,)), ((4,), (1,)))": 3.239576844262607e-17,
    "(((2,), (1,)), ((5,), (0,)))": -0.028321309070595702,
    "(((2,), (1,)), ((5,), (1,)))": 1.0166999508849027e-17,
    "(((2,), (1,)), ((6,), (0,)))": -5.403699442047599e-17,
    "(((2,), (1,)), ((6,), (1,)))": -0.014376697813163582,
    "(((2,), (1,)), ((7,), (0,)))": -7.793393586485606e-18,
    "(((2,), (1,)), ((7,), (1,)))": 1.0750700349949038e-18,
    "(((3,), (0,)), ((0,), (0,)))": 4.729560821831925e-15,
    "(((3,), (0,)), ((0,), (1,)))": 1.1875996506802884e-19,
    "(((3,), (0,)), ((1,), (0,)))": 0.0004823181192451296,
    "(((3,), (0,)), ((1,), (1,)))": -1.40503487556582e-19,
    "(((3,), (0,)), ((2,), (0,)))": -1.0185991275116363e-16,
    "(((3,), (0,)), ((2,), (1,)))": -1.7527116419240628e-17,