{
  "E": -127.5304654772353,
  "sol": {
    "((1, 1, 1, 1, 1, 1, 1, 1), (1, 1, 1, 1, 1, 1, 1))": 0.9999999999999998,
    "((0, 1, 1, 1, 1, 1, 1, 1, 1), (1, 1, 1, 1, 1, 1, 1))": 1.2619311200670342e-15,
    "((1, 0, 1, 1, 1, 1, 1, 1, 1), (1, 1, 1, 1, 1, 1, 1))": 1.9357829501079406e-15,
    "((1, 1, 0, 1, 1, 1, 1, 1, 1), (1, 1, 1, 1, 1, 1, 1))": -9.439524911787899e-17,
    "((1, 1, 1, 0, 1, 1, 1, 1, 1), (1, 1, 1, 1, 1, 1, 1))": 1.0847018035622193e-15,
    "((1, 1, 1, 1, 0, 1, 1, 1, 1), (1, 1, 1, 1, 1, 1, 1))": -4.100092185169576e-14,
    "((1, 1, 1, 1, 1, 0, 1, 1, 1), (1, 1, 1, 1, 1, 1, 1))": -1.839770640441344e-16,
    "((1, 1, 1, 1, 1, 1, 0, 1, 1), (1, 1, 1, 1, 1, 1, 1))": -2.060640468120926e-08,
    "((1, 1, 1, 1, 1, 1, 1, 0, 1), (1, 1, 1, 1, 1, 1, 1))": -2.2195904356037902e-13,
    "((0, 1, 1, 1, 1, 1, 1, 1, 0, 1), (1, 1, 1, 1, 1, 1, 1))": 1.8418219792081564e-11,
    "((1, 0, 1, 1, 1, 1, 1, 1, 0, 1), (1, 1, 1, 1, 1, 1, 1))": -3.68478044089205e-11,
    "((1, 1, 0, 1, 1, 1, 1, 1, 0, 1), (1, 1, 1, 1, 1, 1, 1))": -1.92114717003634e-10,
    "((1, 1, 1, 0, 1, 1, 1, 1, 0, 1), (1, 1, 1, 1, 1, 1, 1))": 8.237643238487331e-10,
    "((1, 1, 1, 1, 0, 1, 1, 1, 0, 1), (1, 1, 1, 1, 1, 1, 1))": -9.404571633626353e-17,
    "((1, 1, 1, 1, 1, 0, 1, 1, 0, 1), (1, 1, 1, 1, 1, 1, 1))": -3.816700039033161e-09,
    "((1, 1, 1, 1, 1, 1, 0, 1, 0, 1), (1, 1, 1, 1, 1, 1, 1))": 2.1224151329704132e-16,
    "((1, 1, 1, 1, 1, 1, 1, 0, 0, 1), (1, 1, 1, 1, 1, 1, 1))": -2.7560338925699072e-17
  },
  "exp": {
    "g": 0.9999999999999998,
    "a": [
      [
        -1.2619311200670344e-15,
        -1.935782950107941e-15,
        9.439524911787902e-17,
        -1.0847018035622195e-15,
        4.1000921851695765e-14,
        1.8397706404413445e-16,
        2.0606404681209263e-08,
        2.2195904356037907e-13
      ],
      [
        -1.8418219792081567e-11,
        3.684780440892051e-11,
        1.9211471700363406e-10,
        -8.237643238487333e-10,
        9.404571633626356e-17,
        3.8167000390331616e-09,
        -2.1224151329704137e-16,
        2.7560338925699078e-17
      ]
    ],
    "b": [
      [
        0.0,
        0.0,
        0.0,
        0.0,
        0.0,
        0.0,
        0.0,
        0.0
      ],
      [
        0.0,
        0.0,
        0.0,
        0.0,
        0.0,
        0.0,
        0.0,
        0.0
      ],
      [
        0.0,
        0.0,
        0.0,
        0.0,
        0.0,
        0.0,
        0.0,
        0.0
      ]
    ],
    "ab": [
      [
        [
          [
            0.0,
            0.0,
            0.0,
            0.0,
            0.0,
            0.0,
            0.0
          ],
          [
            0.0,
            0.0,
            0.0,
            0.0,
            0.0,
            0.0,
            0.0
          ],
          [
            0.0,
            0.0,
            0.0,
            0.0,
            0.0,
            0.0,
            0.0
          ]
        ],
        [
          [
            0.0,
            0.0,
            0.0,
            0.0,
            0.0,
            0.0,
            0.0
          ],
          [
            0.0,
            0.0,
            0.0,
            0.0,
            0.0,
            0.0,
            0.0
          ],
          [
            0.0,
            0.0,
            0.0,
            0.0,
            0.0,
            0.0,
            0.0
          ]
        ],
        [
          [
            0.0,
            0.0,
            0.0,
            0.0,
            0.0,
            0.0,
            0.0
          ],
          [
            0.0,
            0.0,
            0.0,
            0.0,
            0.0,
            0.0,
            0.0
          ],
          [
            0.0,
            0.0,
            0.0,
            0.0,
            0.0,
            0.0,
            0.0
          ]
        ],
        [
          [
            0.0,
            0.0,
            0.0,
            0.0,
            0.0,
            0.0,
            0.0
          ],
          [
            0.0,
            0.0,
            0.0,
            0.0,
            0.0,
            0.0,
            0.0
          ],
          [
            0.0,
            0.0,
            0.0,
            0.0,
            0.0,
            0.0,
            0.0
          ]
        ],
        [
          [
            0.0,
            0.0,
            0.0,
            0.0,
            0.0,
            0.0,
            0.0
          ],
          [
            0.0,
            0.0,
            0.0,
            0.0,
            0.0,
            0.0,
            0.0
          ],
          [
            0.0,
            0.0,
            0.0,
            0.0,
            0.0,
            0.0,
            0.0
          ]
        ],
        [
          [
            0.0,
            0.0,
            0.0,
            0.0,
            0.0,
            0.0,
            0.0
          ],
          [
            0.0,
            0.0,
            0.0,
            0.0,
            0.0,
            0.0,
            0.0
          ],
          [
            0.0,
            0.0,
            0.0,
            0.0,
            0.0,
            0.0,
            0.0
          ]
        ],
        [
          [
            0.0,
            0.0,
            0.0,
            0.0,
            0.0,
            0.0,
            0.0
          ],
          [
            0.0,
            0.0,
            0.0,
            0.0,
            0.0,
            0.0,
            0.0
          ],
          [
            0.0,
            0.0,
            0.0,
            0.0,
            0.0,
            0.0,
            0.0
          ]
        ],
        [
          [
            0.0,
            0.0,
            0.0,
            0.0,
            0.0,
            0.0,
            0.0
          ],
          [
            0.0,
            0.0,
            0.0,
            0.0,
            0.0,
            0.0,
            0.0
          ],
          [
            0.0,
            0.0,
            0.0,
            0.0,
            0.0,
            0.0,
            0.0
          ]
        ]
      ],
      [
        [
          [
            0.0,
            0.0,
            0.0,
            0.0,
            0.0,
            0.0,
            0.0
          ],
          [
            0.0,
            0.0,
            0.0,
            0.0,
            0.0,
            0.0,
            0.0
          ],
          [
            0.0,
            0.0,
            0.0,
            0.0,
            0.0,
            0.0,
            0.0
          ]
        ],
        [
          [
            0.0,
            0.0,
            0.0,
            0.0,
            0.0,
            0.0,
            0.0
          ],
          [
            0.0,
            0.0,
            0.0,
            0.0,
            0.0,
            0.0,
            0.0
          ],
          [
            0.0,
            0.0,
            0.0,
            0.0,
            0.0,
            0.0,
            0.0
          ]
        ],
        [
          [
            0.0,
            0.0,
            0.0,
            0.0,
            0.0,
            0.0,
            0.0
          ],
          [
            0.0,
            0.0,
            0.0,
            0.0,
            0.0,
            0.0,
            0.0
          ],
          [
            0.0,
            0.0,
            0.0,
            0.0,
            0.0,
            0.0,
            0.0
          ]
        ],
        [
          [
            0.0,
            0.0,
            0.0,
            0.0,
            0.0,
            0.0,
            0.0
          ],
          [
            0.0,
            0.0,
            0.0,
            0.0,
            0.0,
            0.0,
            0.0
          ],
          [
            0.0,
            0.0,
            0.0,
            0.0,
            0.0,
            0.0,
            0.0
          ]
        ],
        [
          [
            0.0,
            0.0,
            0.0,
            0.0,
            0.0,
