{
  "E": -15.580612571999472,
  "sol": {
    "(((), ()), ((), ()))": 0.9827270825517348,
    "(((0,), (0,)), ((), ()))": 1.0513806111060614e-18,
    "(((), ()), ((0,), (0,)))": 1.0513806111060614e-18,
    "(((0,), (1,)), ((), ()))": -4.5001740561014215e-18,
    "(((), ()), ((0,), (1,)))": -4.5001740561014215e-18,
    "(((0,), (2,)), ((), ()))": 0.0003478745756688575,
    "(((), ()), ((0,), (2,)))": 0.0003478745756688575,
    "(((0,), (3,)), ((), ()))": -2.0732528465712095e-17,
    "(((), ()), ((0,), (3,)))": -2.0732528465712095e-17,
    "(((1,), (0,)), ((), ()))": 7.298631877523248e-17,
    "(((), ()), ((1,), (0,)))": 7.298631877523248e-17,
    "(((1,), (1,)), ((), ()))": -3.215536528202995e-16,
    "(((), ()), ((1,), (1,)))": -3.215536528202995e-16,
    "(((1,), (2,)), ((), ()))": -0.01144465867509492,
    "(((), ()), ((1,), (2,)))": -0.01144465867509492,
    "(((1,), (3,)), ((), ()))": 5.00927738864058e-16,
    "(((), ()), ((1,), (3,)))": 5.00927738864058e-16,
    "(((2,), (0,)), ((), ()))": 1.2568621864957095e-17,
    "(((), ()), ((2,), (0,)))": 1.2568621864957095e-17,
    "(((2,), (1,)), ((), ()))": 9.189736500135015e-18,
    "(((), ()), ((2,), (1,)))": 9.189736500135015e-18,
    "(((2,), (2,)), ((), ()))": -5.8985433030745e-16,
    "(((), ()), ((2,), (2,)))": -5.8985433030745e-16,
    "(((2,), (3,)), ((), ()))": -0.0036712876753447763,
    "(((), ()), ((2,), (3,)))": -0.0036712876753447763,
    "(((0,), (0,)), ((0,), (0,)))": -0.0015031163255001965,
    "(((0,), (0,)), ((0,), (1,)))": -3.2802865191007603e-19,
    "(((0,), (0,)), ((0,), (2,)))": -1.18718667197041e-19,
    "(((0,), (0,)), ((0,), (3,)))": 7.170052542016822e-20,
    "(((0,), (0,)), ((1,), (0,)))": 0.0030444522453133937,
    "(((0,), (0,)), ((1,), (1,)))": 5.977091978264948e-19,
    "(((0,), (0,)), ((1,), (2,)))": 3.9047133333915654e-19,
    "(((0,), (0,)), ((1,), (3,)))": -9.543522650348858e-20,
    "(((0,), (0,)), ((2,), (0,)))": 1.6141849820612526e-17,
    "(((0,), (0,)), ((2,), (1,)))": 4.34766960486e-22,
    "(((0,), (0,)), ((2,), (2,)))": -4.016203496429978e-19,
    "(((0,), (0,)), ((2,), (3,)))": -7.192584570475274e-19,
    "(((0,), (1,)), ((0,), (0,)))": -3.1809050933379557e-19,
    "(((0,), (1,)), ((0,), (1,)))": -0.0015031163255001961,
    "(((0,), (1,)), ((0,), (2,)))": 5.3046481260966604e-20,
    "(((0,), (1,)), ((0,), (3,)))": -1.0222112453978176e-19,
    "(((0,), (1,)), ((1,), (0,)))": 5.963385447792468e-19,
    "(((0,), (1,)), ((1,), (1,)))": 0.003044452245313392,
    "(((0,), (1,)), ((1,), (2,)))": 8.3544863758832315e-19,
    "(((0,), (1,)), ((1,), (3,)))": 2.567116212388128e-19,
    "(((0,), (1,)), ((2,), (0,)))": 4.332724750491584e-22,
    "(((0,), (1,)), ((2,), (1,)))": 1.6119432910309355e-17,
    "(((0,), (1,)), ((2,), (2,)))": -1.5834867833613985e-19,
    "(((0,), (1,)), ((2,), (3,)))": 1.1747536805721498e-19,
    "(((0,), (2,)), ((0,), (0,)))": -1.1871866719704044e-19,
    "(((0,), (2,)), ((0,), (1,)))": 5.304648126096757e-20,
    "(((0,), (2,)), ((0,), (2,)))": -0.002044527056645982,
    "(((0,), (2,)), ((0,), (3,)))": -4.39939593983165e-18,
    "(((0,), (2,)), ((1,), (0,)))": 1.964926245342073e-19,
    "(((0,), (2,)), ((1,), (1,)))": 2.33474380843381e-19,
    "(((0,), (2,)), ((1,), (2,)))": -0.0009543524720629675,
    "(((0,), (2,)), ((1,), (3,)))": 1.1035390598922296e-17,
    "(((0,), (2,)), ((2,), (0,)))": 1.0049824369148026e-19,
    "(((0,), (2,)), ((2,), (1,)))": 3.0724430707840626e-20,
    "(((0,), (2,)), ((2,), (2,)))": -3.904558360350414e-17,
    "(((0,), (2,)), ((2,), (3,)))": 0.0004938997455676594,
    "(((0,), (3,)), ((0,), (0,)))": 7.170052542016804e-20,
    "(((0,), (3,)), ((0,), (1,)))": -1.0222112453978194e-19,
    "(((0,), (3,)), ((0,), (2,)))": -5.352068929811962e-18,
    "(((0,), (3,)), ((0,), (3,)))": -0.001630028159790961,
    "(((0,), (3,)), ((1,), (0,)))": -1.8132484808100632e-19,
    "(((0,), (3,)), ((1,), (1,)))": 2.1135676980896473e-19,
    "(((0,), (3,)), ((1,), (2,)))": 1.5991317073813988e-18,
    "(((0,), (3,)), ((1,), (3,)))": 0.001458899815957629,
    "(((0,), (3,)), ((2,), (0,)))": -2.9025659953619176e-19,
    "(((0,), (3,)), ((2,), (1,)))": 1.4721992818719086e-19,
    "(((0,), (3,)), ((2,), (2,)))": 0.00019112214555857214,
    "(((0,), (3,)), ((2,), (3,)))": 6.276203403121536e-18,
    "(((1,), (0,)), ((0,), (0,)))": 0.003044452245313394,
    "(((1,), (0,)), ((0,), (1,)))": 6.05278850965746e-19,
    "(((1,), (0,)), ((0,), (2,)))": 1.964926245342077e-19,
    "(((1,), (0,)), ((0,), (3,)))": -1.8132484808100652e-19,
    "(((1,), (0,)), ((1,), (0,)))": -0.0521180566054445,
    "(((1,), (0,)), ((1,), (1,)))": -1.1294691377074843e-17,
    "(((1,), (0,)), ((1,), (2,)))": -4.492057884382826e-18,
    "(((1,), (0,)), ((1,), (3,)))": -1.724494283977456e-18,
    "(((1,), (0,)), ((2,), (0,)))": -2.0555356597158422e-16,
    "(((1,), (0,)), ((2,), (1,)))": 1.8190275196981502e-20,
    "(((1,), (0,)), ((2,), (2,)))": 1.2016192646463101e-17,
    "(((1,), (0,)), ((2,), (3,)))": 6.2174488164770106e-18,
    "(((1,), (1,)), ((0,), (0,)))": 5.930199887299083e-19,
    "(((1,), (1,)), ((0,), (1,)))": 0.0030444522453133933,
    "(((1,), (1,)), ((0,), (2,)))": 2.334743808433802e-19,
    "(((1,), (1,)), ((0,), (3,)))": 2.1135676980896555e-19,
    "(((1,), (1,)), ((1,), (0,)))": -1.1184523825054607e-17,
    "(((1,), (1,)), ((1,), (1,)))": -0.0521180566054445,
    "(((1,), (1,)), ((1,), (2,)))": -8.626330572078637e-18,
    "(((1,), (1,)), ((1,), (3,)))": -4.690781272483015e-18,
    "(((1,), (1,)), ((2,), (0,)))": -2.320275212271412e-20,
    "(((1,), (1,)), ((2,), (1,)))": -2.0528316564358653e-16,
    "(((1,), (1,)), ((2,), (2,)))": 4.0885335371524475e-18,
    "(((1,), (1,)), ((2,), (3,)))": 5.953634292854477e-19,
    "(((1,), (2,)), ((0,), (0,)))": 3.9047133333915635e-19,
    "(((1,), (2,)), ((0,), (1,)))": 8.354486375883237e-19,
    "(((1,), (2,)), ((0,), (2,)))": -0.000954352472062967,
    "(((1,), (2,)), ((0,), (3,)))": 1.3763952198463183e-18,
    "(((1,), (2,)), ((1,), (0,)))": -4.492057884382826e-18,
    "(((1,), (2,)), ((1,), (1,)))": -8.626330572078643e-18,
    "(((1,), (2,)), ((1,), (2,)))": -0.06723172573830097,
    "(((1,), (2,)), ((1,), (3,)))": -4.034067737000561e-16,
    "(((1,), (2,)), ((2,), (0,)))": 1.1763008231801465e-17,
    "(((1,), (2,)), ((2,), (1,)))": 4.030134008106055e-18,
    "(((1,), (2,)), ((2,), (2,)))": -1.8948085008998358e-16,
    "(((1,), (2,)), ((2,), (3,)))": 0.05870581137024977,
    "(((1,), (3,)), ((0,), (0,)))": -9.543522650348836e-20,
    "(((1,), (3,)), ((0,), (1,)))": 2.56711621238812e-19,
    "(((1,), (3,)), ((0,), (2,)))": 8.874566753910745e-18,
    "(((1,), (3,)), ((0,), (3,)))": 0.0014588998159576292,
    "(((1,), (3,)), ((1,), (0,)))": -1.7244942839774657e-18,
    "(((1,), (3,)), ((1,), (1,)))": -4.6907812724830134e-18,
    "(((1,), (3,)), ((1,), (2,)))": -4.1043349436095365e-16,
    "(((1,), (3,)), ((1,), (3,)))": -0.03366491733275209,
    "(((1,), (3,)), ((2,), (0,)))": 4.481250158045092e-18,
    "(((1,), (3,)), ((2,), (1,)))": -3.2149400660760636e-18,
    "(((1,), (3,)), ((2,), (2,)))": 0.05009343023391251,
    "(((1,), (3,)), ((2,), (3,)))": 2.582431665866382e-16,
    "(((2,), (0,)), ((0,), (0,)))": 1.6124297941792503e-17,
    "(((2,), (0,)), ((0,), (1,)))": 1.3820740343594602e-21,
    "(((2,), (0,)), ((0,), (2,)))": 1.0049824369148084e-19,
    "(((2,), (0,)), ((0,), (3,)))": -2.902565995361911e-19,
    "(((2,), (0,)), ((1,), (0,)))": -2.056184606739971e-16,
    "(((2,), (0,)), ((1,), (1,)))": 1.6389202082691714e-20,
    "(((2,), (0,)), ((1,), (2,)))": 1.176300823180146e-17,
    "(((2,), (0,)), ((1,), (3,)))": 4.481250158045086e-18,
    "(((2,), (0,)), ((2,), (0,)))": 0.001106434057204047,
    "(((2,), (0,)), ((2,), (1,)))": 4.347847653231519e-19,
    "(((2,), (0,)), ((2,), (2,)))": -4.645729804203292e-18,
    "(((2,), (0,)), ((2,), (3,)))": -1.1835993548886427e-17,
    "(((2,), (1,)), ((0,), (0,)))": -1.5322035501847052e-21,
    "(((2,), (1,)), ((0,), (1,)))": 1.6114333450628205e-17,