{
  "E": -15.587384893892661,
  "sol": {
    "(((), ()), ((), ()))": 0.9847979877572249,
    "(((0,), (0,)), ((), ()))": 8.956021701195148e-18,
    "(((), ()), ((0,), (0,)))": 8.956021701195148e-18,
    "(((0,), (1,)), ((), ()))": 7.381894637037617e-18,
    "(((), ()), ((0,), (1,)))": 7.381894637037617e-18,
    "(((0,), (2,)), ((), ()))": 0.00034272308108263845,
    "(((), ()), ((0,), (2,)))": 0.00034272308108263845,
    "(((0,), (3,)), ((), ()))": 4.8583041867933896e-05,
    "(((), ()), ((0,), (3,)))": 4.8583041867933896e-05,
    "(((1,), (0,)), ((), ()))": -2.4353858764292113e-17,
    "(((), ()), ((1,), (0,)))": -2.4353858764292113e-17,
    "(((1,), (1,)), ((), ()))": 1.761744334253311e-16,
    "(((), ()), ((1,), (1,)))": 1.761744334253311e-16,
    "(((1,), (2,)), ((), ()))": -0.01039928860197216,
    "(((), ()), ((1,), (2,)))": -0.01039928860197216,
    "(((1,), (3,)), ((), ()))": 0.00037537077510461534,
    "(((), ()), ((1,), (3,)))": 0.00037537077510461534,
    "(((2,), (0,)), ((), ()))": 6.519411792183426e-17,
    "(((), ()), ((2,), (0,)))": 6.519411792183426e-17,
    "(((2,), (1,)), ((), ()))": 7.700395502024116e-17,
    "(((), ()), ((2,), (1,)))": 7.700395502024116e-17,
    "(((2,), (2,)), ((), ()))": 0.0030440944395132485,
    "(((), ()), ((2,), (2,)))": 0.0030440944395132485,
    "(((2,), (3,)), ((), ()))": 0.003537201051120693,
    "(((), ()), ((2,), (3,)))": 0.003537201051120693,
    "(((0,), (0,)), ((0,), (0,)))": -0.001504844179378794,
    "(((0,), (0,)), ((0,), (1,)))": -9.387187470446759e-19,
    "(((0,), (0,)), ((0,), (2,)))": 1.3715548190921964e-19,
    "(((0,), (0,)), ((0,), (3,)))": -9.601339424036464e-21,
    "(((0,), (0,)), ((1,), (0,)))": 0.0029271510854047837,
    "(((0,), (0,)), ((1,), (1,)))": 1.7495348500197237e-18,
    "(((0,), (0,)), ((1,), (2,)))": 5.255370823211172e-19,
    "(((0,), (0,)), ((1,), (3,)))": 1.1776726013569392e-19,
    "(((0,), (0,)), ((2,), (0,)))": -0.0009020124510950145,
    "(((0,), (0,)), ((2,), (1,)))": -5.575322637194419e-19,
    "(((0,), (0,)), ((2,), (2,)))": -2.8928715834281797e-19,
    "(((0,), (0,)), ((2,), (3,)))": 2.4547456500282874e-19,
    "(((0,), (1,)), ((0,), (0,)))": -1.0082018512603959e-18,
    "(((0,), (1,)), ((0,), (1,)))": -0.0015048441793787941,
    "(((0,), (1,)), ((0,), (2,)))": 7.656206533997252e-20,
    "(((0,), (1,)), ((0,), (3,)))": -1.3422406768949585e-19,
    "(((0,), (1,)), ((1,), (0,)))": 1.6745483869135685e-18,
    "(((0,), (1,)), ((1,), (1,)))": 0.0029271510854047837,
    "(((0,), (1,)), ((1,), (2,)))": -1.2161262749286212e-18,
    "(((0,), (1,)), ((1,), (3,)))": -7.864276337110701e-20,
    "(((0,), (1,)), ((2,), (0,)))": -5.157046647919174e-19,
    "(((0,), (1,)), ((2,), (1,)))": -0.0009020124510950144,
    "(((0,), (1,)), ((2,), (2,)))": -1.9809543353357318e-19,
    "(((0,), (1,)), ((2,), (3,)))": -4.544809181108892e-19,
    "(((0,), (2,)), ((0,), (0,)))": 1.371554819092197e-19,
    "(((0,), (2,)), ((0,), (1,)))": 7.656206533997492e-20,
    "(((0,), (2,)), ((0,), (2,)))": -0.00196542906736608,
    "(((0,), (2,)), ((0,), (3,)))": 4.7966628352797235e-06,
    "(((0,), (2,)), ((1,), (0,)))": 4.1113521208448874e-19,
    "(((0,), (2,)), ((1,), (1,)))": -1.3130218114413018e-19,
    "(((0,), (2,)), ((1,), (2,)))": -0.0007845765123752694,
    "(((0,), (2,)), ((1,), (3,)))": -0.0003267874371402547,
    "(((0,), (2,)), ((2,), (0,)))": -1.0973321162324862e-19,
    "(((0,), (2,)), ((2,), (1,)))": 2.3697024803350405e-19,
    "(((0,), (2,)), ((2,), (2,)))": 0.0003587594151159221,
    "(((0,), (2,)), ((2,), (3,)))": -0.00037469863683680055,
    "(((0,), (3,)), ((0,), (0,)))": -9.601339424036633e-21,
    "(((0,), (3,)), ((0,), (1,)))": -1.342240676894956e-19,
    "(((0,), (3,)), ((0,), (2,)))": 4.796662835279412e-06,
    "(((0,), (3,)), ((0,), (3,)))": -0.001692635466694874,
    "(((0,), (3,)), ((1,), (0,)))": 9.747451903176949e-20,
    "(((0,), (3,)), ((1,), (1,)))": 2.4142741118923337e-19,
    "(((0,), (3,)), ((1,), (2,)))": -0.00033669335026092806,
    "(((0,), (3,)), ((1,), (3,)))": 0.0012206541266880611,
    "(((0,), (3,)), ((2,), (0,)))": 7.32303188035792e-20,
    "(((0,), (3,)), ((2,), (1,)))": -1.5251374063111126e-19,
    "(((0,), (3,)), ((2,), (2,)))": -0.00017816828840755666,
    "(((0,), (3,)), ((2,), (3,)))": -0.0006134350700537095,
    "(((1,), (0,)), ((0,), (0,)))": 0.002927151085404784,
    "(((1,), (0,)), ((0,), (1,)))": 1.881547057831601e-18,
    "(((1,), (0,)), ((0,), (2,)))": 4.111352120844884e-19,
    "(((1,), (0,)), ((0,), (3,)))": 9.747451903176968e-20,
    "(((1,), (0,)), ((1,), (0,)))": -0.04808008906328205,
    "(((1,), (0,)), ((1,), (1,)))": -3.105620238678575e-17,
    "(((1,), (0,)), ((1,), (2,)))": -7.648053688707977e-19,
    "(((1,), (0,)), ((1,), (3,)))": 2.5335284313197477e-18,
    "(((1,), (0,)), ((2,), (0,)))": 0.01455769346422352,
    "(((1,), (0,)), ((2,), (1,)))": 9.954371523413577e-18,
    "(((1,), (0,)), ((2,), (2,)))": 3.3868591375286143e-18,
    "(((1,), (0,)), ((2,), (3,)))": 3.7102537453474725e-18,
    "(((1,), (1,)), ((0,), (0,)))": 1.467349088327034e-18,
    "(((1,), (1,)), ((0,), (1,)))": 0.0029271510854047846,
    "(((1,), (1,)), ((0,), (2,)))": -1.313021811441297e-19,
    "(((1,), (1,)), ((0,), (3,)))": 2.4142741118923423e-19,
    "(((1,), (1,)), ((1,), (0,)))": -3.15084317040416e-17,
    "(((1,), (1,)), ((1,), (1,)))": -0.04808008906328206,
    "(((1,), (1,)), ((1,), (2,)))": 2.5452690289171003e-17,
    "(((1,), (1,)), ((1,), (3,)))": 8.420042641023704e-18,
    "(((1,), (1,)), ((2,), (0,)))": 9.3770642697211e-18,
    "(((1,), (1,)), ((2,), (1,)))": 0.014557693464223524,
    "(((1,), (1,)), ((2,), (2,)))": 3.269019453366223e-18,
    "(((1,), (1,)), ((2,), (3,)))": 1.3659215759407096e-17,
    "(((1,), (2,)), ((0,), (0,)))": 5.255370823211172e-19,
    "(((1,), (2,)), ((0,), (1,)))": -1.2161262749286216e-18,
    "(((1,), (2,)), ((0,), (2,)))": -0.0007845765123752683,
    "(((1,), (2,)), ((0,), (3,)))": -0.00033669335026092985,
    "(((1,), (2,)), ((1,), (0,)))": -7.6480536887078365e-19,
    "(((1,), (2,)), ((1,), (1,)))": 2.5452690289170926e-17,
    "(((1,), (2,)), ((1,), (2,)))": -0.056306222869719286,
    "(((1,), (2,)), ((1,), (3,)))": -0.02724187054864593,
    "(((1,), (2,)), ((2,), (0,)))": 2.0316433773671446e-18,
    "(((1,), (2,)), ((2,), (1,)))": 1.7072036239898266e-18,
    "(((1,), (2,)), ((2,), (2,)))": 0.006337281735404193,
    "(((1,), (2,)), ((2,), (3,)))": -0.043549084233166904,
    "(((1,), (3,)), ((0,), (0,)))": 1.1776726013569337e-19,
    "(((1,), (3,)), ((0,), (1,)))": -7.864276337110798e-20,
    "(((1,), (3,)), ((0,), (2,)))": -0.0003267874371402522,
    "(((1,), (3,)), ((0,), (3,)))": 0.0012206541266880611,
    "(((1,), (3,)), ((1,), (0,)))": 2.533528431319748e-18,
    "(((1,), (3,)), ((1,), (1,)))": 8.42004264102372e-18,
    "(((1,), (3,)), ((1,), (2,)))": -0.02724187054864593,
    "(((1,), (3,)), ((1,), (3,)))": -0.035035547657097973,
    "(((1,), (3,)), ((2,), (0,)))": 4.5479485959671775e-18,
    "(((1,), (3,)), ((2,), (1,)))": 7.730036560231379e-18,
    "(((1,), (3,)), ((2,), (2,)))": -0.036120541358995686,
    "(((1,), (3,)), ((2,), (3,)))": -0.008750965571127327,
    "(((2,), (0,)), ((0,), (0,)))": -0.0009020124510950147,
    "(((2,), (0,)), ((0,), (1,)))": -6.134463875498006e-19,
    "(((2,), (0,)), ((0,), (2,)))": -1.0973321162324908e-19,
    "(((2,), (0,)), ((0,), (3,)))": 7.323031880357911e-20,
    "(((2,), (0,)), ((1,), (0,)))": 0.01455769346422352,
    "(((2,), (0,)), ((1,), (1,)))": 9.577001596673341e-18,
    "(((2,), (0,)), ((1,), (2,)))": 2.0316433773671484e-18,
    "(((2,), (0,)), ((1,), (3,)))": 4.547948595967178e-18,
    "(((2,), (0,)), ((2,), (0,)))": -0.004428481909077879,
    "(((2,), (0,)), ((2,), (1,)))": -1.961281897837439e-18,
    "(((2,), (0,)), ((2,), (2,)))": 1.0893178895671576e-17,
    "(((2,), (0,)), ((2,), (3,)))": -1.5890300261082027e-18,
    "(((2,), (1,)), ((0,), (0,)))": -4.299480449027434e-19,
    "(((2,), (1,)), ((0,), (1,)))": -0.0009020124510950147,