{
  "E": -196.01177715729466,
  "sol": {
    "(((), ()), ((), ()))": 0.899607403716111,
    "(((0,), (0,)), ((), ()))": -3.0493278919425765e-05,
    "(((), ()), ((0,), (0,)))": -3.0493278919425765e-05,
    "(((1,), (0,)), ((), ()))": -5.267448809010984e-16,
    "(((), ()), ((1,), (0,)))": -5.267448809010984e-16,
    "(((2,), (0,)), ((), ()))": 1.6383899148800653e-16,
    "(((), ()), ((2,), (0,)))": 1.6383899148800653e-16,
    "(((3,), (0,)), ((), ()))": 0.021829649540210785,
    "(((), ()), ((3,), (0,)))": 0.021829649540210785,
    "(((4,), (0,)), ((), ()))": -1.4501371657582133e-16,
    "(((), ()), ((4,), (0,)))": -1.4501371657582133e-16,
    "(((5,), (0,)), ((), ()))": -2.5264640498059723e-17,
    "(((), ()), ((5,), (0,)))": -2.5264640498059723e-17,
    "(((6,), (0,)), ((), ()))": -1.4021237923946032e-16,
    "(((), ()), ((6,), (0,)))": -1.4021237923946032e-16,
    "(((7,), (0,)), ((), ()))": 1.8007476683659408e-16,
    "(((), ()), ((7,), (0,)))": 1.8007476683659408e-16,
    "(((8,), (0,)), ((), ()))": -1.3268135949839574e-14,
    "(((), ()), ((8,), (0,)))": -1.3268135949839574e-14,
    "(((0,), (0,)), ((0,), (0,)))": -0.00013570014310687918,
    "(((0,), (0,)), ((1,), (0,)))": -8.959715798537872e-17,
    "(((0,), (0,)), ((2,), (0,)))": -5.6462413695785335e-15,
    "(((0,), (0,)), ((3,), (0,)))": -0.00039525604663316323,
    "(((0,), (0,)), ((4,), (0,)))": 1.1163002174221164e-20,
    "(((0,), (0,)), ((5,), (0,)))": -9.028538754348445e-21,
    "(((0,), (0,)), ((6,), (0,)))": -4.920421036798715e-21,
    "(((0,), (0,)), ((7,), (0,)))": -9.310112299108578e-20,
    "(((0,), (0,)), ((8,), (0,)))": -2.3029257170965254e-15,
    "(((1,), (0,)), ((0,), (0,)))": -8.959855561064574e-17,
    "(((1,), (0,)), ((1,), (0,)))": -0.0001307435085564628,
    "(((1,), (0,)), ((2,), (0,)))": 0.00032126851317324445,
    "(((1,), (0,)), ((3,), (0,)))": -6.950594695910634e-15,
    "(((1,), (0,)), ((4,), (0,)))": 4.150941370221206e-19,
    "(((1,), (0,)), ((5,), (0,)))": -6.444099025776801e-20,
    "(((1,), (0,)), ((6,), (0,)))": 1.655365516120841e-18,
    "(((1,), (0,)), ((7,), (0,)))": 1.3884342116166677e-18,
    "(((1,), (0,)), ((8,), (0,)))": 0.00013083322526838393,
    "(((2,), (0,)), ((0,), (0,)))": -5.6462298800987996e-15,
    "(((2,), (0,)), ((1,), (0,)))": 0.00032126851317324434,
    "(((2,), (0,)), ((2,), (0,)))": -0.010585158927117696,
    "(((2,), (0,)), ((3,), (0,)))": 3.687468072516388e-17,
    "(((2,), (0,)), ((4,), (0,)))": -8.613747871610949e-17,
    "(((2,), (0,)), ((5,), (0,)))": 1.575016257446488e-17,
    "(((2,), (0,)), ((6,), (0,)))": 6.994597596282267e-17,
    "(((2,), (0,)), ((7,), (0,)))": -4.608022205636158e-16,
    "(((2,), (0,)), ((8,), (0,)))": -0.0239261395729376,
    "(((3,), (0,)), ((0,), (0,)))": -0.00039525604663316334,
    "(((3,), (0,)), ((1,), (0,)))": -6.950581924878687e-15,
    "(((3,), (0,)), ((2,), (0,)))": 4.2184286169751245e-17,
    "(((3,), (0,)), ((3,), (0,)))": -0.019122657213616022,
    "(((3,), (0,)), ((4,), (0,)))": -5.2546012894903564e-18,
    "(((3,), (0,)), ((5,), (0,)))": 1.298398039812272e-18,
    "(((3,), (0,)), ((6,), (0,)))": -1.970455445237405e-18,
    "(((3,), (0,)), ((7,), (0,)))": -2.9098528147081966e-19,
    "(((3,), (0,)), ((8,), (0,)))": 8.639142218329739e-16,
    "(((4,), (0,)), ((0,), (0,)))": 1.1163002174221224e-20,
    "(((4,), (0,)), ((1,), (0,)))": 4.1509413702211943e-19,
    "(((4,), (0,)), ((2,), (0,)))": -8.613747871610949e-17,
    "(((4,), (0,)), ((3,), (0,)))": -5.2546012894903595e-18,
    "(((4,), (0,)), ((4,), (0,)))": 0.0007857451575710127,
    "(((4,), (0,)), ((5,), (0,)))": -3.6249034012997905e-17,
    "(((4,), (0,)), ((6,), (0,)))": 3.4734512914890483e-16,
    "(((4,), (0,)), ((7,), (0,)))": 5.80371253734392e-16,
    "(((4,), (0,)), ((8,), (0,)))": -1.6636719530843804e-15,
    "(((5,), (0,)), ((0,), (0,)))": -9.028538754348553e-21,
    "(((5,), (0,)), ((1,), (0,)))": -6.444099025776757e-20,
    "(((5,), (0,)), ((2,), (0,)))": 1.575016257446488e-17,
    "(((5,), (0,)), ((3,), (0,)))": 1.2983980398122712e-18,
    "(((5,), (0,)), ((4,), (0,)))": -3.614926872277451e-17,
    "(((5,), (0,)), ((5,), (0,)))": 0.0007857451575710439,
    "(((5,), (0,)), ((6,), (0,)))": 4.850943478594318e-16,
    "(((5,), (0,)), ((7,), (0,)))": 2.591780213553978e-15,
    "(((5,), (0,)), ((8,), (0,)))": 3.8169309183078073e-16,
    "(((6,), (0,)), ((0,), (0,)))": -4.920421036798578e-21,
    "(((6,), (0,)), ((1,), (0,)))": 1.6553655161208415e-18,
    "(((6,), (0,)), ((2,), (0,)))": 6.994597596282269e-17,
    "(((6,), (0,)), ((3,), (0,)))": -1.970455445237403e-18,
    "(((6,), (0,)), ((4,), (0,)))": 3.472313685180076e-16,
    "(((6,), (0,)), ((5,), (0,)))": 4.851343782291797e-16,
    "(((6,), (0,)), ((6,), (0,)))": -0.029098253291623664,
    "(((6,), (0,)), ((7,), (0,)))": 4.3234729336183176e-17,
    "(((6,), (0,)), ((8,), (0,)))": 1.2700131045075703e-15,
    "(((7,), (0,)), ((0,), (0,)))": -9.310112299108521e-20,
    "(((7,), (0,)), ((1,), (0,)))": 1.3884342116166631e-18,
    "(((7,), (0,)), ((2,), (0,)))": -4.608022205636158e-16,
    "(((7,), (0,)), ((3,), (0,)))": -2.9098528147085e-19,
    "(((7,), (0,)), ((4,), (0,)))": 5.802279828947254e-16,
    "(((7,), (0,)), ((5,), (0,)))": 2.591701393581731e-15,
    "(((7,), (0,)), ((6,), (0,)))": 4.329211177295987e-17,
    "(((7,), (0,)), ((7,), (0,)))": -0.029098253291623702,
    "(((7,), (0,)), ((8,), (0,)))": -7.0599332273264066e-15,
    "(((8,), (0,)), ((0,), (0,)))": -2.3028504679355584e-15,
    "(((8,), (0,)), ((1,), (0,)))": 0.00013083322526838374,
    "(((8,), (0,)), ((2,), (0,)))": -0.023926139572937603,
    "(((8,), (0,)), ((3,), (0,)))": 8.642788615156058e-16,
    "(((8,), (0,)), ((4,), (0,)))": -1.6636719530843804e-15,
    "(((8,), (0,)), ((5,), (0,)))": 3.8169309183078073e-16,
    "(((8,), (0,)), ((6,), (0,)))": 1.2700131045075703e-15,
    "(((8,), (0,)), ((7,), (0,)))": -7.0599332273264066e-15,
    "(((8,), (0,)), ((8,), (0,)))": -0.43178185244220313
  }
}