{
  "E": -147.66065311639863,
  "sol": {
    "(((), ()), ((), ()))": 0.9410856119917792,
    "(((0,), (0,)), ((), ()))": 5.834269301512313e-18,
    "(((), ()), ((0,), (0,)))": 5.834269301512313e-18,
    "(((0,), (1,)), ((), ()))": -6.41077020456581e-06,
    "(((), ()), ((0,), (1,)))": -6.41077020456581e-06,
    "(((1,), (0,)), ((), ()))": 8.917221440119888e-17,
    "(((), ()), ((1,), (0,)))": 8.917221440119888e-17,
    "(((1,), (1,)), ((), ()))": -7.993282353296257e-16,
    "(((), ()), ((1,), (1,)))": -7.993282353296257e-16,
    "(((2,), (0,)), ((), ()))": -2.0140930618756812e-16,
    "(((), ()), ((2,), (0,)))": -2.0140930618756812e-16,
    "(((2,), (1,)), ((), ()))": 1.1528518151917076e-16,
    "(((), ()), ((2,), (1,)))": 1.1528518151917076e-16,
    "(((3,), (0,)), ((), ()))": 1.854011580503982e-16,
    "(((), ()), ((3,), (0,)))": 1.854011580503982e-16,
    "(((3,), (1,)), ((), ()))": -0.010173965420516122,
    "(((), ()), ((3,), (1,)))": -0.010173965420516122,
    "(((4,), (0,)), ((), ()))": 1.044356168997619e-15,
    "(((), ()), ((4,), (0,)))": 1.044356168997619e-15,
    "(((4,), (1,)), ((), ()))": 9.392205845729334e-17,
    "(((), ()), ((4,), (1,)))": 9.392205845729334e-17,
    "(((5,), (0,)), ((), ()))": -1.04651875911774e-15,
    "(((), ()), ((5,), (0,)))": -1.04651875911774e-15,
    "(((5,), (1,)), ((), ()))": -7.985857613118273e-16,
    "(((), ()), ((5,), (1,)))": -7.985857613118273e-16,
    "(((6,), (0,)), ((), ()))": -2.8061609470705805e-15,
    "(((), ()), ((6,), (0,)))": -2.8061609470705805e-15,
    "(((6,), (1,)), ((), ()))": -3.565011785990682e-17,
    "(((), ()), ((6,), (1,)))": -3.565011785990682e-17,
    "(((7,), (0,)), ((), ()))": 2.0538867840725997e-14,
    "(((), ()), ((7,), (0,)))": 2.0538867840725997e-14,
    "(((7,), (1,)), ((), ()))": -6.298647272279597e-17,
    "(((), ()), ((7,), (1,)))": -6.298647272279597e-17,
    "(((0,), (0,)), ((0,), (0,)))": -0.00018060881343578435,
    "(((0,), (0,)), ((0,), (1,)))": 3.597999428219651e-19,
    "(((0,), (0,)), ((1,), (0,)))": -1.4007639491681162e-15,
    "(((0,), (0,)), ((1,), (1,)))": -2.680761864576513e-19,
    "(((0,), (0,)), ((2,), (0,)))": -5.054693061077149e-14,
    "(((0,), (0,)), ((2,), (1,)))": -7.433165665716284e-19,
    "(((0,), (0,)), ((3,), (0,)))": 0.00056326579045463,
    "(((0,), (0,)), ((3,), (1,)))": -3.065247325606641e-19,
    "(((0,), (0,)), ((4,), (0,)))": -6.031134847799261e-19,
    "(((0,), (0,)), ((4,), (1,)))": -2.718278154576576e-19,
    "(((0,), (0,)), ((5,), (0,)))": 2.177925843104583e-14,
    "(((0,), (0,)), ((5,), (1,)))": -1.1647444070356178e-18,
    "(((0,), (0,)), ((6,), (0,)))": 3.091355486903095e-18,
    "(((0,), (0,)), ((6,), (1,)))": 5.583347744536412e-14,
    "(((0,), (0,)), ((7,), (0,)))": 2.515790789570307e-18,
    "(((0,), (0,)), ((7,), (1,)))": 1.1543641528085272e-19,
    "(((0,), (1,)), ((0,), (0,)))": 3.597999428219654e-19,
    "(((0,), (1,)), ((0,), (1,)))": -0.00063492542742946,
    "(((0,), (1,)), ((1,), (0,)))": -9.117869908241099e-20,
    "(((0,), (1,)), ((1,), (1,)))": -2.550969824413875e-15,
    "(((0,), (1,)), ((2,), (0,)))": -1.739643101095136e-19,
    "(((0,), (1,)), ((2,), (1,)))": -6.040868859409501e-14,
    "(((0,), (1,)), ((3,), (0,)))": -2.713101584746702e-19,
    "(((0,), (1,)), ((3,), (1,)))": 0.0007008882858707846,
    "(((0,), (1,)), ((4,), (0,)))": 3.6896090326169204e-19,
    "(((0,), (1,)), ((4,), (1,)))": 2.541383822360939e-19,
    "(((0,), (1,)), ((5,), (0,)))": -1.0530569681781027e-19,
    "(((0,), (1,)), ((5,), (1,)))": 2.9995151311103404e-14,
    "(((0,), (1,)), ((6,), (0,)))": -2.0224666143543144e-14,
    "(((0,), (1,)), ((6,), (1,)))": 4.490456509762183e-19,
    "(((0,), (1,)), ((7,), (0,)))": 7.397379311681181e-19,
    "(((0,), (1,)), ((7,), (1,)))": 4.587585368610784e-19,
    "(((1,), (0,)), ((0,), (0,)))": -1.4007713878042532e-15,
    "(((1,), (0,)), ((0,), (1,)))": -9.117869908241113e-20,
    "(((1,), (0,)), ((1,), (0,)))": -0.00016925023600131785,
    "(((1,), (0,)), ((1,), (1,)))": 3.432507199347579e-19,
    "(((1,), (0,)), ((2,), (0,)))": 0.00040970152068862926,
    "(((1,), (0,)), ((2,), (1,)))": -3.6480094140976865e-19,
    "(((1,), (0,)), ((3,), (0,)))": 6.948861522036295e-14,
    "(((1,), (0,)), ((3,), (1,)))": 5.042027179848014e-19,
    "(((1,), (0,)), ((4,), (0,)))": 1.0805173539743275e-19,
    "(((1,), (0,)), ((4,), (1,)))": -1.0006447561195211e-17,
    "(((1,), (0,)), ((5,), (0,)))": -0.00017655423932789826,
    "(((1,), (0,)), ((5,), (1,)))": -2.2797625857768822e-17,
    "(((1,), (0,)), ((6,), (0,)))": 1.0171434363091252e-17,
    "(((1,), (0,)), ((6,), (1,)))": -0.0004526153998806099,
    "(((1,), (0,)), ((7,), (0,)))": 6.026909410876677e-18,
    "(((1,), (0,)), ((7,), (1,)))": 1.794926099190678e-18,
    "(((1,), (1,)), ((0,), (0,)))": -2.680761864576513e-19,
    "(((1,), (1,)), ((0,), (1,)))": -2.5510509067421924e-15,
    "(((1,), (1,)), ((1,), (0,)))": 3.432507199347584e-19,
    "(((1,), (1,)), ((1,), (1,)))": -0.0006142495207889905,
    "(((1,), (1,)), ((2,), (0,)))": -2.3761850125785173e-19,
    "(((1,), (1,)), ((2,), (1,)))": 0.0004896805893606107,
    "(((1,), (1,)), ((3,), (0,)))": 9.204302393927725e-19,
    "(((1,), (1,)), ((3,), (1,)))": 8.646951151290441e-14,
    "(((1,), (1,)), ((4,), (0,)))": 1.495754462088221e-17,
    "(((1,), (1,)), ((4,), (1,)))": -5.772998448474149e-19,
    "(((1,), (1,)), ((5,), (0,)))": 8.218520244365648e-18,
    "(((1,), (1,)), ((5,), (1,)))": -0.00024320540895942863,
    "(((1,), (1,)), ((6,), (0,)))": 0.00016396047370364282,
    "(((1,), (1,)), ((6,), (1,)))": 1.1973057393817724e-17,
    "(((1,), (1,)), ((7,), (0,)))": 2.926916035986093e-19,
    "(((1,), (1,)), ((7,), (1,)))": 7.316055048933477e-19,
    "(((2,), (0,)), ((0,), (0,)))": -5.0546860696606545e-14,
    "(((2,), (0,)), ((0,), (1,)))": -1.739643101095136e-19,
    "(((2,), (0,)), ((1,), (0,)))": 0.00040970152068862926,
    "(((2,), (0,)), ((1,), (1,)))": -2.376185012578534e-19,
    "(((2,), (0,)), ((2,), (0,)))": -0.008783098961485034,
    "(((2,), (0,)), ((2,), (1,)))": 2.2810659032724087e-17,
    "(((2,), (0,)), ((3,), (0,)))": 3.993708879660086e-16,
    "(((2,), (0,)), ((3,), (1,)))": -4.250704126653088e-18,
    "(((2,), (0,)), ((4,), (0,)))": 2.1355833089654334e-18,
    "(((2,), (0,)), ((4,), (1,)))": 3.6041957232182963e-16,
    "(((2,), (0,)), ((5,), (0,)))": 0.004447145753065927,
    "(((2,), (0,)), ((5,), (1,)))": 1.0224033786548523e-15,
    "(((2,), (0,)), ((6,), (0,)))": -3.0488765897510914e-16,
    "(((2,), (0,)), ((6,), (1,)))": 0.019944243595087,
    "(((2,), (0,)), ((7,), (0,)))": -9.060806999768076e-17,
    "(((2,), (0,)), ((7,), (1,)))": -1.1436070634425946e-16,
    "(((2,), (1,)), ((0,), (0,)))": -7.433165665716287e-19,
    "(((2,), (1,)), ((0,), (1,)))": -6.04084504569879e-14,
    "(((2,), (1,)), ((1,), (0,)))": -3.6480094140976687e-19,
    "(((2,), (1,)), ((1,), (1,)))": 0.0004896805893606109,
    "(((2,), (1,)), ((2,), (0,)))": 2.2810659032724087e-17,
    "(((2,), (1,)), ((2,), (1,)))": -0.02399195480408721,
    "(((2,), (1,)), ((3,), (0,)))": -1.2230072333425006e-17,
    "(((2,), (1,)), ((3,), (1,)))": -4.3089164261830314e-17,
    "(((2,), (1,)), ((4,), (0,)))": 1.2975147985213297e-15,
    "(((2,), (1,)), ((4,), (1,)))": -3.365143456800085e-17,
    "(((2,), (1,)), ((5,), (0,)))": 1.6191869967356306e-15,
    "(((2,), (1,)), ((5,), (1,)))": -0.02135499855920804,
    "(((2,), (1,)), ((6,), (0,)))": 0.031997167700895605,
    "(((2,), (1,)), ((6,), (1,)))": 1.101355451406897e-15,
    "(((2,), (1,)), ((7,), (0,)))": -9.444783879496866e-17,
    "(((2,), (1,)), ((7,), (1,)))": 3.851791335743659e-17,
    "(((3,), (0,)), ((0,), (0,)))": 0.00056326579045463,
    "(((3,), (0,)), ((0,), (1,)))": -2.713101584746698e-19,
    "(((3,), (0,)), ((1,), (0,)))": 6.948862024253011e-14,
    "(((3,), (0,)), ((1,), (1,)))": 9.204302393927723e-19,
    "(((3,), (0,)), ((2,), (0,)))": 3.987464765859847e-16,
    "(((3,), (0,)), ((2,), (1,)))": -1.2230072333425e-17,