{
  "E": -14.6506912112673,
  "sol": {
    "((1, 1, 1), (1, 1, 1))": 0.966545200240683,
    "((1, 1, 1), (1, 1, 0, 1))": 1.429412144204889e-14,
    "((1, 1, 1), (1, 0, 1, 1))": 2.814980093593914e-15,
    "((1, 1, 1), (0, 1, 1, 1))": 0.0006297363862467348,
    "((1, 1, 1), (1, 1, 0, 0, 1))": 1.5758439497410997e-16,
    "((1, 1, 1), (1, 0, 1, 0, 1))": -1.439154282182903e-17,
    "((1, 1, 1), (0, 1, 1, 0, 1))": 1.0802782909197586e-17,
    "((1, 1, 1), (1, 0, 0, 1, 1))": -7.219551566648315e-18,
    "((1, 1, 1), (0, 1, 0, 1, 1))": -5.646235702230252e-18,
    "((1, 1, 1), (0, 0, 1, 1, 1))": -3.383330521414851e-19,
    "((1, 1, 0, 1), (1, 1, 1))": -4.450787820200569e-15,
    "((1, 1, 0, 1), (1, 1, 0, 1))": -0.2014916145792748,
    "((1, 1, 0, 1), (1, 0, 1, 1))": -0.0014161155010811966,
    "((1, 1, 0, 1), (0, 1, 1, 1))": 6.8460177653328476e-15,
    "((1, 1, 0, 1), (1, 1, 0, 0, 1))": -2.554194818932049e-17,
    "((1, 1, 0, 1), (1, 0, 1, 0, 1))": -8.015179891261208e-19,
    "((1, 1, 0, 1), (0, 1, 1, 0, 1))": 1.9614811470008704e-18,
    "((1, 1, 0, 1), (1, 0, 0, 1, 1))": 5.798156142355335e-19,
    "((1, 1, 0, 1), (0, 1, 0, 1, 1))": 1.4496991540896456e-18,
    "((1, 1, 0, 1), (0, 0, 1, 1, 1))": -3.419924918365194e-20,
    "((1, 0, 1, 1), (1, 1, 1))": 2.9618367822102504e-15,
    "((1, 0, 1, 1), (1, 1, 0, 1))": -0.0014161155010811873,
    "((1, 0, 1, 1), (1, 0, 1, 1))": -0.0018542079495347838,
    "((1, 0, 1, 1), (0, 1, 1, 1))": -4.978445095386283e-17,
    "((1, 0, 1, 1), (1, 1, 0, 0, 1))": -8.564255549636748e-20,
    "((1, 0, 1, 1), (1, 0, 1, 0, 1))": -5.071491115606623e-20,
    "((1, 0, 1, 1), (0, 1, 1, 0, 1))": -8.251790533089256e-19,
    "((1, 0, 1, 1), (1, 0, 0, 1, 1))": 5.111398995191144e-19,
    "((1, 0, 1, 1), (0, 1, 0, 1, 1))": -2.166534688783068e-20,
    "((1, 0, 1, 1), (0, 0, 1, 1, 1))": -3.801954472775327e-20,
    "((0, 1, 1, 1), (1, 1, 1))": 0.0006297363862468009,
    "((0, 1, 1, 1), (1, 1, 0, 1))": 6.837457188766279e-15,
    "((0, 1, 1, 1), (1, 0, 1, 1))": -4.9327741872343824e-17,
    "((0, 1, 1, 1), (0, 1, 1, 1))": -0.001863810512652396,
    "((0, 1, 1, 1), (1, 1, 0, 0, 1))": 1.5454248760467243e-18,
    "((0, 1, 1, 1), (1, 0, 1, 0, 1))": -9.463674455923786e-19,
    "((0, 1, 1, 1), (0, 1, 1, 0, 1))": -1.1246192991321458e-19,
    "((0, 1, 1, 1), (1, 0, 0, 1, 1))": 1.6924704739636242e-20,
    "((0, 1, 1, 1), (0, 1, 0, 1, 1))": 5.19646179627881e-19,
    "((0, 1, 1, 1), (0, 0, 1, 1, 1))": -1.6401720786771086e-20,
    "((1, 1, 0, 0, 1), (1, 1, 1))": 6.288623402014214e-18,
    "((1, 1, 0, 0, 1), (1, 1, 0, 1))": -2.5273596321842424e-17,
    "((1, 1, 0, 0, 1), (1, 0, 1, 1))": -6.687506202025308e-20,
    "((1, 1, 0, 0, 1), (0, 1, 1, 1))": 1.5410940633071373e-18,
    "((1, 1, 0, 0, 1), (1, 1, 0, 0, 1))": -0.1586392675824074,
    "((1, 1, 0, 0, 1), (1, 0, 1, 0, 1))": 0.002373374710047659,
    "((1, 1, 0, 0, 1), (0, 1, 1, 0, 1))": -1.152007509947549e-14,
    "((1, 1, 0, 0, 1), (1, 0, 0, 1, 1))": 2.913970290756669e-15,
    "((1, 1, 0, 0, 1), (0, 1, 0, 1, 1))": 0.0006015834688432667,
    "((1, 1, 0, 0, 1), (0, 0, 1, 1, 1))": 7.763990940651051e-07,
    "((1, 0, 1, 0, 1), (1, 1, 1))": 1.1531999531818709e-17,
    "((1, 0, 1, 0, 1), (1, 1, 0, 1))": -2.55084385100713e-19,
    "((1, 0, 1, 0, 1), (1, 0, 1, 1))": 2.367911206247195e-19,
    "((1, 0, 1, 0, 1), (0, 1, 1, 1))": -9.737579717919193e-19,
    "((1, 0, 1, 0, 1), (1, 1, 0, 0, 1))": 0.002373374710047652,
    "((1, 0, 1, 0, 1), (1, 0, 1, 0, 1))": -0.00038093921981439954,
    "((1, 0, 1, 0, 1), (0, 1, 1, 0, 1))": 8.329693662267992e-17,
    "((1, 0, 1, 0, 1), (1, 0, 0, 1, 1))": -3.269230474775507e-15,
    "((1, 0, 1, 0, 1), (0, 1, 0, 1, 1))": -0.0003360952988222632,
    "((1, 0, 1, 0, 1), (0, 0, 1, 1, 1))": 4.56210703457592e-06,
    "((0, 1, 1, 0, 1), (1, 1, 1))": -5.631143632824641e-18,
    "((0, 1, 1, 0, 1), (1, 1, 0, 1))": 7.416175199314558e-19,
    "((0, 1, 1, 0, 1), (1, 0, 1, 1))": -8.032216127717226e-19,
    "((0, 1, 1, 0, 1), (0, 1, 1, 1))": 1.5088753526200623e-19,
    "((0, 1, 1, 0, 1), (1, 1, 0, 0, 1))": -1.1565703503589491e-14,
    "((0, 1, 1, 0, 1), (1, 0, 1, 0, 1))": 8.337671507405666e-17,
    "((0, 1, 1, 0, 1), (0, 1, 1, 0, 1))": -0.0003673444516721615,
    "((0, 1, 1, 0, 1), (1, 0, 0, 1, 1))": -0.00033687169791632633,
    "((0, 1, 1, 0, 1), (0, 1, 0, 1, 1))": 3.2472212848935524e-15,
    "((0, 1, 1, 0, 1), (0, 0, 1, 1, 1))": -2.1949460805711652e-17,
    "((1, 0, 0, 1, 1), (1, 1, 1))": -2.9732003509326455e-19,
    "((1, 0, 0, 1, 1), (1, 1, 0, 1))": -2.1569277203478028e-19,
    "((1, 0, 0, 1, 1), (1, 0, 1, 1))": 5.134187099440335e-20,
    "((1, 0, 0, 1, 1), (0, 1, 1, 1))": -1.0227148121690297e-19,
    "((1, 0, 0, 1, 1), (1, 1, 0, 0, 1))": 2.867048592844527e-15,
    "((1, 0, 0, 1, 1), (1, 0, 1, 0, 1))": -3.2541805076525624e-15,
    "((1, 0, 0, 1, 1), (0, 1, 1, 0, 1))": -0.00033687169791632774,
    "((1, 0, 0, 1, 1), (1, 0, 0, 1, 1))": 0.000575845176293319,
    "((1, 0, 0, 1, 1), (0, 1, 0, 1, 1))": -6.453897681850358e-17,
    "((1, 0, 0, 1, 1), (0, 0, 1, 1, 1))": -1.3212236033357516e-17,
    "((0, 1, 0, 1, 1), (1, 1, 1))": -5.506041464916882e-19,
    "((0, 1, 0, 1, 1), (1, 1, 0, 1))": 1.4681380242388453e-18,
    "((0, 1, 0, 1, 1), (1, 0, 1, 1))": -1.188138563014759e-19,
    "((0, 1, 0, 1, 1), (0, 1, 1, 1))": 6.931198796942802e-20,
    "((0, 1, 0, 1, 1), (1, 1, 0, 0, 1))": 0.0006015834688432694,
    "((0, 1, 0, 1, 1), (1, 0, 1, 0, 1))": -0.00033609529882226247,
    "((0, 1, 0, 1, 1), (0, 1, 1, 0, 1))": 3.2621653852135754e-15,
    "((0, 1, 0, 1, 1), (1, 0, 0, 1, 1))": -6.472516980044977e-17,
    "((0, 1, 0, 1, 1), (0, 1, 0, 1, 1))": 0.0005638531774649409,
    "((0, 1, 0, 1, 1), (0, 0, 1, 1, 1))": -2.7139935576836615e-06,
    "((0, 0, 1, 1, 1), (1, 1, 1))": 1.477601366038532e-19,
    "((0, 0, 1, 1, 1), (1, 1, 0, 1))": -1.7059935014651624e-20,
    "((0, 0, 1, 1, 1), (1, 0, 1, 1))": 8.418871593016501e-21,
    "((0, 0, 1, 1, 1), (0, 1, 1, 1))": 1.5550670626409183e-20,
    "((0, 0, 1, 1, 1), (1, 1, 0, 0, 1))": 7.763990940649848e-07,
    "((0, 0, 1, 1, 1), (1, 0, 1, 0, 1))": 4.562107034576252e-06,
    "((0, 0, 1, 1, 1), (0, 1, 1, 0, 1))": -2.1979577427055518e-17,
    "((0, 0, 1, 1, 1), (1, 0, 0, 1, 1))": -1.3207652415131546e-17,
    "((0, 0, 1, 1, 1), (0, 1, 0, 1, 1))": -2.713993557683852e-06,
    "((0, 0, 1, 1, 1), (0, 0, 1, 1, 1))": -4.761899716065475e-07
  }
}