{
  "E": -14.65068353469981,
  "sol": {
    "(((), ()), ((), ()))": 0.9665775070688559,
    "(((0,), (0,)), ((), ()))": 0.0006176227333120894,
    "(((), ()), ((0,), (0,)))": 0.0006176227333120894,
    "(((0,), (1,)), ((), ()))": -5.573345943459318e-18,
    "(((), ()), ((0,), (1,)))": -5.573345943459318e-18,
    "(((1,), (0,)), ((), ()))": 2.91975871255513e-15,
    "(((), ()), ((1,), (0,)))": 2.91975871255513e-15,
    "(((1,), (1,)), ((), ()))": 1.1353175928696528e-17,
    "(((), ()), ((1,), (1,)))": 1.1353175928696528e-17,
    "(((2,), (0,)), ((), ()))": 2.0411513211720037e-15,
    "(((), ()), ((2,), (0,)))": 2.0411513211720037e-15,
    "(((2,), (1,)), ((), ()))": 4.688524792549205e-17,
    "(((), ()), ((2,), (1,)))": 4.688524792549205e-17,
    "(((0,), (0,)), ((0,), (0,)))": -0.001859646177096927,
    "(((0,), (0,)), ((0,), (1,)))": 1.6253891062730457e-19,
    "(((0,), (0,)), ((1,), (0,)))": -3.611604030356129e-17,
    "(((0,), (0,)), ((1,), (1,)))": -1.1062963578221768e-18,
    "(((0,), (0,)), ((2,), (0,)))": 6.82328446976771e-15,
    "(((0,), (0,)), ((2,), (1,)))": 1.5615740178911275e-18,
    "(((0,), (1,)), ((0,), (0,)))": 1.6253891062730334e-19,
    "(((0,), (1,)), ((0,), (1,)))": -0.0003845302198455729,
    "(((0,), (1,)), ((1,), (0,)))": -9.571846117569269e-19,
    "(((0,), (1,)), ((1,), (1,)))": 8.921000318966977e-17,
    "(((0,), (1,)), ((2,), (0,)))": 8.624832673719362e-19,
    "(((0,), (1,)), ((2,), (1,)))": -1.1750849569826943e-14,
    "(((1,), (0,)), ((0,), (0,)))": -3.503799347696448e-17,
    "(((1,), (0,)), ((0,), (1,)))": -9.571846117569269e-19,
    "(((1,), (0,)), ((1,), (0,)))": -0.001849893297534898,
    "(((1,), (0,)), ((1,), (1,)))": 2.1366347860550871e-19,
    "(((1,), (0,)), ((2,), (0,)))": -0.0014151717009265332,
    "(((1,), (0,)), ((2,), (1,)))": 2.5746776837630094e-20,
    "(((1,), (1,)), ((0,), (0,)))": -1.1062963578221766e-18,
    "(((1,), (1,)), ((0,), (1,)))": 8.895443080598986e-17,
    "(((1,), (1,)), ((1,), (0,)))": 2.1366347860550838e-19,
    "(((1,), (1,)), ((1,), (1,)))": -0.00039934117643067123,
    "(((1,), (1,)), ((2,), (0,)))": -2.214888118448439e-19,
    "(((1,), (1,)), ((2,), (1,)))": 0.0024145366866764467,
    "(((2,), (0,)), ((0,), (0,)))": 6.829471246533092e-15,
    "(((2,), (0,)), ((0,), (1,)))": 8.624832673719406e-19,
    "(((2,), (0,)), ((1,), (0,)))": -0.0014151717009265319,
    "(((2,), (0,)), ((1,), (1,)))": -2.21488811844848e-19,
    "(((2,), (0,)), ((2,), (0,)))": -0.2014681466994389,
    "(((2,), (0,)), ((2,), (1,)))": -2.4940483012642933e-17,
    "(((2,), (1,)), ((0,), (0,)))": 1.5615740178911223e-18,
    "(((2,), (1,)), ((0,), (1,)))": -1.1750577593001063e-14,
    "(((2,), (1,)), ((1,), (0,)))": 2.5746776837633272e-20,
    "(((2,), (1,)), ((1,), (1,)))": 0.0024145366866764467,
    "(((2,), (1,)), ((2,), (0,)))": -2.4940483012642976e-17,
    "(((2,), (1,)), ((2,), (1,)))": -0.1584767890123898
  }
}