{
  "E": -15.535762381029613,
  "sol": {
    "(((), ()), ((), ()))": 0.9717841628891515,
    "(((0,), (0,)), ((), ()))": 1.0544445380467364e-18,
    "(((), ()), ((0,), (0,)))": 1.0544445380467364e-18,
    "(((0,), (1,)), ((), ()))": -2.1047477916675955e-18,
    "(((), ()), ((0,), (1,)))": -2.1047477916675955e-18,
    "(((0,), (2,)), ((), ()))": 0.0002851000791418234,
    "(((), ()), ((0,), (2,)))": 0.0002851000791418234,
    "(((0,), (3,)), ((), ()))": -0.00016652387590667203,
    "(((), ()), ((0,), (3,)))": -0.00016652387590667203,
    "(((1,), (0,)), ((), ()))": -5.527875803960528e-17,
    "(((), ()), ((1,), (0,)))": -5.527875803960528e-17,
    "(((1,), (1,)), ((), ()))": 3.2387858605352934e-17,
    "(((), ()), ((1,), (1,)))": 3.2387858605352934e-17,
    "(((1,), (2,)), ((), ()))": -0.010900741951414284,
    "(((), ()), ((1,), (2,)))": -0.010900741951414284,
    "(((1,), (3,)), ((), ()))": 0.00011117702958684735,
    "(((), ()), ((1,), (3,)))": 0.00011117702958684735,
    "(((2,), (0,)), ((), ()))": 3.356756639883428e-17,
    "(((), ()), ((2,), (0,)))": 3.356756639883428e-17,
    "(((2,), (1,)), ((), ()))": -2.649095245049877e-17,
    "(((), ()), ((2,), (1,)))": -2.649095245049877e-17,
    "(((2,), (2,)), ((), ()))": 0.008579656474126824,
    "(((), ()), ((2,), (2,)))": 0.008579656474126824,
    "(((2,), (3,)), ((), ()))": -0.004263484832760225,
    "(((), ()), ((2,), (3,)))": -0.004263484832760225,
    "(((0,), (0,)), ((0,), (0,)))": -0.0014820064732367912,
    "(((0,), (0,)), ((0,), (1,)))": 3.7332558505915185e-19,
    "(((0,), (0,)), ((0,), (2,)))": 1.2485075827463802e-19,
    "(((0,), (0,)), ((0,), (3,)))": 4.98752465564383e-20,
    "(((0,), (0,)), ((1,), (0,)))": 0.0025489215050424952,
    "(((0,), (0,)), ((1,), (1,)))": -5.481665163248293e-19,
    "(((0,), (0,)), ((1,), (2,)))": -2.898791133063717e-20,
    "(((0,), (0,)), ((1,), (3,)))": -1.5699018958213787e-19,
    "(((0,), (0,)), ((2,), (0,)))": -0.0016147371622638816,
    "(((0,), (0,)), ((2,), (1,)))": 3.517317206418502e-19,
    "(((0,), (0,)), ((2,), (2,)))": -4.639655786116431e-19,
    "(((0,), (0,)), ((2,), (3,)))": 1.215957856224003e-19,
    "(((0,), (1,)), ((0,), (0,)))": 3.8572415976001455e-19,
    "(((0,), (1,)), ((0,), (1,)))": -0.001482006473236791,
    "(((0,), (1,)), ((0,), (2,)))": -2.0326625314249778e-20,
    "(((0,), (1,)), ((0,), (3,)))": 1.325323057736591e-19,
    "(((0,), (1,)), ((1,), (0,)))": -5.55469955071178e-19,
    "(((0,), (1,)), ((1,), (1,)))": 0.002548921505042495,
    "(((0,), (1,)), ((1,), (2,)))": 1.1045493819648434e-18,
    "(((0,), (1,)), ((1,), (3,)))": -5.83663393785232e-19,
    "(((0,), (1,)), ((2,), (0,)))": 3.452734240694617e-19,
    "(((0,), (1,)), ((2,), (1,)))": -0.001614737162263881,
    "(((0,), (1,)), ((2,), (2,)))": -1.1897036486239266e-19,
    "(((0,), (1,)), ((2,), (3,)))": 3.855111746237989e-19,
    "(((0,), (2,)), ((0,), (0,)))": 1.2485075827463797e-19,
    "(((0,), (2,)), ((0,), (1,)))": -2.0326625314250765e-20,
    "(((0,), (2,)), ((0,), (2,)))": -0.00181454666840132,
    "(((0,), (2,)), ((0,), (3,)))": 0.00018662878322967091,
    "(((0,), (2,)), ((1,), (0,)))": -2.5656469407107908e-19,
    "(((0,), (2,)), ((1,), (1,)))": 7.481580754224805e-19,
    "(((0,), (2,)), ((1,), (2,)))": -0.0004238253898004569,
    "(((0,), (2,)), ((1,), (3,)))": 0.0007316494070906051,
    "(((0,), (2,)), ((2,), (0,)))": 2.4523557525200627e-19,
    "(((0,), (2,)), ((2,), (1,)))": -5.405554560005498e-19,
    "(((0,), (2,)), ((2,), (2,)))": 0.0004544627553663687,
    "(((0,), (2,)), ((2,), (3,)))": -0.00021381114864505932,
    "(((0,), (3,)), ((0,), (0,)))": 4.9875246556438366e-20,
    "(((0,), (3,)), ((0,), (1,)))": 1.3253230577365935e-19,
    "(((0,), (3,)), ((0,), (2,)))": 0.00018662878322967078,
    "(((0,), (3,)), ((0,), (3,)))": -0.0015388848426105873,
    "(((0,), (3,)), ((1,), (0,)))": -9.304322857395125e-20,
    "(((0,), (3,)), ((1,), (1,)))": -4.3149637434725324e-19,
    "(((0,), (3,)), ((1,), (2,)))": 0.0007111786269948992,
    "(((0,), (3,)), ((1,), (3,)))": 0.000703525538327922,
    "(((0,), (3,)), ((2,), (0,)))": 1.3733776188773247e-20,
    "(((0,), (3,)), ((2,), (1,)))": 3.975748782694141e-19,
    "(((0,), (3,)), ((2,), (2,)))": -0.0005671456468207962,
    "(((0,), (3,)), ((2,), (3,)))": -0.0010641012482849397,
    "(((1,), (0,)), ((0,), (0,)))": 0.002548921505042496,
    "(((1,), (0,)), ((0,), (1,)))": -6.012654905881844e-19,
    "(((1,), (0,)), ((0,), (2,)))": -2.565646940710795e-19,
    "(((1,), (0,)), ((0,), (3,)))": -9.30432285739512e-20,
    "(((1,), (0,)), ((1,), (0,)))": -0.03733825986626333,
    "(((1,), (0,)), ((1,), (1,)))": 8.580301160731388e-18,
    "(((1,), (0,)), ((1,), (2,)))": 1.8207602291874058e-19,
    "(((1,), (0,)), ((1,), (3,)))": 2.1106493070245666e-18,
    "(((1,), (0,)), ((2,), (0,)))": 0.0245957976200719,
    "(((1,), (0,)), ((2,), (1,)))": -4.526077822685889e-18,
    "(((1,), (0,)), ((2,), (2,)))": 1.2850363680608287e-17,
    "(((1,), (0,)), ((2,), (3,)))": -1.5297236051937945e-18,
    "(((1,), (1,)), ((0,), (0,)))": -5.471501859518131e-19,
    "(((1,), (1,)), ((0,), (1,)))": 0.0025489215050424944,
    "(((1,), (1,)), ((0,), (2,)))": 7.481580754224807e-19,
    "(((1,), (1,)), ((0,), (3,)))": -4.3149637434725243e-19,
    "(((1,), (1,)), ((1,), (0,)))": 9.34644925727078e-18,
    "(((1,), (1,)), ((1,), (1,)))": -0.03733825986626331,
    "(((1,), (1,)), ((1,), (2,)))": -1.5114900768990845e-17,
    "(((1,), (1,)), ((1,), (3,)))": 6.3206218418040444e-18,
    "(((1,), (1,)), ((2,), (0,)))": -5.493267447607758e-18,
    "(((1,), (1,)), ((2,), (1,)))": 0.024595797620071896,
    "(((1,), (1,)), ((2,), (2,)))": 7.115791452169916e-18,
    "(((1,), (1,)), ((2,), (3,)))": -4.26008008287548e-18,
    "(((1,), (2,)), ((0,), (0,)))": -2.8987911330637113e-20,
    "(((1,), (2,)), ((0,), (1,)))": 1.104549381964843e-18,
    "(((1,), (2,)), ((0,), (2,)))": -0.0004238253898004577,
    "(((1,), (2,)), ((0,), (3,)))": 0.0007111786269948999,
    "(((1,), (2,)), ((1,), (0,)))": 1.820760229187375e-19,
    "(((1,), (2,)), ((1,), (1,)))": -1.5114900768990848e-17,
    "(((1,), (2,)), ((1,), (2,)))": -0.034864802541338426,
    "(((1,), (2,)), ((1,), (3,)))": 0.04160700132527165,
    "(((1,), (2,)), ((2,), (0,)))": 1.069435011810866e-17,
    "(((1,), (2,)), ((2,), (1,)))": 6.612099484914044e-18,
    "(((1,), (2,)), ((2,), (2,)))": 0.011627742208459965,
    "(((1,), (2,)), ((2,), (3,)))": 0.024458018654925424,
    "(((1,), (3,)), ((0,), (0,)))": -1.5699018958213787e-19,
    "(((1,), (3,)), ((0,), (1,)))": -5.836633937852331e-19,
    "(((1,), (3,)), ((0,), (2,)))": 0.000731649407090604,
    "(((1,), (3,)), ((0,), (3,)))": 0.0007035255383279223,
    "(((1,), (3,)), ((1,), (0,)))": 2.1106493070245724e-18,
    "(((1,), (3,)), ((1,), (1,)))": 6.3206218418040444e-18,
    "(((1,), (3,)), ((1,), (2,)))": 0.04160700132527166,
    "(((1,), (3,)), ((1,), (3,)))": -0.05922773744696697,
    "(((1,), (3,)), ((2,), (0,)))": -4.826899879520965e-18,
    "(((1,), (3,)), ((2,), (1,)))": -2.492759264652718e-18,
    "(((1,), (3,)), ((2,), (2,)))": 0.014589657969478984,
    "(((1,), (3,)), ((2,), (3,)))": -0.015897917195160868,
    "(((2,), (0,)), ((0,), (0,)))": -0.0016147371622638818,
    "(((2,), (0,)), ((0,), (1,)))": 2.4183568397532065e-19,
    "(((2,), (0,)), ((0,), (2,)))": 2.4523557525200406e-19,
    "(((2,), (0,)), ((0,), (3,)))": 1.3733776188774547e-20,
    "(((2,), (0,)), ((1,), (0,)))": 0.0245957976200719,
    "(((2,), (0,)), ((1,), (1,)))": -5.1855899937425595e-18,
    "(((2,), (0,)), ((1,), (2,)))": 1.0694350118108656e-17,
    "(((2,), (0,)), ((1,), (3,)))": -4.8268998795209526e-18,
    "(((2,), (0,)), ((2,), (0,)))": -0.01079632262567981,
    "(((2,), (0,)), ((2,), (1,)))": 2.1670608352937335e-18,
    "(((2,), (0,)), ((2,), (2,)))": -3.7082245911028705e-17,
    "(((2,), (0,)), ((2,), (3,)))": -1.315883497174696e-17,
    "(((2,), (1,)), ((0,), (0,)))": 4.725612359290733e-19,
    "(((2,), (1,)), ((0,), (1,)))": -0.0016147371622638814,