{
  "E": -15.478254280208077,
  "sol": {
    "(((), ()), ((), ()))": 0.9572750350809738,
    "(((0,), (0,)), ((), ()))": 2.2691012849146017e-19,
    "(((), ()), ((0,), (0,)))": 2.2691012849146017e-19,
    "(((0,), (1,)), ((), ()))": 4.066697911468805e-20,
    "(((), ()), ((0,), (1,)))": 4.066697911468805e-20,
    "(((0,), (2,)), ((), ()))": 0.0003129155544400148,
    "(((), ()), ((0,), (2,)))": 0.0003129155544400148,
    "(((0,), (3,)), ((), ()))": 5.14055357808189e-18,
    "(((), ()), ((0,), (3,)))": 5.14055357808189e-18,
    "(((1,), (0,)), ((), ()))": 3.879388420572044e-17,
    "(((), ()), ((1,), (0,)))": 3.879388420572044e-17,
    "(((1,), (1,)), ((), ()))": -6.869091488528156e-17,
    "(((), ()), ((1,), (1,)))": -6.869091488528156e-17,
    "(((1,), (2,)), ((), ()))": -0.018772176816349562,
    "(((), ()), ((1,), (2,)))": -0.018772176816349562,
    "(((1,), (3,)), ((), ()))": -1.8468728457606925e-16,
    "(((), ()), ((1,), (3,)))": -1.8468728457606925e-16,
    "(((2,), (0,)), ((), ()))": 2.718726120004914e-17,
    "(((), ()), ((2,), (0,)))": 2.718726120004914e-17,
    "(((2,), (1,)), ((), ()))": -1.2825966108928494e-17,
    "(((), ()), ((2,), (1,)))": -1.2825966108928494e-17,
    "(((2,), (2,)), ((), ()))": 4.9093257461142295e-17,
    "(((), ()), ((2,), (2,)))": 4.9093257461142295e-17,
    "(((2,), (3,)), ((), ()))": -0.005042937380712344,
    "(((), ()), ((2,), (3,)))": -0.005042937380712344,
    "(((0,), (0,)), ((0,), (0,)))": -0.0014543900332279801,
    "(((0,), (0,)), ((0,), (1,)))": 8.763965376755583e-20,
    "(((0,), (0,)), ((0,), (2,)))": 1.1253146101496236e-19,
    "(((0,), (0,)), ((0,), (3,)))": 1.4488638182011222e-20,
    "(((0,), (0,)), ((1,), (0,)))": 0.0029720963472172025,
    "(((0,), (0,)), ((1,), (1,)))": -1.4166032190550466e-19,
    "(((0,), (0,)), ((1,), (2,)))": 4.7219448924236414e-18,
    "(((0,), (0,)), ((1,), (3,)))": 2.6955110739158028e-20,
    "(((0,), (0,)), ((2,), (0,)))": 1.3793391707328269e-17,
    "(((0,), (0,)), ((2,), (1,)))": 1.6068003259546505e-20,
    "(((0,), (0,)), ((2,), (2,)))": -4.1639214543749436e-19,
    "(((0,), (0,)), ((2,), (3,)))": -1.414381574247329e-18,
    "(((0,), (1,)), ((0,), (0,)))": 4.488539265976772e-20,
    "(((0,), (1,)), ((0,), (1,)))": -0.0014543900332279801,
    "(((0,), (1,)), ((0,), (2,)))": -5.150605549160982e-19,
    "(((0,), (1,)), ((0,), (3,)))": 1.2481418660606607e-19,
    "(((0,), (1,)), ((1,), (0,)))": -1.1479340569887603e-19,
    "(((0,), (1,)), ((1,), (1,)))": 0.0029720963472172025,
    "(((0,), (1,)), ((1,), (2,)))": -5.301010187029914e-18,
    "(((0,), (1,)), ((1,), (3,)))": -2.857169288866139e-19,
    "(((0,), (1,)), ((2,), (0,)))": -1.410586227389589e-20,
    "(((0,), (1,)), ((2,), (1,)))": 1.3793375767766393e-17,
    "(((0,), (1,)), ((2,), (2,)))": 6.219193906521553e-20,
    "(((0,), (1,)), ((2,), (3,)))": 5.085267960724036e-19,
    "(((0,), (2,)), ((0,), (0,)))": 1.1253146101496188e-19,
    "(((0,), (2,)), ((0,), (1,)))": -5.150605549161e-19,
    "(((0,), (2,)), ((0,), (2,)))": -0.0018698587139798692,
    "(((0,), (2,)), ((0,), (3,)))": 1.172814615668211e-18,
    "(((0,), (2,)), ((1,), (0,)))": 3.96734568927759e-18,
    "(((0,), (2,)), ((1,), (1,)))": -5.251195333197387e-18,
    "(((0,), (2,)), ((1,), (2,)))": -0.0010221087502125118,
    "(((0,), (2,)), ((1,), (3,)))": -6.989123468903414e-18,
    "(((0,), (2,)), ((2,), (0,)))": 1.1989064643656083e-19,
    "(((0,), (2,)), ((2,), (1,)))": -1.8899677649384863e-20,
    "(((0,), (2,)), ((2,), (2,)))": -2.319625617735533e-18,
    "(((0,), (2,)), ((2,), (3,)))": 0.0003547649483638753,
    "(((0,), (3,)), ((0,), (0,)))": 1.448863818201136e-20,
    "(((0,), (3,)), ((0,), (1,)))": 1.248141866060663e-19,
    "(((0,), (3,)), ((0,), (2,)))": 1.0477120947058102e-18,
    "(((0,), (3,)), ((0,), (3,)))": -0.0012273707514367867,
    "(((0,), (3,)), ((1,), (0,)))": -4.2828373217656e-20,
    "(((0,), (3,)), ((1,), (1,)))": -2.6365024087264765e-19,
    "(((0,), (3,)), ((1,), (2,)))": -4.462383963167962e-18,
    "(((0,), (3,)), ((1,), (3,)))": 0.0017487796362326254,
    "(((0,), (3,)), ((2,), (0,)))": -2.912301317343451e-19,
    "(((0,), (3,)), ((2,), (1,)))": -1.5041542203485155e-19,
    "(((0,), (3,)), ((2,), (2,)))": -0.0001332308103506911,
    "(((0,), (3,)), ((2,), (3,)))": 1.0516344795893372e-17,
    "(((1,), (0,)), ((0,), (0,)))": 0.0029720963472172025,
    "(((1,), (0,)), ((0,), (1,)))": -9.1005466540239e-19,
    "(((1,), (0,)), ((0,), (2,)))": 3.967345689277591e-18,
    "(((1,), (0,)), ((0,), (3,)))": -4.282837321765572e-20,
    "(((1,), (0,)), ((1,), (0,)))": -0.05311859087250474,
    "(((1,), (0,)), ((1,), (1,)))": 8.390277441418605e-18,
    "(((1,), (0,)), ((1,), (2,)))": 5.522556648228437e-18,
    "(((1,), (0,)), ((1,), (3,)))": -6.4711684920706736e-18,
    "(((1,), (0,)), ((2,), (0,)))": -2.7689821318103925e-16,
    "(((1,), (0,)), ((2,), (1,)))": 2.1106382152064332e-20,
    "(((1,), (0,)), ((2,), (2,)))": 1.8877560086848107e-17,
    "(((1,), (0,)), ((2,), (3,)))": -6.405644912411932e-17,
    "(((1,), (1,)), ((0,), (0,)))": 5.480229031146966e-19,
    "(((1,), (1,)), ((0,), (1,)))": 0.0029720963472172025,
    "(((1,), (1,)), ((0,), (2,)))": -5.251195333197389e-18,
    "(((1,), (1,)), ((0,), (3,)))": -2.6365024087264784e-19,
    "(((1,), (1,)), ((1,), (0,)))": 1.0709832742889294e-17,
    "(((1,), (1,)), ((1,), (1,)))": -0.05311859087250473,
    "(((1,), (1,)), ((1,), (2,)))": -4.958298898799962e-17,
    "(((1,), (1,)), ((1,), (3,)))": 5.09684804351972e-18,
    "(((1,), (1,)), ((2,), (0,)))": -1.2524361236556763e-19,
    "(((1,), (1,)), ((2,), (1,)))": -2.7689918071676885e-16,
    "(((1,), (1,)), ((2,), (2,)))": -5.832746562344605e-19,
    "(((1,), (1,)), ((2,), (3,)))": 1.2377140009291488e-16,
    "(((1,), (2,)), ((0,), (0,)))": 4.721944892423635e-18,
    "(((1,), (2,)), ((0,), (1,)))": -5.30101018702991e-18,
    "(((1,), (2,)), ((0,), (2,)))": -0.001022108750212511,
    "(((1,), (2,)), ((0,), (3,)))": -3.7629849254477275e-18,
    "(((1,), (2,)), ((1,), (0,)))": 5.522556648228433e-18,
    "(((1,), (2,)), ((1,), (1,)))": -4.958298898799963e-17,
    "(((1,), (2,)), ((1,), (2,)))": -0.09688312920816641,
    "(((1,), (2,)), ((1,), (3,)))": -9.085455247067149e-16,
    "(((1,), (2,)), ((2,), (0,)))": 2.2045998520234242e-17,
    "(((1,), (2,)), ((2,), (1,)))": -8.857949008526458e-19,
    "(((1,), (2,)), ((2,), (2,)))": 1.1823214497117698e-16,
    "(((1,), (2,)), ((2,), (3,)))": 0.09733868743828025,
    "(((1,), (3,)), ((0,), (0,)))": 2.6955110739157583e-20,
    "(((1,), (3,)), ((0,), (1,)))": -2.857169288866135e-19,
    "(((1,), (3,)), ((0,), (2,)))": -7.700493069649456e-18,
    "(((1,), (3,)), ((0,), (3,)))": 0.0017487796362326254,
    "(((1,), (3,)), ((1,), (0,)))": -6.471168492070662e-18,
    "(((1,), (3,)), ((1,), (1,)))": 5.0968480435197214e-18,
    "(((1,), (3,)), ((1,), (2,)))": -8.96809977200871e-16,
    "(((1,), (3,)), ((1,), (3,)))": -0.05558740059085375,
    "(((1,), (3,)), ((2,), (0,)))": -5.4100827920383513e-17,
    "(((1,), (3,)), ((2,), (1,)))": 1.008809983071993e-16,
    "(((1,), (3,)), ((2,), (2,)))": 0.07995238471221991,
    "(((1,), (3,)), ((2,), (3,)))": 8.519443673884401e-17,
    "(((2,), (0,)), ((0,), (0,)))": 1.375372798813864e-17,
    "(((2,), (0,)), ((0,), (1,)))": 3.2333566890788735e-20,
    "(((2,), (0,)), ((0,), (2,)))": 1.1989064643656054e-19,
    "(((2,), (0,)), ((0,), (3,)))": -2.9123013173434586e-19,
    "(((2,), (0,)), ((1,), (0,)))": -2.7671366512993796e-16,
    "(((2,), (0,)), ((1,), (1,)))": -3.4486997920595195e-20,
    "(((2,), (0,)), ((1,), (2,)))": 2.2045998520234254e-17,
    "(((2,), (0,)), ((1,), (3,)))": -5.410082792038353e-17,
    "(((2,), (0,)), ((2,), (0,)))": 0.00916764709842252,
    "(((2,), (0,)), ((2,), (1,)))": -4.167882171765247e-18,
    "(((2,), (0,)), ((2,), (2,)))": 1.3421110498545381e-16,
    "(((2,), (0,)), ((2,), (3,)))": -2.0193071783993804e-17,
    "(((2,), (1,)), ((0,), (0,)))": -3.6197698448063147e-20,
    "(((2,), (1,)), ((0,), (1,)))": 1.3753712048576763e-17,