{
  "E": -147.70352126328967,
  "sol": {
    "(((), ()), ((), ()))": 0.9283420653665255,
    "(((0,), (0,)), ((), ()))": -1.0473531192614093e-18,
    "(((), ()), ((0,), (0,)))": -1.0473531192614093e-18,
    "(((0,), (1,)), ((), ()))": 3.085607306546538e-05,
    "(((), ()), ((0,), (1,)))": 3.085607306546538e-05,
    "(((1,), (0,)), ((), ()))": 4.4581368839021895e-17,
    "(((), ()), ((1,), (0,)))": 4.4581368839021895e-17,
    "(((1,), (1,)), ((), ()))": 7.952882757449865e-16,
    "(((), ()), ((1,), (1,)))": 7.952882757449865e-16,
    "(((2,), (0,)), ((), ()))": 7.742324941574642e-18,
    "(((), ()), ((2,), (0,)))": 7.742324941574642e-18,
    "(((2,), (1,)), ((), ()))": 9.736582855349104e-16,
    "(((), ()), ((2,), (1,)))": 9.736582855349104e-16,
    "(((3,), (0,)), ((), ()))": 2.826564641071914e-17,
    "(((), ()), ((3,), (0,)))": 2.826564641071914e-17,
    "(((3,), (1,)), ((), ()))": -0.014087267413289648,
    "(((), ()), ((3,), (1,)))": -0.014087267413289648,
    "(((4,), (0,)), ((), ()))": -8.5051027317839e-16,
    "(((), ()), ((4,), (0,)))": -8.5051027317839e-16,
    "(((4,), (1,)), ((), ()))": 3.02857126733697e-17,
    "(((), ()), ((4,), (1,)))": 3.02857126733697e-17,
    "(((5,), (0,)), ((), ()))": -4.183420216450031e-16,
    "(((), ()), ((5,), (0,)))": -4.183420216450031e-16,
    "(((5,), (1,)), ((), ()))": 5.735921819526737e-15,
    "(((), ()), ((5,), (1,)))": 5.735921819526737e-15,
    "(((6,), (0,)), ((), ()))": -2.9412029472138526e-14,
    "(((), ()), ((6,), (0,)))": -2.9412029472138526e-14,
    "(((6,), (1,)), ((), ()))": 4.747484340104713e-17,
    "(((), ()), ((6,), (1,)))": 4.747484340104713e-17,
    "(((7,), (0,)), ((), ()))": 1.1639332700596729e-14,
    "(((), ()), ((7,), (0,)))": 1.1639332700596729e-14,
    "(((7,), (1,)), ((), ()))": 2.514790686008023e-17,
    "(((), ()), ((7,), (1,)))": 2.514790686008023e-17,
    "(((0,), (0,)), ((0,), (0,)))": -0.0001625962094240676,
    "(((0,), (0,)), ((0,), (1,)))": 4.988102187189467e-20,
    "(((0,), (0,)), ((1,), (0,)))": -2.6148400417826936e-16,
    "(((0,), (0,)), ((1,), (1,)))": -1.0619717057005318e-20,
    "(((0,), (0,)), ((2,), (0,)))": -1.1452891425596602e-14,
    "(((0,), (0,)), ((2,), (1,)))": 1.4072181693840628e-21,
    "(((0,), (0,)), ((3,), (0,)))": -0.0005403084002137159,
    "(((0,), (0,)), ((3,), (1,)))": 2.789777359654521e-19,
    "(((0,), (0,)), ((4,), (0,)))": -1.278455177101788e-19,
    "(((0,), (0,)), ((4,), (1,)))": 4.06335945481119e-19,
    "(((0,), (0,)), ((5,), (0,)))": 3.733849829799923e-15,
    "(((0,), (0,)), ((5,), (1,)))": -2.9841275108121536e-19,
    "(((0,), (0,)), ((6,), (0,)))": 7.741162019643885e-19,
    "(((0,), (0,)), ((6,), (1,)))": 1.0679964332627524e-14,
    "(((0,), (0,)), ((7,), (0,)))": -6.517327255634275e-20,
    "(((0,), (0,)), ((7,), (1,)))": -8.235819267488022e-20,
    "(((0,), (1,)), ((0,), (0,)))": 4.988102187189478e-20,
    "(((0,), (1,)), ((0,), (1,)))": -0.00045443527361848713,
    "(((0,), (1,)), ((1,), (0,)))": 1.0424334981769491e-20,
    "(((0,), (1,)), ((1,), (1,)))": -4.024996809440543e-16,
    "(((0,), (1,)), ((2,), (0,)))": -9.232453865726622e-20,
    "(((0,), (1,)), ((2,), (1,)))": -1.6212706606863872e-14,
    "(((0,), (1,)), ((3,), (0,)))": 2.807499447615167e-19,
    "(((0,), (1,)), ((3,), (1,)))": -0.0007239449337161001,
    "(((0,), (1,)), ((4,), (0,)))": -9.555159778050254e-20,
    "(((0,), (1,)), ((4,), (1,)))": 6.921330872437924e-20,
    "(((0,), (1,)), ((5,), (0,)))": -1.5382723220938371e-19,
    "(((0,), (1,)), ((5,), (1,)))": 3.912583510289904e-15,
    "(((0,), (1,)), ((6,), (0,)))": -1.4268945333961746e-15,
    "(((0,), (1,)), ((6,), (1,)))": -1.0282269022703333e-19,
    "(((0,), (1,)), ((7,), (0,)))": -4.1337578533977962e-19,
    "(((0,), (1,)), ((7,), (1,)))": -9.618457659807455e-21,
    "(((1,), (0,)), ((0,), (0,)))": -2.614795168776657e-16,
    "(((1,), (0,)), ((0,), (1,)))": 1.0424334981769419e-20,
    "(((1,), (0,)), ((1,), (0,)))": -0.00015381951593352602,
    "(((1,), (0,)), ((1,), (1,)))": 4.2449731018011973e-20,
    "(((1,), (0,)), ((2,), (0,)))": 0.00040377840206424484,
    "(((1,), (0,)), ((2,), (1,)))": -2.274168772344216e-19,
    "(((1,), (0,)), ((3,), (0,)))": -1.5378148671950645e-14,
    "(((1,), (0,)), ((3,), (1,)))": -6.574122272309599e-19,
    "(((1,), (0,)), ((4,), (0,)))": 3.397203756581211e-20,
    "(((1,), (0,)), ((4,), (1,)))": -5.901796077820164e-19,
    "(((1,), (0,)), ((5,), (0,)))": -0.00013204670340719645,
    "(((1,), (0,)), ((5,), (1,)))": 2.9996208772624387e-18,
    "(((1,), (0,)), ((6,), (0,)))": -1.3542431659640777e-18,
    "(((1,), (0,)), ((6,), (1,)))": -0.00037596428362874165,
    "(((1,), (0,)), ((7,), (0,)))": 6.7014364957284995e-18,
    "(((1,), (0,)), ((7,), (1,)))": 2.549387312371763e-18,
    "(((1,), (1,)), ((0,), (0,)))": -1.0619717057005258e-20,
    "(((1,), (1,)), ((0,), (1,)))": -4.0252612552724274e-16,
    "(((1,), (1,)), ((1,), (0,)))": 4.2449731018011973e-20,
    "(((1,), (1,)), ((1,), (1,)))": -0.00044034896503928976,
    "(((1,), (1,)), ((2,), (0,)))": -1.969350180570198e-19,
    "(((1,), (1,)), ((2,), (1,)))": 0.0005703552382746969,
    "(((1,), (1,)), ((3,), (0,)))": -1.69397185913778e-19,
    "(((1,), (1,)), ((3,), (1,)))": -2.0572724513843133e-14,
    "(((1,), (1,)), ((4,), (0,)))": 5.15341774572647e-18,
    "(((1,), (1,)), ((4,), (1,)))": -7.010044914675675e-20,
    "(((1,), (1,)), ((5,), (0,)))": -4.126165806105983e-19,
    "(((1,), (1,)), ((5,), (1,)))": -0.0001381527034617922,
    "(((1,), (1,)), ((6,), (0,)))": 5.037868503906802e-05,
    "(((1,), (1,)), ((6,), (1,)))": -8.279429516345674e-19,
    "(((1,), (1,)), ((7,), (0,)))": -1.6430879131936888e-18,
    "(((1,), (1,)), ((7,), (1,)))": 1.695421669865969e-18,
    "(((2,), (0,)), ((0,), (0,)))": -1.14528704029241e-14,
    "(((2,), (0,)), ((0,), (1,)))": -9.232453865726622e-20,
    "(((2,), (0,)), ((1,), (0,)))": 0.00040377840206424484,
    "(((2,), (0,)), ((1,), (1,)))": -1.969350180570197e-19,
    "(((2,), (0,)), ((2,), (0,)))": -0.009707744548669005,
    "(((2,), (0,)), ((2,), (1,)))": 4.028272704111669e-18,
    "(((2,), (0,)), ((3,), (0,)))": 1.042540240740664e-15,
    "(((2,), (0,)), ((3,), (1,)))": -3.799601238237664e-18,
    "(((2,), (0,)), ((4,), (0,)))": -2.788804950995071e-19,
    "(((2,), (0,)), ((4,), (1,)))": 1.801197576089651e-17,
    "(((2,), (0,)), ((5,), (0,)))": 0.0040980348097978455,
    "(((2,), (0,)), ((5,), (1,)))": -1.8998946972611652e-16,
    "(((2,), (0,)), ((6,), (0,)))": 4.490390891456994e-17,
    "(((2,), (0,)), ((6,), (1,)))": 0.02408829683759833,
    "(((2,), (0,)), ((7,), (0,)))": 6.924820732403447e-18,
    "(((2,), (0,)), ((7,), (1,)))": -1.857939465363038e-16,
    "(((2,), (1,)), ((0,), (0,)))": 1.407218169384159e-21,
    "(((2,), (1,)), ((0,), (1,)))": -1.6212735639613143e-14,
    "(((2,), (1,)), ((1,), (0,)))": -2.2741687723442163e-19,
    "(((2,), (1,)), ((1,), (1,)))": 0.0005703552382746969,
    "(((2,), (1,)), ((2,), (0,)))": 4.0282727041116686e-18,
    "(((2,), (1,)), ((2,), (1,)))": -0.024466460445133925,
    "(((2,), (1,)), ((3,), (0,)))": -1.082751484787221e-17,
    "(((2,), (1,)), ((3,), (1,)))": 3.7727519904606045e-16,
    "(((2,), (1,)), ((4,), (0,)))": 3.51292705758784e-16,
    "(((2,), (1,)), ((4,), (1,)))": -1.32796639206459e-17,
    "(((2,), (1,)), ((5,), (0,)))": -2.366153565715235e-16,
    "(((2,), (1,)), ((5,), (1,)))": -0.026152368195101843,
    "(((2,), (1,)), ((6,), (0,)))": 0.029256962558599234,
    "(((2,), (1,)), ((6,), (1,)))": -1.95615324601534e-16,
    "(((2,), (1,)), ((7,), (0,)))": -2.8516186642635483e-16,
    "(((2,), (1,)), ((7,), (1,)))": 5.63549087420446e-17,
    "(((3,), (0,)), ((0,), (0,)))": -0.0005403084002137159,
    "(((3,), (0,)), ((0,), (1,)))": 2.8074994476151655e-19,
    "(((3,), (0,)), ((1,), (0,)))": -1.537818511364691e-14,
    "(((3,), (0,)), ((1,), (1,)))": -1.6939718591377782e-19,
    "(((3,), (0,)), ((2,), (0,)))": 1.0431099875087332e-15,
    "(((3,), (0,)), ((2,), (1,)))": -1.0827514847872212e-17,