{
  "E": -147.6057631138819,
  "sol": {
    "(((), ()), ((), ()))": -0.8136069220941627,
    "(((0,), (0,)), ((), ()))": -2.4569859564989993e-19,
    "(((), ()), ((0,), (0,)))": -2.4569859564989993e-19,
    "(((0,), (1,)), ((), ()))": -2.7603204090639645e-05,
    "(((), ()), ((0,), (1,)))": -2.7603204090639645e-05,
    "(((1,), (0,)), ((), ()))": -1.3440539606175156e-18,
    "(((), ()), ((1,), (0,)))": -1.3440539606175156e-18,
    "(((1,), (1,)), ((), ()))": -2.936471623192651e-14,
    "(((), ()), ((1,), (1,)))": -2.936471623192651e-14,
    "(((2,), (0,)), ((), ()))": 1.9431206251058952e-16,
    "(((), ()), ((2,), (0,)))": 1.9431206251058952e-16,
    "(((2,), (1,)), ((), ()))": 1.268766882281912e-12,
    "(((), ()), ((2,), (1,)))": 1.268766882281912e-12,
    "(((3,), (0,)), ((), ()))": -4.7495986943803644e-17,
    "(((), ()), ((3,), (0,)))": -4.7495986943803644e-17,
    "(((3,), (1,)), ((), ()))": 0.014578774715784643,
    "(((), ()), ((3,), (1,)))": 0.014578774715784643,
    "(((4,), (0,)), ((), ()))": -1.4070349369779144e-13,
    "(((), ()), ((4,), (0,)))": -1.4070349369779144e-13,
    "(((4,), (1,)), ((), ()))": 2.1320461740243212e-14,
    "(((), ()), ((4,), (1,)))": 2.1320461740243212e-14,
    "(((5,), (0,)), ((), ()))": -3.416785611235824e-15,
    "(((), ()), ((5,), (0,)))": -3.416785611235824e-15,
    "(((5,), (1,)), ((), ()))": -2.248386118984127e-11,
    "(((), ()), ((5,), (1,)))": -2.248386118984127e-11,
    "(((6,), (0,)), ((), ()))": -4.996725701035978e-14,
    "(((), ()), ((6,), (0,)))": -4.996725701035978e-14,
    "(((6,), (1,)), ((), ()))": 1.7874550570494338e-17,
    "(((), ()), ((6,), (1,)))": 1.7874550570494338e-17,
    "(((7,), (0,)), ((), ()))": 3.5074054270368684e-11,
    "(((), ()), ((7,), (0,)))": 3.5074054270368684e-11,
    "(((7,), (1,)), ((), ()))": 2.2668525808144694e-15,
    "(((), ()), ((7,), (1,)))": 2.2668525808144694e-15,
    "(((0,), (0,)), ((0,), (0,)))": 8.947269525426787e-05,
    "(((0,), (0,)), ((0,), (1,)))": -5.887631030237456e-20,
    "(((0,), (0,)), ((1,), (0,)))": -1.1416719731879833e-14,
    "(((0,), (0,)), ((1,), (1,)))": 9.69362819709946e-20,
    "(((0,), (0,)), ((2,), (0,)))": 5.298542340985649e-13,
    "(((0,), (0,)), ((2,), (1,)))": -4.739735195185777e-19,
    "(((0,), (0,)), ((3,), (0,)))": 0.00031441883819622587,
    "(((0,), (0,)), ((3,), (1,)))": -2.459015603400413e-19,
    "(((0,), (0,)), ((4,), (0,)))": -3.569496115088144e-18,
    "(((0,), (0,)), ((4,), (1,)))": 7.211819237381688e-18,
    "(((0,), (0,)), ((5,), (0,)))": 1.2556758716884004e-13,
    "(((0,), (0,)), ((5,), (1,)))": 1.3024706040504312e-18,
    "(((0,), (0,)), ((6,), (0,)))": 5.338536410326857e-20,
    "(((0,), (0,)), ((6,), (1,)))": 1.7306569968312405e-18,
    "(((0,), (0,)), ((7,), (0,)))": -3.477143564641894e-18,
    "(((0,), (0,)), ((7,), (1,)))": 5.500193058028632e-13,
    "(((0,), (1,)), ((0,), (0,)))": -5.887631030237456e-20,
    "(((0,), (1,)), ((0,), (1,)))": 0.00022655961160586893,
    "(((0,), (1,)), ((1,), (0,)))": 1.2200352582005639e-19,
    "(((0,), (1,)), ((1,), (1,)))": 2.696674916514357e-15,
    "(((0,), (1,)), ((2,), (0,)))": -4.933603839555711e-19,
    "(((0,), (1,)), ((2,), (1,)))": 1.0127600703444424e-12,
    "(((0,), (1,)), ((3,), (0,)))": -2.285597088569369e-19,
    "(((0,), (1,)), ((3,), (1,)))": 0.0005676902361525431,
    "(((0,), (1,)), ((4,), (0,)))": 7.12945766024066e-18,
    "(((0,), (1,)), ((4,), (1,)))": -5.585884960780256e-18,
    "(((0,), (1,)), ((5,), (0,)))": 8.739016055030543e-19,
    "(((0,), (1,)), ((5,), (1,)))": -8.920209668585507e-14,
    "(((0,), (1,)), ((6,), (0,)))": 2.9848063326675016e-18,
    "(((0,), (1,)), ((6,), (1,)))": 4.3949447557313914e-20,
    "(((0,), (1,)), ((7,), (0,)))": 1.2384898920225525e-13,
    "(((0,), (1,)), ((7,), (1,)))": -2.223252504876407e-19,
    "(((1,), (0,)), ((0,), (0,)))": -1.1416722280662549e-14,
    "(((1,), (0,)), ((0,), (1,)))": 1.2200352582005639e-19,
    "(((1,), (0,)), ((1,), (0,)))": 8.501173476371515e-05,
    "(((1,), (0,)), ((1,), (1,)))": -5.794758247498754e-20,
    "(((1,), (0,)), ((2,), (0,)))": -0.00023688581074848483,
    "(((1,), (0,)), ((2,), (1,)))": 1.7507990394005703e-20,
    "(((1,), (0,)), ((3,), (0,)))": 5.912447690900355e-13,
    "(((1,), (0,)), ((3,), (1,)))": 2.8533593196511155e-19,
    "(((1,), (0,)), ((4,), (0,)))": 3.7282901865770874e-21,
    "(((1,), (0,)), ((4,), (1,)))": -3.8178982614843865e-19,
    "(((1,), (0,)), ((5,), (0,)))": -5.496520319383333e-05,
    "(((1,), (0,)), ((5,), (1,)))": 1.540325905400724e-18,
    "(((1,), (0,)), ((6,), (0,)))": -9.659138734792432e-18,
    "(((1,), (0,)), ((6,), (1,)))": 6.596246111194111e-18,
    "(((1,), (0,)), ((7,), (0,)))": -2.9082346723182736e-18,
    "(((1,), (0,)), ((7,), (1,)))": -0.00027131905795107266,
    "(((1,), (1,)), ((0,), (0,)))": 9.69362819709946e-20,
    "(((1,), (1,)), ((0,), (1,)))": 2.696673022931138e-15,
    "(((1,), (1,)), ((1,), (0,)))": -5.794758247498748e-20,
    "(((1,), (1,)), ((1,), (1,)))": 0.0002198775969183994,
    "(((1,), (1,)), ((2,), (0,)))": 5.449376101212457e-20,
    "(((1,), (1,)), ((2,), (1,)))": -0.0004834363428399979,
    "(((1,), (1,)), ((3,), (0,)))": 3.3911657077501347e-19,
    "(((1,), (1,)), ((3,), (1,)))": 1.1270630543599696e-12,
    "(((1,), (1,)), ((4,), (0,)))": 2.5351591368884015e-17,
    "(((1,), (1,)), ((4,), (1,)))": 8.942208448515572e-21,
    "(((1,), (1,)), ((5,), (0,)))": 8.191685789604324e-19,
    "(((1,), (1,)), ((5,), (1,)))": 5.0017190237240734e-05,
    "(((1,), (1,)), ((6,), (0,)))": 9.816534456858043e-17,
    "(((1,), (1,)), ((6,), (1,)))": -2.3404687020442713e-17,
    "(((1,), (1,)), ((7,), (0,)))": -6.22334241272107e-05,
    "(((1,), (1,)), ((7,), (1,)))": -1.089291309117967e-19,
    "(((2,), (0,)), ((0,), (0,)))": 5.298542284498366e-13,
    "(((2,), (0,)), ((0,), (1,)))": -4.933603839555707e-19,
    "(((2,), (0,)), ((1,), (0,)))": -0.00023688581074848483,
    "(((2,), (0,)), ((1,), (1,)))": 5.44937610121244e-20,
    "(((2,), (0,)), ((2,), (0,)))": 0.00594662063950447,
    "(((2,), (0,)), ((2,), (1,)))": -1.5223569891778233e-17,
    "(((2,), (0,)), ((3,), (0,)))": 2.813599491560464e-12,
    "(((2,), (0,)), ((3,), (1,)))": 5.042688317387053e-18,
    "(((2,), (0,)), ((4,), (0,)))": -2.2688986938891363e-18,
    "(((2,), (0,)), ((4,), (1,)))": -1.8981127303892063e-17,
    "(((2,), (0,)), ((5,), (0,)))": 0.003648855774506697,
    "(((2,), (0,)), ((5,), (1,)))": -3.320021561814315e-17,
    "(((2,), (0,)), ((6,), (0,)))": 6.639730425117916e-16,
    "(((2,), (0,)), ((6,), (1,)))": -6.241002683374231e-16,
    "(((2,), (0,)), ((7,), (0,)))": -1.0173224657247142e-16,
    "(((2,), (0,)), ((7,), (1,)))": 0.02753581018321935,
    "(((2,), (1,)), ((0,), (0,)))": -4.739735195185775e-19,
    "(((2,), (1,)), ((0,), (1,)))": 1.0127600683612058e-12,
    "(((2,), (1,)), ((1,), (0,)))": 1.7507990394005414e-20,
    "(((2,), (1,)), ((1,), (1,)))": -0.00048343634283999794,
    "(((2,), (1,)), ((2,), (0,)))": -1.5223569891778233e-17,
    "(((2,), (1,)), ((2,), (1,)))": 0.018129552205079013,
    "(((2,), (1,)), ((3,), (0,)))": 1.8179263579539543e-17,
    "(((2,), (1,)), ((3,), (1,)))": 1.2068580759748096e-12,
    "(((2,), (1,)), ((4,), (0,)))": 1.723883744354259e-15,
    "(((2,), (1,)), ((4,), (1,)))": 9.812327026356977e-18,
    "(((2,), (1,)), ((5,), (0,)))": -4.273605967855476e-19,
    "(((2,), (1,)), ((5,), (1,)))": -0.02807761515689066,
    "(((2,), (1,)), ((6,), (0,)))": 5.818088450823971e-15,
    "(((2,), (1,)), ((6,), (1,)))": -1.7436437118797411e-15,
    "(((2,), (1,)), ((7,), (0,)))": 0.01592299659224531,
    "(((2,), (1,)), ((7,), (1,)))": -3.1952363592406126e-17,
    "(((3,), (0,)), ((0,), (0,)))": 0.00031441883819622587,
    "(((3,), (0,)), ((0,), (1,)))": -2.2855970885693685e-19,
    "(((3,), (0,)), ((1,), (0,)))": 5.912447741652521e-13,
    "(((3,), (0,)), ((1,), (1,)))": 3.3911657077501347e-19,
    "(((3,), (0,)), ((2,), (0,)))": 2.813599489449802e-12,
    "(((3,), (0,)), ((2,), (1,)))": 1.8179263579539543e-17,