{
  "reference_state_energy": -107.49597500915804,
  "SECS_eta": [
    [
      7.960063393340981e-08,
      9.498521182765692e-08,
      4.2892111003732616e-05,
      0.002578146272477663,
      0.005416603800377839,
      0.015724474718375125,
      0.0004892737383139705
    ],
    [
      7.960063393377201e-08,
      9.498521182725401e-08,
      4.2892111003721686e-05,
      0.0025781462724777694,
      0.01572447471837353,
      0.005416603800378083,
      0.0004892737383139738
    ],
    [
      9.180228857159791e-07,
      9.89087157617369e-07,
      0.0006095540877161113,
      0.00012195076592863537,
      7.540236307140735e-05,
      7.540236307141043e-05,
      0.0010675311070345334
    ]
  ],
  "SECS_energy": -107.5587767605632
}