{
  "E": -196.02194903272314,
  "sol": {
    "(((), ()), ((), ()))": 0.9188839105555392,
    "(((0,), (0,)), ((), ()))": 3.368517624408954e-05,
    "(((), ()), ((0,), (0,)))": 3.368517624408954e-05,
    "(((1,), (0,)), ((), ()))": 1.689306853174293e-16,
    "(((), ()), ((1,), (0,)))": 1.689306853174293e-16,
    "(((2,), (0,)), ((), ()))": -2.2396175516911134e-16,
    "(((), ()), ((2,), (0,)))": -2.2396175516911134e-16,
    "(((3,), (0,)), ((), ()))": -0.021387173106874338,
    "(((), ()), ((3,), (0,)))": -0.021387173106874338,
    "(((4,), (0,)), ((), ()))": 4.677655663067675e-16,
    "(((), ()), ((4,), (0,)))": 4.677655663067675e-16,
    "(((5,), (0,)), ((), ()))": -1.589357408259763e-16,
    "(((), ()), ((5,), (0,)))": -1.589357408259763e-16,
    "(((6,), (0,)), ((), ()))": 1.6239371570907786e-16,
    "(((), ()), ((6,), (0,)))": 1.6239371570907786e-16,
    "(((7,), (0,)), ((), ()))": 1.7614121576048431e-15,
    "(((), ()), ((7,), (0,)))": 1.7614121576048431e-15,
    "(((8,), (0,)), ((), ()))": -5.6419800572449e-16,
    "(((), ()), ((8,), (0,)))": -5.6419800572449e-16,
    "(((0,), (0,)), ((0,), (0,)))": -0.00015879524088578602,
    "(((0,), (0,)), ((1,), (0,)))": -3.1690862791791244e-17,
    "(((0,), (0,)), ((2,), (0,)))": -2.063938729470604e-15,
    "(((0,), (0,)), ((3,), (0,)))": -0.00044465389686936256,
    "(((0,), (0,)), ((4,), (0,)))": 8.001901131703577e-20,
    "(((0,), (0,)), ((5,), (0,)))": -5.256468479951556e-20,
    "(((0,), (0,)), ((6,), (0,)))": 4.0982586111512325e-20,
    "(((0,), (0,)), ((7,), (0,)))": 7.371317530963754e-20,
    "(((0,), (0,)), ((8,), (0,)))": -6.609677083226788e-16,
    "(((1,), (0,)), ((0,), (0,)))": -3.1702213595379415e-17,
    "(((1,), (0,)), ((1,), (0,)))": -0.00015319692058992124,
    "(((1,), (0,)), ((2,), (0,)))": 0.00036246284820728005,
    "(((1,), (0,)), ((3,), (0,)))": -2.5285491889624876e-15,
    "(((1,), (0,)), ((4,), (0,)))": 1.0146618416659695e-18,
    "(((1,), (0,)), ((5,), (0,)))": -2.490589362214328e-18,
    "(((1,), (0,)), ((6,), (0,)))": 2.448998140832775e-19,
    "(((1,), (0,)), ((7,), (0,)))": -1.871671569358827e-18,
    "(((1,), (0,)), ((8,), (0,)))": 0.00011392899824509044,
    "(((2,), (0,)), ((0,), (0,)))": -2.0639617722995353e-15,
    "(((2,), (0,)), ((1,), (0,)))": 0.00036246284820728016,
    "(((2,), (0,)), ((2,), (0,)))": -0.012471343184517522,
    "(((2,), (0,)), ((3,), (0,)))": -1.4381090799180374e-16,
    "(((2,), (0,)), ((4,), (0,)))": -1.9814333117133611e-16,
    "(((2,), (0,)), ((5,), (0,)))": 5.640161866370887e-16,
    "(((2,), (0,)), ((6,), (0,)))": 2.6860932557860104e-16,
    "(((2,), (0,)), ((7,), (0,)))": 1.0236436600843871e-15,
    "(((2,), (0,)), ((8,), (0,)))": -0.026583607112009012,
    "(((3,), (0,)), ((0,), (0,)))": -0.0004446538968693628,
    "(((3,), (0,)), ((1,), (0,)))": -2.5286130929699076e-15,
    "(((3,), (0,)), ((2,), (0,)))": -1.4715869324856293e-16,
    "(((3,), (0,)), ((3,), (0,)))": -0.02091631275126927,
    "(((3,), (0,)), ((4,), (0,)))": -5.738863576517443e-18,
    "(((3,), (0,)), ((5,), (0,)))": 4.004314860271585e-18,
    "(((3,), (0,)), ((6,), (0,)))": -3.230160147420509e-18,
    "(((3,), (0,)), ((7,), (0,)))": -3.494445066378209e-17,
    "(((3,), (0,)), ((8,), (0,)))": 1.0784356908501031e-15,
    "(((4,), (0,)), ((0,), (0,)))": 8.001901131703538e-20,
    "(((4,), (0,)), ((1,), (0,)))": 1.014661841665969e-18,
    "(((4,), (0,)), ((2,), (0,)))": -1.9814333117133611e-16,
    "(((4,), (0,)), ((3,), (0,)))": -5.738863576517446e-18,
    "(((4,), (0,)), ((4,), (0,)))": -0.0019553187631520183,
    "(((4,), (0,)), ((5,), (0,)))": 5.875082229469929e-17,
    "(((4,), (0,)), ((6,), (0,)))": 7.580176667602342e-17,
    "(((4,), (0,)), ((7,), (0,)))": -3.7599918582855633e-16,
    "(((4,), (0,)), ((8,), (0,)))": -2.7178036313710894e-15,
    "(((5,), (0,)), ((0,), (0,)))": -5.256468479951302e-20,
    "(((5,), (0,)), ((1,), (0,)))": -2.4905893622143243e-18,
    "(((5,), (0,)), ((2,), (0,)))": 5.640161866370886e-16,
    "(((5,), (0,)), ((3,), (0,)))": 4.0043148602716085e-18,
    "(((5,), (0,)), ((4,), (0,)))": 5.870510885802967e-17,
    "(((5,), (0,)), ((5,), (0,)))": -0.0019553187631518483,
    "(((5,), (0,)), ((6,), (0,)))": 3.5317446905468795e-17,
    "(((5,), (0,)), ((7,), (0,)))": 1.342086546345796e-15,
    "(((5,), (0,)), ((8,), (0,)))": 8.120700417289993e-15,
    "(((6,), (0,)), ((0,), (0,)))": 4.098258611151339e-20,
    "(((6,), (0,)), ((1,), (0,)))": 2.448998140832775e-19,
    "(((6,), (0,)), ((2,), (0,)))": 2.6860932557860104e-16,
    "(((6,), (0,)), ((3,), (0,)))": -3.2301601474205266e-18,
    "(((6,), (0,)), ((4,), (0,)))": 7.579973227228519e-17,
    "(((6,), (0,)), ((5,), (0,)))": 3.5255814849549465e-17,
    "(((6,), (0,)), ((6,), (0,)))": -0.029476478362807243,
    "(((6,), (0,)), ((7,), (0,)))": -4.6086108366941783e-17,
    "(((6,), (0,)), ((8,), (0,)))": 3.663158844589141e-15,
    "(((7,), (0,)), ((0,), (0,)))": 7.371317530964163e-20,
    "(((7,), (0,)), ((1,), (0,)))": -1.8716715693588293e-18,
    "(((7,), (0,)), ((2,), (0,)))": 1.0236436600843871e-15,
    "(((7,), (0,)), ((3,), (0,)))": -3.494445066378202e-17,
    "(((7,), (0,)), ((4,), (0,)))": -3.7595800296440583e-16,
    "(((7,), (0,)), ((5,), (0,)))": 1.3420853299402074e-15,
    "(((7,), (0,)), ((6,), (0,)))": -4.6085098663147716e-17,
    "(((7,), (0,)), ((7,), (0,)))": -0.029476478362806632,
    "(((7,), (0,)), ((8,), (0,)))": 1.3893638395509333e-14,
    "(((8,), (0,)), ((0,), (0,)))": -6.610482638800016e-16,
    "(((8,), (0,)), ((1,), (0,)))": 0.00011392899824509052,
    "(((8,), (0,)), ((2,), (0,)))": -0.02658360711200901,
    "(((8,), (0,)), ((3,), (0,)))": 1.0797395650999695e-15,
    "(((8,), (0,)), ((4,), (0,)))": -2.7178036313710894e-15,
    "(((8,), (0,)), ((5,), (0,)))": 8.120700417289993e-15,
    "(((8,), (0,)), ((6,), (0,)))": 3.663158844589141e-15,
    "(((8,), (0,)), ((7,), (0,)))": 1.3893638395509333e-14,
    "(((8,), (0,)), ((8,), (0,)))": -0.3885679174838294
  }
}