{
  "E": -73.95651810779263,
  "sol": {
    "(((), ()), ((), ()))": 0.9975380046827587,
    "(((0,), (0,)), ((), ()))": 1.9610910265404516e-05,
    "(((), ()), ((0,), (0,)))": 1.9610910265404516e-05,
    "(((0,), (1,)), ((), ()))": -6.149378369056817e-17,
    "(((), ()), ((0,), (1,)))": -6.149378369056817e-17,
    "(((1,), (0,)), ((), ()))": 0.001948212817445183,
    "(((), ()), ((1,), (0,)))": 0.001948212817445183,
    "(((1,), (1,)), ((), ()))": -4.246015617701513e-16,
    "(((), ()), ((1,), (1,)))": -4.246015617701513e-16,
    "(((2,), (0,)), ((), ()))": 3.707092645069522e-17,
    "(((), ()), ((2,), (0,)))": 3.707092645069522e-17,
    "(((2,), (1,)), ((), ()))": -0.0018156134624884332,
    "(((), ()), ((2,), (1,)))": -0.0018156134624884332,
    "(((3,), (0,)), ((), ()))": 0.0012695682538151037,
    "(((), ()), ((3,), (0,)))": 0.0012695682538151037,
    "(((3,), (1,)), ((), ()))": 6.790742142414003e-16,
    "(((), ()), ((3,), (1,)))": 6.790742142414003e-16,
    "(((4,), (0,)), ((), ()))": 2.2908433198380175e-17,
    "(((), ()), ((4,), (0,)))": 2.2908433198380175e-17,
    "(((4,), (1,)), ((), ()))": 4.044184414553694e-17,
    "(((), ()), ((4,), (1,)))": 4.044184414553694e-17,
    "(((0,), (0,)), ((0,), (0,)))": -0.0008680114097323463,
    "(((0,), (0,)), ((0,), (1,)))": 1.3851403283199714e-18,
    "(((0,), (0,)), ((1,), (0,)))": -4.586277057666302e-05,
    "(((0,), (0,)), ((1,), (1,)))": 3.1248876396900533e-18,
    "(((0,), (0,)), ((2,), (0,)))": -1.1133604436861462e-18,
    "(((0,), (0,)), ((2,), (1,)))": 0.00047782310134487254,
    "(((0,), (0,)), ((3,), (0,)))": 0.00021762252578451228,
    "(((0,), (0,)), ((3,), (1,)))": -6.0421147058851784e-18,
    "(((0,), (0,)), ((4,), (0,)))": 1.8583068062624335e-18,
    "(((0,), (0,)), ((4,), (1,)))": 5.704710667896882e-19,
    "(((0,), (1,)), ((0,), (0,)))": 3.227577035326934e-18,
    "(((0,), (1,)), ((0,), (1,)))": -0.0006194688924466426,
    "(((0,), (1,)), ((1,), (0,)))": 4.891394653616923e-18,
    "(((0,), (1,)), ((1,), (1,)))": 0.0005182869672122035,
    "(((0,), (1,)), ((2,), (0,)))": -0.00026594368193613054,
    "(((0,), (1,)), ((2,), (1,)))": 6.131609307306645e-18,
    "(((0,), (1,)), ((3,), (0,)))": -5.797076096360029e-18,
    "(((0,), (1,)), ((3,), (1,)))": -0.0007819935315995538,
    "(((0,), (1,)), ((4,), (0,)))": -6.716931636225688e-19,
    "(((0,), (1,)), ((4,), (1,)))": -6.222141579978501e-18,
    "(((1,), (0,)), ((0,), (0,)))": -4.5862770576662174e-05,
    "(((1,), (0,)), ((0,), (1,)))": -1.6962004623827256e-18,
    "(((1,), (0,)), ((1,), (0,)))": -0.02305015342011548,
    "(((1,), (0,)), ((1,), (1,)))": 4.03029977505677e-17,
    "(((1,), (0,)), ((2,), (0,)))": 2.025909489782471e-16,
    "(((1,), (0,)), ((2,), (1,)))": 0.019245461914072275,
    "(((1,), (0,)), ((3,), (0,)))": -0.01153602524074793,
    "(((1,), (0,)), ((3,), (1,)))": 1.0507167870500748e-16,
    "(((1,), (0,)), ((4,), (0,)))": -9.149867749129653e-17,
    "(((1,), (0,)), ((4,), (1,)))": 3.6453945381783704e-17,
    "(((1,), (1,)), ((0,), (0,)))": 1.0017543659383151e-17,
    "(((1,), (1,)), ((0,), (1,)))": 0.0005182869672122036,
    "(((1,), (1,)), ((1,), (0,)))": 8.115856243771847e-17,
    "(((1,), (1,)), ((1,), (1,)))": -0.008768486488034234,
    "(((1,), (1,)), ((2,), (0,)))": 0.010960560211411329,
    "(((1,), (1,)), ((2,), (1,)))": -5.335316758931494e-17,
    "(((1,), (1,)), ((3,), (0,)))": 6.529671953966254e-17,
    "(((1,), (1,)), ((3,), (1,)))": 0.002349763361225209,
    "(((1,), (1,)), ((4,), (0,)))": 1.396697218167769e-17,
    "(((1,), (1,)), ((4,), (1,)))": 1.850122708623009e-17,
    "(((2,), (0,)), ((0,), (0,)))": 8.558867522792183e-19,
    "(((2,), (0,)), ((0,), (1,)))": -0.00026594368193612924,
    "(((2,), (0,)), ((1,), (0,)))": 2.1428157960656917e-16,
    "(((2,), (0,)), ((1,), (1,)))": 0.0109605602114114,
    "(((2,), (0,)), ((2,), (0,)))": -0.0157695174998838,
    "(((2,), (0,)), ((2,), (1,)))": -2.051811884054368e-16,
    "(((2,), (0,)), ((3,), (0,)))": 7.203989385758314e-17,
    "(((2,), (0,)), ((3,), (1,)))": 0.005915330785061497,
    "(((2,), (0,)), ((4,), (0,)))": 7.610664669189761e-18,
    "(((2,), (0,)), ((4,), (1,)))": 4.9626165747628383e-17,
    "(((2,), (1,)), ((0,), (0,)))": 0.0004778231013448694,
    "(((2,), (1,)), ((0,), (1,)))": 8.121522845166933e-18,
    "(((2,), (1,)), ((1,), (0,)))": 0.01924546191407227,
    "(((2,), (1,)), ((1,), (1,)))": -5.914821438926912e-17,
    "(((2,), (1,)), ((2,), (0,)))": -3.0811237063987423e-16,
    "(((2,), (1,)), ((2,), (1,)))": -0.039133570010521236,
    "(((2,), (1,)), ((3,), (0,)))": 0.005966664456784154,
    "(((2,), (1,)), ((3,), (1,)))": 6.17352465324285e-17,
    "(((2,), (1,)), ((4,), (0,)))": 4.9110639629250973e-17,
    "(((2,), (1,)), ((4,), (1,)))": -5.212257672207599e-17,
    "(((3,), (0,)), ((0,), (0,)))": 0.0002176225257845124,
    "(((3,), (0,)), ((0,), (1,)))": 4.2896558150499845e-19,
    "(((3,), (0,)), ((1,), (0,)))": -0.011536025240747972,
    "(((3,), (0,)), ((1,), (1,)))": 8.986231504719204e-17,
    "(((3,), (0,)), ((2,), (0,)))": 6.304092029862365e-17,
    "(((3,), (0,)), ((2,), (1,)))": 0.0059666644567841366,
    "(((3,), (0,)), ((3,), (0,)))": -0.007396029706703664,
    "(((3,), (0,)), ((3,), (1,)))": -1.8677009540124992e-16,
    "(((3,), (0,)), ((4,), (0,)))": 1.0829473772443994e-16,
    "(((3,), (0,)), ((4,), (1,)))": 9.585970446045594e-18,
    "(((3,), (1,)), ((0,), (0,)))": -1.2397252695268139e-17,
    "(((3,), (1,)), ((0,), (1,)))": -0.0007819935315995541,
    "(((3,), (1,)), ((1,), (0,)))": 6.533232086809333e-17,
    "(((3,), (1,)), ((1,), (1,)))": 0.0023497633612251925,
    "(((3,), (1,)), ((2,), (0,)))": 0.005915330785061554,
    "(((3,), (1,)), ((2,), (1,)))": 6.070795724477259e-17,
    "(((3,), (1,)), ((3,), (0,)))": -1.0225560834275783e-16,
    "(((3,), (1,)), ((3,), (1,)))": -0.021592079423791606,
    "(((3,), (1,)), ((4,), (0,)))": -1.5145639704397674e-18,
    "(((3,), (1,)), ((4,), (1,)))": -1.2940219958122682e-16,
    "(((4,), (0,)), ((0,), (0,)))": 1.8583068062624235e-18,
    "(((4,), (0,)), ((0,), (1,)))": -6.7169316362251065e-19,
    "(((4,), (0,)), ((1,), (0,)))": -9.149867749129693e-17,
    "(((4,), (0,)), ((1,), (1,)))": 1.39669721816779e-17,
    "(((4,), (0,)), ((2,), (0,)))": 7.610664669189693e-18,
    "(((4,), (0,)), ((2,), (1,)))": 4.911063962925093e-17,
    "(((4,), (0,)), ((3,), (0,)))": 1.0829473772443994e-16,
    "(((4,), (0,)), ((3,), (1,)))": -1.5145639704406934e-18,
    "(((4,), (0,)), ((4,), (0,)))": -0.020488804571896425,
    "(((4,), (0,)), ((4,), (1,)))": 8.42286010814369e-17,
    "(((4,), (1,)), ((0,), (0,)))": 5.704710667896324e-19,
    "(((4,), (1,)), ((0,), (1,)))": -6.222141579978501e-18,
    "(((4,), (1,)), ((1,), (0,)))": 3.645394538178341e-17,
    "(((4,), (1,)), ((1,), (1,)))": 1.8501227086230002e-17,
    "(((4,), (1,)), ((2,), (0,)))": 4.962616574762878e-17,
    "(((4,), (1,)), ((2,), (1,)))": -5.212257672207604e-17,
    "(((4,), (1,)), ((3,), (0,)))": 9.5859704460465e-18,
    "(((4,), (1,)), ((3,), (1,)))": -1.2940219958122682e-16,
    "(((4,), (1,)), ((4,), (0,)))": 6.409578546239441e-17,
    "(((4,), (1,)), ((4,), (1,)))": -0.005484983172345215
  }
}