{
  "E": -74.46906427043976,
  "sol": {
    "(((), ()), ((), ()))": 0.9926967087703751,
    "(((0,), (0,)), ((), ()))": 1.2560675747746703e-05,
    "(((), ()), ((0,), (0,)))": 1.2560675747746703e-05,
    "(((0,), (1,)), ((), ()))": -8.155043401651587e-06,
    "(((), ()), ((0,), (1,)))": -8.155043401651587e-06,
    "(((1,), (0,)), ((), ()))": -0.0009468174164708722,
    "(((), ()), ((1,), (0,)))": -0.0009468174164708722,
    "(((1,), (1,)), ((), ()))": -0.0011783047802620117,
    "(((), ()), ((1,), (1,)))": -0.0011783047802620117,
    "(((2,), (0,)), ((), ()))": 0.004554182860323642,
    "(((), ()), ((2,), (0,)))": 0.004554182860323642,
    "(((2,), (1,)), ((), ()))": -0.001302662213406207,
    "(((), ()), ((2,), (1,)))": -0.001302662213406207,
    "(((3,), (0,)), ((), ()))": -0.007195858973055215,
    "(((), ()), ((3,), (0,)))": -0.007195858973055215,
    "(((3,), (1,)), ((), ()))": -0.0008943809521075913,
    "(((), ()), ((3,), (1,)))": -0.0008943809521075913,
    "(((4,), (0,)), ((), ()))": 7.453201789407155e-18,
    "(((), ()), ((4,), (0,)))": 7.453201789407155e-18,
    "(((4,), (1,)), ((), ()))": -2.1601078269148444e-18,
    "(((), ()), ((4,), (1,)))": -2.1601078269148444e-18,
    "(((0,), (0,)), ((0,), (0,)))": -0.0005760743332751485,
    "(((0,), (0,)), ((0,), (1,)))": -0.0001618180691705194,
    "(((0,), (0,)), ((1,), (0,)))": 0.00035038173638386684,
    "(((0,), (0,)), ((1,), (1,)))": -0.0003026692882923221,
    "(((0,), (0,)), ((2,), (0,)))": -7.669865849853546e-05,
    "(((0,), (0,)), ((2,), (1,)))": -0.0002706938744021683,
    "(((0,), (0,)), ((3,), (0,)))": -6.763651943050296e-05,
    "(((0,), (0,)), ((3,), (1,)))": 0.0004309138367039775,
    "(((0,), (0,)), ((4,), (0,)))": -2.4238280576285224e-20,
    "(((0,), (0,)), ((4,), (1,)))": -2.1586420640282017e-18,
    "(((0,), (1,)), ((0,), (0,)))": -0.0001618180691705185,
    "(((0,), (1,)), ((0,), (1,)))": -0.0007172657178132479,
    "(((0,), (1,)), ((1,), (0,)))": -0.00025584692895256077,
    "(((0,), (1,)), ((1,), (1,)))": 0.0003229900050403348,
    "(((0,), (1,)), ((2,), (0,)))": 0.0003299042026555062,
    "(((0,), (1,)), ((2,), (1,)))": -0.00018562244879160252,
    "(((0,), (1,)), ((3,), (0,)))": 0.00033105594216670134,
    "(((0,), (1,)), ((3,), (1,)))": -0.00037580403870155675,
    "(((0,), (1,)), ((4,), (0,)))": -7.67637849920642e-19,
    "(((0,), (1,)), ((4,), (1,)))": 1.0453528628796163e-18,
    "(((1,), (0,)), ((0,), (0,)))": 0.0003503817363838674,
    "(((1,), (0,)), ((0,), (1,)))": -0.00025584692895256055,
    "(((1,), (0,)), ((1,), (0,)))": -0.018219849056417776,
    "(((1,), (0,)), ((1,), (1,)))": -0.00774496639598932,
    "(((1,), (0,)), ((2,), (0,)))": 0.0212903467931339,
    "(((1,), (0,)), ((2,), (1,)))": -0.0066132282618222155,
    "(((1,), (0,)), ((3,), (0,)))": -0.01354506496371448,
    "(((1,), (0,)), ((3,), (1,)))": -0.010680919779405666,
    "(((1,), (0,)), ((4,), (0,)))": 9.96269321735633e-17,
    "(((1,), (0,)), ((4,), (1,)))": 3.9177053891795803e-17,
    "(((1,), (1,)), ((0,), (0,)))": -0.0003026692882923221,
    "(((1,), (1,)), ((0,), (1,)))": 0.00032299000504033674,
    "(((1,), (1,)), ((1,), (0,)))": -0.007744966395989339,
    "(((1,), (1,)), ((1,), (1,)))": -0.019333444820775324,
    "(((1,), (1,)), ((2,), (0,)))": 0.003194823941395846,
    "(((1,), (1,)), ((2,), (1,)))": -0.015860361899155462,
    "(((1,), (1,)), ((3,), (0,)))": -0.01093170159666915,
    "(((1,), (1,)), ((3,), (1,)))": -0.0023092404688363406,
    "(((1,), (1,)), ((4,), (0,)))": 5.971969190408262e-17,
    "(((1,), (1,)), ((4,), (1,)))": -1.0933453935299312e-17,
    "(((2,), (0,)), ((0,), (0,)))": -7.669865849853591e-05,
    "(((2,), (0,)), ((0,), (1,)))": 0.00032990420265550404,
    "(((2,), (0,)), ((1,), (0,)))": 0.021290346793133887,
    "(((2,), (0,)), ((1,), (1,)))": 0.0031948239413958322,
    "(((2,), (0,)), ((2,), (0,)))": -0.0645552922932163,
    "(((2,), (0,)), ((2,), (1,)))": 0.01988372638153041,
    "(((2,), (0,)), ((3,), (0,)))": 0.03626763843304871,
    "(((2,), (0,)), ((3,), (1,)))": -0.003248800938854199,
    "(((2,), (0,)), ((4,), (0,)))": -2.205252730322209e-16,
    "(((2,), (0,)), ((4,), (1,)))": 4.5721094327109734e-17,
    "(((2,), (1,)), ((0,), (0,)))": -0.00027069387440216766,
    "(((2,), (1,)), ((0,), (1,)))": -0.00018562244879160382,
    "(((2,), (1,)), ((1,), (0,)))": -0.0066132282618222345,
    "(((2,), (1,)), ((1,), (1,)))": -0.01586036189915542,
    "(((2,), (1,)), ((2,), (0,)))": 0.0198837263815304,
    "(((2,), (1,)), ((2,), (1,)))": -0.025712165659578637,
    "(((2,), (1,)), ((3,), (0,)))": -0.008312360417055369,
    "(((2,), (1,)), ((3,), (1,)))": -0.006938779548420654,
    "(((2,), (1,)), ((4,), (0,)))": 8.043503922940392e-17,
    "(((2,), (1,)), ((4,), (1,)))": 8.079555633269316e-18,
    "(((3,), (0,)), ((0,), (0,)))": -6.763651943050404e-05,
    "(((3,), (0,)), ((0,), (1,)))": 0.0003310559421666994,
    "(((3,), (0,)), ((1,), (0,)))": -0.013545064963714486,
    "(((3,), (0,)), ((1,), (1,)))": -0.010931701596669095,
    "(((3,), (0,)), ((2,), (0,)))": 0.03626763843304871,
    "(((3,), (0,)), ((2,), (1,)))": -0.008312360417055442,
    "(((3,), (0,)), ((3,), (0,)))": -0.03740000330811177,
    "(((3,), (0,)), ((3,), (1,)))": 0.009182175913068392,
    "(((3,), (0,)), ((4,), (0,)))": 1.3115888701351751e-16,
    "(((3,), (0,)), ((4,), (1,)))": -6.641823601409598e-17,
    "(((3,), (1,)), ((0,), (0,)))": 0.0004309138367039781,
    "(((3,), (1,)), ((0,), (1,)))": -0.0003758040387015575,
    "(((3,), (1,)), ((1,), (0,)))": -0.010680919779405735,
    "(((3,), (1,)), ((1,), (1,)))": -0.0023092404688363215,
    "(((3,), (1,)), ((2,), (0,)))": -0.003248800938854152,
    "(((3,), (1,)), ((2,), (1,)))": -0.00693877954842063,
    "(((3,), (1,)), ((3,), (0,)))": 0.009182175913068445,
    "(((3,), (1,)), ((3,), (1,)))": -0.017131197826572957,
    "(((3,), (1,)), ((4,), (0,)))": -5.94225632928716e-17,
    "(((3,), (1,)), ((4,), (1,)))": 1.1251726900311562e-17,
    "(((4,), (0,)), ((0,), (0,)))": -2.423828057628171e-20,
    "(((4,), (0,)), ((0,), (1,)))": -7.676378499206397e-19,
    "(((4,), (0,)), ((1,), (0,)))": 9.962693217356326e-17,
    "(((4,), (0,)), ((1,), (1,)))": 5.971969190408244e-17,
    "(((4,), (0,)), ((2,), (0,)))": -2.205252730322209e-16,
    "(((4,), (0,)), ((2,), (1,)))": 8.043503922940415e-17,
    "(((4,), (0,)), ((3,), (0,)))": 1.3115888701351751e-16,
    "(((4,), (0,)), ((3,), (1,)))": -5.942256329287152e-17,
    "(((4,), (0,)), ((4,), (0,)))": -0.01963817617710404,
    "(((4,), (0,)), ((4,), (1,)))": -0.006516111638471721,
    "(((4,), (1,)), ((0,), (0,)))": -2.1586420640282025e-18,
    "(((4,), (1,)), ((0,), (1,)))": 1.0453528628796167e-18,
    "(((4,), (1,)), ((1,), (0,)))": 3.9177053891796007e-17,
    "(((4,), (1,)), ((1,), (1,)))": -1.09334539352993e-17,
    "(((4,), (1,)), ((2,), (0,)))": 4.5721094327109555e-17,
    "(((4,), (1,)), ((2,), (1,)))": 8.079555633269222e-18,
    "(((4,), (1,)), ((3,), (0,)))": -6.641823601409601e-17,
    "(((4,), (1,)), ((3,), (1,)))": 1.1251726900311545e-17,
    "(((4,), (1,)), ((4,), (0,)))": -0.006516111638471719,
    "(((4,), (1,)), ((4,), (1,)))": -0.011230598011296153
  }
}