{
  "E": -74.98480398115431,
  "sol": {
    "(((), ()), ((), ()))": 0.9892911393853319,
    "(((0,), (0,)), ((), ()))": 2.314933301389969e-05,
    "(((), ()), ((0,), (0,)))": 2.314933301389969e-05,
    "(((0,), (1,)), ((), ()))": 4.328147834725844e-06,
    "(((), ()), ((0,), (1,)))": 4.328147834725844e-06,
    "(((1,), (0,)), ((), ()))": -0.0006556090518016957,
    "(((), ()), ((1,), (0,)))": -0.0006556090518016957,
    "(((1,), (1,)), ((), ()))": -0.0005413946722535477,
    "(((), ()), ((1,), (1,)))": -0.0005413946722535477,
    "(((2,), (0,)), ((), ()))": 0.0012347237408795403,
    "(((), ()), ((2,), (0,)))": 0.0012347237408795403,
    "(((2,), (1,)), ((), ()))": -0.0028215355420788384,
    "(((), ()), ((2,), (1,)))": -0.0028215355420788384,
    "(((3,), (0,)), ((), ()))": -0.010281894012284656,
    "(((), ()), ((3,), (0,)))": -0.010281894012284656,
    "(((3,), (1,)), ((), ()))": -0.0019296289533607175,
    "(((), ()), ((3,), (1,)))": -0.0019296289533607175,
    "(((4,), (0,)), ((), ()))": -6.220092098984431e-17,
    "(((), ()), ((4,), (0,)))": -6.220092098984431e-17,
    "(((4,), (1,)), ((), ()))": -1.1494829252272215e-17,
    "(((), ()), ((4,), (1,)))": -1.1494829252272215e-17,
    "(((0,), (0,)), ((0,), (0,)))": -0.0006434823695773348,
    "(((0,), (0,)), ((0,), (1,)))": -0.00010274643003460222,
    "(((0,), (0,)), ((1,), (0,)))": 0.0002994030650723519,
    "(((0,), (0,)), ((1,), (1,)))": -0.00016531202350443162,
    "(((0,), (0,)), ((2,), (0,)))": -1.844245580522179e-05,
    "(((0,), (0,)), ((2,), (1,)))": -0.00025848534288325275,
    "(((0,), (0,)), ((3,), (0,)))": 6.078770620141797e-05,
    "(((0,), (0,)), ((3,), (1,)))": 0.00022575347943671643,
    "(((0,), (0,)), ((4,), (0,)))": 7.251163928263788e-21,
    "(((0,), (0,)), ((4,), (1,)))": 2.03743389482424e-19,
    "(((0,), (1,)), ((0,), (0,)))": -0.00010274643003460215,
    "(((0,), (1,)), ((0,), (1,)))": -0.0004897615638191802,
    "(((0,), (1,)), ((1,), (0,)))": -0.00015480947007621838,
    "(((0,), (1,)), ((1,), (1,)))": 0.0006491149629923109,
    "(((0,), (1,)), ((2,), (0,)))": 0.0002543097024540106,
    "(((0,), (1,)), ((2,), (1,)))": -6.231840457103647e-05,
    "(((0,), (1,)), ((3,), (0,)))": 0.00018592428837310298,
    "(((0,), (1,)), ((3,), (1,)))": -0.00047758868325478764,
    "(((0,), (1,)), ((4,), (0,)))": -5.3992269901126037e-20,
    "(((0,), (1,)), ((4,), (1,)))": -2.2950256319394743e-19,
    "(((1,), (0,)), ((0,), (0,)))": 0.0002994030650723531,
    "(((1,), (0,)), ((0,), (1,)))": -0.00015480947007621813,
    "(((1,), (0,)), ((1,), (0,)))": -0.028908362170474322,
    "(((1,), (0,)), ((1,), (1,)))": -0.005889981730091047,
    "(((1,), (0,)), ((2,), (0,)))": 0.015793872535337133,
    "(((1,), (0,)), ((2,), (1,)))": -0.024114778622377847,
    "(((1,), (0,)), ((3,), (0,)))": -0.026858699637290075,
    "(((1,), (0,)), ((3,), (1,)))": -0.009431847507831891,
    "(((1,), (0,)), ((4,), (0,)))": -2.2041891462511037e-17,
    "(((1,), (0,)), ((4,), (1,)))": 4.329519477628757e-18,
    "(((1,), (1,)), ((0,), (0,)))": -0.0001653120235044313,
    "(((1,), (1,)), ((0,), (1,)))": 0.0006491149629923107,
    "(((1,), (1,)), ((1,), (0,)))": -0.005889981730091076,
    "(((1,), (1,)), ((1,), (1,)))": -0.01777686926707596,
    "(((1,), (1,)), ((2,), (0,)))": -0.013422504506942826,
    "(((1,), (1,)), ((2,), (1,)))": -0.015790599881005646,
    "(((1,), (1,)), ((3,), (0,)))": -0.009990909422370126,
    "(((1,), (1,)), ((3,), (1,)))": 0.0007278909808282185,
    "(((1,), (1,)), ((4,), (0,)))": -2.7072958542258817e-18,
    "(((1,), (1,)), ((4,), (1,)))": 6.998205951305883e-18,
    "(((2,), (0,)), ((0,), (0,)))": -1.8442455805221485e-05,
    "(((2,), (0,)), ((0,), (1,)))": 0.00025430970245401047,
    "(((2,), (0,)), ((1,), (0,)))": 0.015793872535337136,
    "(((2,), (0,)), ((1,), (1,)))": -0.013422504506942826,
    "(((2,), (0,)), ((2,), (0,)))": -0.045051967681367405,
    "(((2,), (0,)), ((2,), (1,)))": 0.014073064497057745,
    "(((2,), (0,)), ((3,), (0,)))": 0.026910875687702857,
    "(((2,), (0,)), ((3,), (1,)))": -0.02155830978965763,
    "(((2,), (0,)), ((4,), (0,)))": 1.578791066493483e-17,
    "(((2,), (0,)), ((4,), (1,)))": -1.4932671903885008e-17,
    "(((2,), (1,)), ((0,), (0,)))": -0.00025848534288325166,
    "(((2,), (1,)), ((0,), (1,)))": -6.23184045710365e-05,
    "(((2,), (1,)), ((1,), (0,)))": -0.024114778622377868,
    "(((2,), (1,)), ((1,), (1,)))": -0.01579059988100565,
    "(((2,), (1,)), ((2,), (0,)))": 0.014073064497057768,
    "(((2,), (1,)), ((2,), (1,)))": -0.06352533748995283,
    "(((2,), (1,)), ((3,), (0,)))": -0.03213243861342611,
    "(((2,), (1,)), ((3,), (1,)))": -0.015220936757733294,
    "(((2,), (1,)), ((4,), (0,)))": -2.4300527149457358e-17,
    "(((2,), (1,)), ((4,), (1,)))": 1.4410205271546646e-17,
    "(((3,), (0,)), ((0,), (0,)))": 6.078770620141878e-05,
    "(((3,), (0,)), ((0,), (1,)))": 0.00018592428837310422,
    "(((3,), (0,)), ((1,), (0,)))": -0.026858699637290116,
    "(((3,), (0,)), ((1,), (1,)))": -0.009990909422370126,
    "(((3,), (0,)), ((2,), (0,)))": 0.026910875687702857,
    "(((3,), (0,)), ((2,), (1,)))": -0.03213243861342614,
    "(((3,), (0,)), ((3,), (0,)))": -0.04179733929810657,
    "(((3,), (0,)), ((3,), (1,)))": 0.005956464872400544,
    "(((3,), (0,)), ((4,), (0,)))": -1.67768340342237e-17,
    "(((3,), (0,)), ((4,), (1,)))": 1.5107195829686522e-17,
    "(((3,), (1,)), ((0,), (0,)))": 0.00022575347943671562,
    "(((3,), (1,)), ((0,), (1,)))": -0.0004775886832547874,
    "(((3,), (1,)), ((1,), (0,)))": -0.009431847507831886,
    "(((3,), (1,)), ((1,), (1,)))": 0.0007278909808282163,
    "(((3,), (1,)), ((2,), (0,)))": -0.021558309789657615,
    "(((3,), (1,)), ((2,), (1,)))": -0.015220936757733302,
    "(((3,), (1,)), ((3,), (0,)))": 0.005956464872400596,
    "(((3,), (1,)), ((3,), (1,)))": -0.03366849526377767,
    "(((3,), (1,)), ((4,), (0,)))": 6.809742508743721e-18,
    "(((3,), (1,)), ((4,), (1,)))": -3.3259196073160065e-18,
    "(((4,), (0,)), ((0,), (0,)))": 7.251163928263752e-21,
    "(((4,), (0,)), ((0,), (1,)))": -5.3992269901126085e-20,
    "(((4,), (0,)), ((1,), (0,)))": -2.2041891462511037e-17,
    "(((4,), (0,)), ((1,), (1,)))": -2.70729585422588e-18,
    "(((4,), (0,)), ((2,), (0,)))": 1.5787910664934823e-17,
    "(((4,), (0,)), ((2,), (1,)))": -2.430052714945738e-17,
    "(((4,), (0,)), ((3,), (0,)))": -1.6776834034223695e-17,
    "(((4,), (0,)), ((3,), (1,)))": 6.809742508743724e-18,
    "(((4,), (0,)), ((4,), (0,)))": -0.023822276726569808,
    "(((4,), (0,)), ((4,), (1,)))": -0.004357128340239516,
    "(((4,), (1,)), ((0,), (0,)))": 2.037433894824243e-19,
    "(((4,), (1,)), ((0,), (1,)))": -2.295025631939473e-19,
    "(((4,), (1,)), ((1,), (0,)))": 4.329519477628768e-18,
    "(((4,), (1,)), ((1,), (1,)))": 6.998205951305882e-18,
    "(((4,), (1,)), ((2,), (0,)))": -1.4932671903885e-17,
    "(((4,), (1,)), ((2,), (1,)))": 1.4410205271546634e-17,
    "(((4,), (1,)), ((3,), (0,)))": 1.510719582968651e-17,
    "(((4,), (1,)), ((3,), (1,)))": -3.3259196073160127e-18,
    "(((4,), (1,)), ((4,), (0,)))": -0.004357128340239517,
    "(((4,), (1,)), ((4,), (1,)))": -0.010938439062197231
  }
}