{
  "E": -74.95908390897189,
  "sol": {
    "(((), ()), ((), ()))": 0.991405510164039,
    "(((0,), (0,)), ((), ()))": -1.6951609205133274e-05,
    "(((), ()), ((0,), (0,)))": -1.6951609205133274e-05,
    "(((0,), (1,)), ((), ()))": -9.89715216814478e-18,
    "(((), ()), ((0,), (1,)))": -9.89715216814478e-18,
    "(((1,), (0,)), ((), ()))": 0.0013177191085290913,
    "(((), ()), ((1,), (0,)))": 0.0013177191085290913,
    "(((1,), (1,)), ((), ()))": 1.051912821873394e-16,
    "(((), ()), ((1,), (1,)))": 1.051912821873394e-16,
    "(((2,), (0,)), ((), ()))": 8.365164523936477e-16,
    "(((), ()), ((2,), (0,)))": 8.365164523936477e-16,
    "(((2,), (1,)), ((), ()))": -0.0030773207526101996,
    "(((), ()), ((2,), (1,)))": -0.0030773207526101996,
    "(((3,), (0,)), ((), ()))": 0.008281297424554091,
    "(((), ()), ((3,), (0,)))": 0.008281297424554091,
    "(((3,), (1,)), ((), ()))": -8.108672582687233e-16,
    "(((), ()), ((3,), (1,)))": -8.108672582687233e-16,
    "(((4,), (0,)), ((), ()))": 1.2287624566151788e-17,
    "(((), ()), ((4,), (0,)))": 1.2287624566151788e-17,
    "(((4,), (1,)), ((), ()))": 2.53768043781205e-16,
    "(((), ()), ((4,), (1,)))": 2.53768043781205e-16,
    "(((0,), (0,)), ((0,), (0,)))": -0.0007378939844983793,
    "(((0,), (0,)), ((0,), (1,)))": 1.0168605667095737e-18,
    "(((0,), (0,)), ((1,), (0,)))": 0.00019774442165305028,
    "(((0,), (0,)), ((1,), (1,)))": 2.5667408147697337e-18,
    "(((0,), (0,)), ((2,), (0,)))": -8.926226224758332e-19,
    "(((0,), (0,)), ((2,), (1,)))": 0.0003009837400092442,
    "(((0,), (0,)), ((3,), (0,)))": 0.00014457604319174268,
    "(((0,), (0,)), ((3,), (1,)))": -2.3760886628671974e-18,
    "(((0,), (0,)), ((4,), (0,)))": -2.9201133814428957e-19,
    "(((0,), (0,)), ((4,), (1,)))": 1.9598024757305957e-20,
    "(((0,), (1,)), ((0,), (0,)))": 1.27813882787245e-18,
    "(((0,), (1,)), ((0,), (1,)))": -0.00046394726639304806,
    "(((0,), (1,)), ((1,), (0,)))": 1.2015069560024172e-18,
    "(((0,), (1,)), ((1,), (1,)))": 0.0007005635704833925,
    "(((0,), (1,)), ((2,), (0,)))": -0.0002507004681280695,
    "(((0,), (1,)), ((2,), (1,)))": -7.161786556321445e-19,
    "(((0,), (1,)), ((3,), (0,)))": -3.689189785247734e-18,
    "(((0,), (1,)), ((3,), (1,)))": -0.0005823848000462953,
    "(((0,), (1,)), ((4,), (0,)))": 2.437027906658649e-19,
    "(((0,), (1,)), ((4,), (1,)))": 1.2909068159792718e-18,
    "(((1,), (0,)), ((0,), (0,)))": 0.00019774442165305088,
    "(((1,), (0,)), ((0,), (1,)))": 1.6718647567865218e-18,
    "(((1,), (0,)), ((1,), (0,)))": -0.031091215200992606,
    "(((1,), (0,)), ((1,), (1,)))": 8.820523468330208e-17,
    "(((1,), (0,)), ((2,), (0,)))": 2.2091099035981045e-16,
    "(((1,), (0,)), ((2,), (1,)))": 0.029220416721248865,
    "(((1,), (0,)), ((3,), (0,)))": -0.02751604549262263,
    "(((1,), (0,)), ((3,), (1,)))": 8.366281936468845e-17,
    "(((1,), (0,)), ((4,), (0,)))": 4.4448833962084454e-17,
    "(((1,), (0,)), ((4,), (1,)))": -1.2945159648409482e-17,
    "(((1,), (1,)), ((0,), (0,)))": 2.0726532170180035e-18,
    "(((1,), (1,)), ((0,), (1,)))": 0.0007005635704833925,
    "(((1,), (1,)), ((1,), (0,)))": 9.07773972595529e-17,
    "(((1,), (1,)), ((1,), (1,)))": -0.014375168846847728,
    "(((1,), (1,)), ((2,), (0,)))": 0.018452095741627123,
    "(((1,), (1,)), ((2,), (1,)))": -2.7141476536814934e-16,
    "(((1,), (1,)), ((3,), (0,)))": 1.6529863725564688e-16,
    "(((1,), (1,)), ((3,), (1,)))": 0.0035926229581902634,
    "(((1,), (1,)), ((4,), (0,)))": -1.2438703874476862e-19,
    "(((1,), (1,)), ((4,), (1,)))": -6.5127562485989244e-18,
    "(((2,), (0,)), ((0,), (0,)))": -1.221234820805918e-18,
    "(((2,), (0,)), ((0,), (1,)))": -0.0002507004681280699,
    "(((2,), (0,)), ((1,), (0,)))": 2.198634380638029e-16,
    "(((2,), (0,)), ((1,), (1,)))": 0.01845209574162713,
    "(((2,), (0,)), ((2,), (0,)))": -0.03430996105475914,
    "(((2,), (0,)), ((2,), (1,)))": -4.01947024108209e-17,
    "(((2,), (0,)), ((3,), (0,)))": 2.6264932867762616e-16,
    "(((2,), (0,)), ((3,), (1,)))": 0.023852408508282175,
    "(((2,), (0,)), ((4,), (0,)))": -1.5040131390986412e-17,
    "(((2,), (0,)), ((4,), (1,)))": -5.343374256154476e-17,
    "(((2,), (1,)), ((0,), (0,)))": 0.0003009837400092452,
    "(((2,), (1,)), ((0,), (1,)))": -6.910356412506061e-19,
    "(((2,), (1,)), ((1,), (0,)))": 0.029220416721248855,
    "(((2,), (1,)), ((1,), (1,)))": -2.685243743920103e-16,
    "(((2,), (1,)), ((2,), (0,)))": 1.6898338501975985e-17,
    "(((2,), (1,)), ((2,), (1,)))": -0.06503192714230521,
    "(((2,), (1,)), ((3,), (0,)))": 0.03280049854675042,
    "(((2,), (1,)), ((3,), (1,)))": -3.4341523877156227e-16,
    "(((2,), (1,)), ((4,), (0,)))": -5.923830288396417e-17,
    "(((2,), (1,)), ((4,), (1,)))": 1.561933777111037e-17,
    "(((3,), (0,)), ((0,), (0,)))": 0.0001445760431917428,
    "(((3,), (0,)), ((0,), (1,)))": -3.642712641512876e-18,
    "(((3,), (0,)), ((1,), (0,)))": -0.027516045492622612,
    "(((3,), (0,)), ((1,), (1,)))": 1.4280245005873301e-16,
    "(((3,), (0,)), ((2,), (0,)))": 2.4404685223940425e-16,
    "(((3,), (0,)), ((2,), (1,)))": 0.03280049854675043,
    "(((3,), (0,)), ((3,), (0,)))": -0.029670621024708733,
    "(((3,), (0,)), ((3,), (1,)))": -1.4007895032563724e-18,
    "(((3,), (0,)), ((4,), (0,)))": 1.0657859165859165e-18,
    "(((3,), (0,)), ((4,), (1,)))": -6.4283433703454e-18,
    "(((3,), (1,)), ((0,), (0,)))": -2.375179874235759e-18,
    "(((3,), (1,)), ((0,), (1,)))": -0.0005823848000462953,
    "(((3,), (1,)), ((1,), (0,)))": 1.191381369680665e-16,
    "(((3,), (1,)), ((1,), (1,)))": 0.003592622958190262,
    "(((3,), (1,)), ((2,), (0,)))": 0.02385240850828217,
    "(((3,), (1,)), ((2,), (1,)))": -3.300316575882075e-16,
    "(((3,), (1,)), ((3,), (0,)))": -5.168905864326759e-17,
    "(((3,), (1,)), ((3,), (1,)))": -0.03446518573997488,
    "(((3,), (1,)), ((4,), (0,)))": 1.493774992608083e-17,
    "(((3,), (1,)), ((4,), (1,)))": 5.953157754704319e-17,
    "(((4,), (0,)), ((0,), (0,)))": -2.9201133814429096e-19,
    "(((4,), (0,)), ((0,), (1,)))": 2.4370279066586383e-19,
    "(((4,), (0,)), ((1,), (0,)))": 4.444883396208443e-17,
    "(((4,), (0,)), ((1,), (1,)))": -1.2438703874472548e-19,
    "(((4,), (0,)), ((2,), (0,)))": -1.504013139098638e-17,
    "(((4,), (0,)), ((2,), (1,)))": -5.923830288396419e-17,
    "(((4,), (0,)), ((3,), (0,)))": 1.0657859165859284e-18,
    "(((4,), (0,)), ((3,), (1,)))": 1.4937749926080723e-17,
    "(((4,), (0,)), ((4,), (0,)))": -0.024779752430382062,
    "(((4,), (0,)), ((4,), (1,)))": 7.953654469038308e-17,
    "(((4,), (1,)), ((0,), (0,)))": 1.9598024757306824e-20,
    "(((4,), (1,)), ((0,), (1,)))": 1.2909068159792718e-18,
    "(((4,), (1,)), ((1,), (0,)))": -1.294515964840959e-17,
    "(((4,), (1,)), ((1,), (1,)))": -6.512756248598917e-18,
    "(((4,), (1,)), ((2,), (0,)))": -5.343374256154476e-17,
    "(((4,), (1,)), ((2,), (1,)))": 1.5619337771110327e-17,
    "(((4,), (1,)), ((3,), (0,)))": -6.428343370345284e-18,
    "(((4,), (1,)), ((3,), (1,)))": 5.953157754704319e-17,
    "(((4,), (1,)), ((4,), (0,)))": 7.880235645962916e-17,
    "(((4,), (1,)), ((4,), (1,)))": -0.008935677191006061
  }
}