{
  "E": -75.01006870253819,
  "sol": {
    "(((), ()), ((), ()))": 0.982095521136976,
    "(((0,), (0,)), ((), ()))": 3.670343023484317e-05,
    "(((), ()), ((0,), (0,)))": 3.670343023484317e-05,
    "(((0,), (1,)), ((), ()))": 1.0638240401693404e-05,
    "(((), ()), ((0,), (1,)))": 1.0638240401693404e-05,
    "(((1,), (0,)), ((), ()))": 0.0014439055009966245,
    "(((), ()), ((1,), (0,)))": 0.0014439055009966245,
    "(((1,), (1,)), ((), ()))": -0.00019138044681551569,
    "(((), ()), ((1,), (1,)))": -0.00019138044681551569,
    "(((2,), (0,)), ((), ()))": 0.0002242529234842187,
    "(((), ()), ((2,), (0,)))": 0.0002242529234842187,
    "(((2,), (1,)), ((), ()))": 0.0025986398366570395,
    "(((), ()), ((2,), (1,)))": 0.0025986398366570395,
    "(((3,), (0,)), ((), ()))": -0.01611944478070699,
    "(((), ()), ((3,), (0,)))": -0.01611944478070699,
    "(((3,), (1,)), ((), ()))": -0.0037010992684122263,
    "(((), ()), ((3,), (1,)))": -0.0037010992684122263,
    "(((4,), (0,)), ((), ()))": -5.886225081304718e-17,
    "(((), ()), ((4,), (0,)))": -5.886225081304718e-17,
    "(((4,), (1,)), ((), ()))": 3.5005834454249563e-17,
    "(((), ()), ((4,), (1,)))": 3.5005834454249563e-17,
    "(((0,), (0,)), ((0,), (0,)))": -0.0005109341269707638,
    "(((0,), (0,)), ((0,), (1,)))": -9.746385009766919e-05,
    "(((0,), (0,)), ((1,), (0,)))": 0.0004129969914727103,
    "(((0,), (0,)), ((1,), (1,)))": -0.00016313678898358444,
    "(((0,), (0,)), ((2,), (0,)))": 5.286309242413432e-05,
    "(((0,), (0,)), ((2,), (1,)))": 0.0001844050045549763,
    "(((0,), (0,)), ((3,), (0,)))": 1.808137500693374e-05,
    "(((0,), (0,)), ((3,), (1,)))": 0.00024263531284507553,
    "(((0,), (0,)), ((4,), (0,)))": -2.3120853878683997e-19,
    "(((0,), (0,)), ((4,), (1,)))": -9.182947695486618e-19,
    "(((0,), (1,)), ((0,), (0,)))": -9.746385009766895e-05,
    "(((0,), (1,)), ((0,), (1,)))": -0.0004568105883850351,
    "(((0,), (1,)), ((1,), (0,)))": -0.0001534738948304441,
    "(((0,), (1,)), ((1,), (1,)))": 0.0006456425859850135,
    "(((0,), (1,)), ((2,), (0,)))": -0.00023525558989469952,
    "(((0,), (1,)), ((2,), (1,)))": 7.866689162606872e-05,
    "(((0,), (1,)), ((3,), (0,)))": 0.0001656271103699714,
    "(((0,), (1,)), ((3,), (1,)))": -0.0003676127356436879,
    "(((0,), (1,)), ((4,), (0,)))": 5.811287816198694e-19,
    "(((0,), (1,)), ((4,), (1,)))": 3.155188163031054e-19,
    "(((1,), (0,)), ((0,), (0,)))": 0.0004129969914727108,
    "(((1,), (0,)), ((0,), (1,)))": -0.00015347389483044328,
    "(((1,), (0,)), ((1,), (0,)))": -0.027639717601610242,
    "(((1,), (0,)), ((1,), (1,)))": -0.0062360741647721415,
    "(((1,), (0,)), ((2,), (0,)))": -0.017887086256296272,
    "(((1,), (0,)), ((2,), (1,)))": 0.021581131927479368,
    "(((1,), (0,)), ((3,), (0,)))": -0.030046665021917364,
    "(((1,), (0,)), ((3,), (1,)))": -0.012472531543955324,
    "(((1,), (0,)), ((4,), (0,)))": 9.735010334271489e-17,
    "(((1,), (0,)), ((4,), (1,)))": -4.6930871161021454e-17,
    "(((1,), (1,)), ((0,), (0,)))": -0.00016313678898358558,
    "(((1,), (1,)), ((0,), (1,)))": 0.0006456425859850134,
    "(((1,), (1,)), ((1,), (0,)))": -0.006236074164772152,
    "(((1,), (1,)), ((1,), (1,)))": -0.02111585579018449,
    "(((1,), (1,)), ((2,), (0,)))": 0.011763959664450326,
    "(((1,), (1,)), ((2,), (1,)))": 0.020676976045845175,
    "(((1,), (1,)), ((3,), (0,)))": -0.01380119563347527,
    "(((1,), (1,)), ((3,), (1,)))": -0.0008525757405456677,
    "(((1,), (1,)), ((4,), (0,)))": -4.688345512546187e-18,
    "(((1,), (1,)), ((4,), (1,)))": -6.056198390825769e-17,
    "(((2,), (0,)), ((0,), (0,)))": 5.286309242413424e-05,
    "(((2,), (0,)), ((0,), (1,)))": -0.0002352555898946987,
    "(((2,), (0,)), ((1,), (0,)))": -0.017887086256296276,
    "(((2,), (0,)), ((1,), (1,)))": 0.011763959664450305,
    "(((2,), (0,)), ((2,), (0,)))": -0.0555172047294782,
    "(((2,), (0,)), ((2,), (1,)))": 0.014560257700382124,
    "(((2,), (0,)), ((3,), (0,)))": -0.047742899960942865,
    "(((2,), (0,)), ((3,), (1,)))": 0.02687454985442167,
    "(((2,), (0,)), ((4,), (0,)))": 1.2059910447308668e-16,
    "(((2,), (0,)), ((4,), (1,)))": -8.747821949508886e-17,
    "(((2,), (1,)), ((0,), (0,)))": 0.000184405004554975,
    "(((2,), (1,)), ((0,), (1,)))": 7.866689162606875e-05,
    "(((2,), (1,)), ((1,), (0,)))": 0.021581131927479395,
    "(((2,), (1,)), ((1,), (1,)))": 0.02067697604584516,
    "(((2,), (1,)), ((2,), (0,)))": 0.014560257700382159,
    "(((2,), (1,)), ((2,), (1,)))": -0.07600650012096757,
    "(((2,), (1,)), ((3,), (0,)))": 0.041177700651236326,
    "(((2,), (1,)), ((3,), (1,)))": 0.02491847148927232,
    "(((2,), (1,)), ((4,), (0,)))": -1.2269991806815194e-16,
    "(((2,), (1,)), ((4,), (1,)))": 1.592879958589619e-16,
    "(((3,), (0,)), ((0,), (0,)))": 1.808137500693374e-05,
    "(((3,), (0,)), ((0,), (1,)))": 0.00016562711036997152,
    "(((3,), (0,)), ((1,), (0,)))": -0.03004666502191735,
    "(((3,), (0,)), ((1,), (1,)))": -0.013801195633475273,
    "(((3,), (0,)), ((2,), (0,)))": -0.04774289996094287,
    "(((3,), (0,)), ((2,), (1,)))": 0.041177700651236326,
    "(((3,), (0,)), ((3,), (0,)))": -0.07517835657747021,
    "(((3,), (0,)), ((3,), (1,)))": 0.009138413238765332,
    "(((3,), (0,)), ((4,), (0,)))": 1.7789557950652478e-16,
    "(((3,), (0,)), ((4,), (1,)))": -1.3164123322533273e-16,
    "(((3,), (1,)), ((0,), (0,)))": 0.0002426353128450756,
    "(((3,), (1,)), ((0,), (1,)))": -0.0003676127356436876,
    "(((3,), (1,)), ((1,), (0,)))": -0.012472531543955317,
    "(((3,), (1,)), ((1,), (1,)))": -0.0008525757405456632,
    "(((3,), (1,)), ((2,), (0,)))": 0.026874549854421677,
    "(((3,), (1,)), ((2,), (1,)))": 0.02491847148927232,
    "(((3,), (1,)), ((3,), (0,)))": 0.009138413238765276,
    "(((3,), (1,)), ((3,), (1,)))": -0.03621893255186914,
    "(((3,), (1,)), ((4,), (0,)))": -6.664240064015633e-17,
    "(((3,), (1,)), ((4,), (1,)))": -4.1377889376556605e-17,
    "(((4,), (0,)), ((0,), (0,)))": -2.312085387868385e-19,
    "(((4,), (0,)), ((0,), (1,)))": 5.811287816198706e-19,
    "(((4,), (0,)), ((1,), (0,)))": 9.735010334271485e-17,
    "(((4,), (0,)), ((1,), (1,)))": -4.6883455125462365e-18,
    "(((4,), (0,)), ((2,), (0,)))": 1.205991044730867e-16,
    "(((4,), (0,)), ((2,), (1,)))": -1.226999180681519e-16,
    "(((4,), (0,)), ((3,), (0,)))": 1.7789557950652478e-16,
    "(((4,), (0,)), ((3,), (1,)))": -6.664240064015623e-17,
    "(((4,), (0,)), ((4,), (0,)))": -0.023550074062676393,
    "(((4,), (0,)), ((4,), (1,)))": -0.004865496615485167,
    "(((4,), (1,)), ((0,), (0,)))": -9.18294769548663e-19,
    "(((4,), (1,)), ((0,), (1,)))": 3.155188163031036e-19,
    "(((4,), (1,)), ((1,), (0,)))": -4.693087116102148e-17,
    "(((4,), (1,)), ((1,), (1,)))": -6.056198390825766e-17,
    "(((4,), (1,)), ((2,), (0,)))": -8.747821949508895e-17,
    "(((4,), (1,)), ((2,), (1,)))": 1.5928799585896193e-16,
    "(((4,), (1,)), ((3,), (0,)))": -1.3164123322533278e-16,
    "(((4,), (1,)), ((3,), (1,)))": -4.1377889376556636e-17,
    "(((4,), (1,)), ((4,), (0,)))": -0.004865496615485172,
    "(((4,), (1,)), ((4,), (1,)))": -0.013161662464077111
  }
}