{
  "E": -75.01044955472769,
  "sol": {
    "(((), ()), ((), ()))": 0.9771166996199808,
    "(((0,), (0,)), ((), ()))": -4.49422916475594e-05,
    "(((), ()), ((0,), (0,)))": -4.49422916475594e-05,
    "(((0,), (1,)), ((), ()))": -2.3456692310211223e-16,
    "(((), ()), ((0,), (1,)))": -2.3456692310211223e-16,
    "(((1,), (0,)), ((), ()))": -0.0029647683651327227,
    "(((), ()), ((1,), (0,)))": -0.0029647683651327227,
    "(((1,), (1,)), ((), ()))": -2.0336161397079984e-15,
    "(((), ()), ((1,), (1,)))": -2.0336161397079984e-15,
    "(((2,), (0,)), ((), ()))": -1.4532741063710175e-16,
    "(((), ()), ((2,), (0,)))": -1.4532741063710175e-16,
    "(((2,), (1,)), ((), ()))": -0.0019624664028375493,
    "(((), ()), ((2,), (1,)))": -0.0019624664028375493,
    "(((3,), (0,)), ((), ()))": 0.019802976165053138,
    "(((), ()), ((3,), (0,)))": 0.019802976165053138,
    "(((3,), (1,)), ((), ()))": -5.793586941835456e-15,
    "(((), ()), ((3,), (1,)))": -5.793586941835456e-15,
    "(((4,), (0,)), ((), ()))": -4.8017953000502996e-17,
    "(((), ()), ((4,), (0,)))": -4.8017953000502996e-17,
    "(((4,), (1,)), ((), ()))": -6.705531177340088e-17,
    "(((), ()), ((4,), (1,)))": -6.705531177340088e-17,
    "(((0,), (0,)), ((0,), (0,)))": -0.000509223953374015,
    "(((0,), (0,)), ((0,), (1,)))": -2.0385344976154319e-19,
    "(((0,), (0,)), ((1,), (0,)))": 0.0003887295419262863,
    "(((0,), (0,)), ((1,), (1,)))": -4.650064447309037e-19,
    "(((0,), (0,)), ((2,), (0,)))": 6.717980050442079e-19,
    "(((0,), (0,)), ((2,), (1,)))": 0.00016747924548998712,
    "(((0,), (0,)), ((3,), (0,)))": 9.082862134330903e-05,
    "(((0,), (0,)), ((3,), (1,)))": -2.186442590667167e-19,
    "(((0,), (0,)), ((4,), (0,)))": -2.1681759122715602e-20,
    "(((0,), (0,)), ((4,), (1,)))": 2.596761861341852e-20,
    "(((0,), (1,)), ((0,), (0,)))": -2.5088595649208415e-19,
    "(((0,), (1,)), ((0,), (1,)))": -0.00036243667920551203,
    "(((0,), (1,)), ((1,), (0,)))": 6.692496130172334e-19,
    "(((0,), (1,)), ((1,), (1,)))": 0.0007326603808915423,
    "(((0,), (1,)), ((2,), (0,)))": -0.00020907667836434933,
    "(((0,), (1,)), ((2,), (1,)))": 1.3253708206930543e-18,
    "(((0,), (1,)), ((3,), (0,)))": -4.813564491075437e-18,
    "(((0,), (1,)), ((3,), (1,)))": -0.0004091337571287527,
    "(((0,), (1,)), ((4,), (0,)))": -1.0742057232837076e-19,
    "(((0,), (1,)), ((4,), (1,)))": 6.971105669387263e-20,
    "(((1,), (0,)), ((0,), (0,)))": 0.00038872954192628676,
    "(((1,), (0,)), ((0,), (1,)))": 2.0001214620291265e-19,
    "(((1,), (0,)), ((1,), (0,)))": -0.030748632226058423,
    "(((1,), (0,)), ((1,), (1,)))": -1.8797506152529454e-17,
    "(((1,), (0,)), ((2,), (0,)))": 4.084811239251115e-17,
    "(((1,), (0,)), ((2,), (1,)))": 0.03047646766761035,
    "(((1,), (0,)), ((3,), (0,)))": -0.03733662380918104,
    "(((1,), (0,)), ((3,), (1,)))": 1.5655171030028428e-17,
    "(((1,), (0,)), ((4,), (0,)))": 8.235073250486346e-18,
    "(((1,), (0,)), ((4,), (1,)))": 4.568855921522267e-18,
    "(((1,), (1,)), ((0,), (0,)))": -1.2562213581935646e-19,
    "(((1,), (1,)), ((0,), (1,)))": 0.0007326603808915426,
    "(((1,), (1,)), ((1,), (0,)))": -3.096312389131502e-17,
    "(((1,), (1,)), ((1,), (1,)))": -0.01868149948577682,
    "(((1,), (1,)), ((2,), (0,)))": 0.021400264941626276,
    "(((1,), (1,)), ((2,), (1,)))": 3.350228029922718e-17,
    "(((1,), (1,)), ((3,), (0,)))": -6.247351258172692e-17,
    "(((1,), (1,)), ((3,), (1,)))": 0.003650474076042922,
    "(((1,), (1,)), ((4,), (0,)))": -5.0542901226840775e-18,
    "(((1,), (1,)), ((4,), (1,)))": -3.844311297296115e-19,
    "(((2,), (0,)), ((0,), (0,)))": 6.800220890486346e-19,
    "(((2,), (0,)), ((0,), (1,)))": -0.00020907667836434868,
    "(((2,), (0,)), ((1,), (0,)))": 3.542127937885781e-17,
    "(((2,), (0,)), ((1,), (1,)))": 0.02140026494162628,
    "(((2,), (0,)), ((2,), (0,)))": -0.056423287419463265,
    "(((2,), (0,)), ((2,), (1,)))": -7.137484413979479e-17,
    "(((2,), (0,)), ((3,), (0,)))": -6.260506523452652e-18,
    "(((2,), (0,)), ((3,), (1,)))": 0.05306063671694533,
    "(((2,), (0,)), ((4,), (0,)))": 3.023751282629266e-17,
    "(((2,), (0,)), ((4,), (1,)))": -1.3786580806519024e-17,
    "(((2,), (1,)), ((0,), (0,)))": 0.00016747924548998674,
    "(((2,), (1,)), ((0,), (1,)))": 1.1751294558629383e-18,
    "(((2,), (1,)), ((1,), (0,)))": 0.030476467667610335,
    "(((2,), (1,)), ((1,), (1,)))": 3.2009639536679463e-17,
    "(((2,), (1,)), ((2,), (0,)))": -7.759540665327495e-17,
    "(((2,), (1,)), ((2,), (1,)))": -0.0958457489021064,
    "(((2,), (1,)), ((3,), (0,)))": 0.069216255371018,
    "(((2,), (1,)), ((3,), (1,)))": 1.1002802363687074e-16,
    "(((2,), (1,)), ((4,), (0,)))": -1.780736877232856e-17,
    "(((2,), (1,)), ((4,), (1,)))": -6.36078389836642e-18,
    "(((3,), (0,)), ((0,), (0,)))": 9.082862134330904e-05,
    "(((3,), (0,)), ((0,), (1,)))": -4.549957976949022e-18,
    "(((3,), (0,)), ((1,), (0,)))": -0.037336623809180916,
    "(((3,), (0,)), ((1,), (1,)))": -7.22867713699637e-17,
    "(((3,), (0,)), ((2,), (0,)))": -1.2779034225178067e-17,
    "(((3,), (0,)), ((2,), (1,)))": 0.06921625537101801,
    "(((3,), (0,)), ((3,), (0,)))": -0.07563188712466454,
    "(((3,), (0,)), ((3,), (1,)))": -7.516768817689195e-17,
    "(((3,), (0,)), ((4,), (0,)))": 1.223346893524555e-17,
    "(((3,), (0,)), ((4,), (1,)))": -5.5267605665366046e-18,
    "(((3,), (1,)), ((0,), (0,)))": -2.0856511498721547e-19,
    "(((3,), (1,)), ((0,), (1,)))": -0.0004091337571287527,
    "(((3,), (1,)), ((1,), (0,)))": 3.01885756030366e-17,
    "(((3,), (1,)), ((1,), (1,)))": 0.0036504740760429305,
    "(((3,), (1,)), ((2,), (0,)))": 0.05306063671694532,
    "(((3,), (1,)), ((2,), (1,)))": 1.0453757445920008e-16,
    "(((3,), (1,)), ((3,), (0,)))": -9.36489537527229e-17,
    "(((3,), (1,)), ((3,), (1,)))": -0.05260711963828764,
    "(((3,), (1,)), ((4,), (0,)))": -3.006337091887435e-17,
    "(((3,), (1,)), ((4,), (1,)))": 9.759984477807617e-18,
    "(((4,), (0,)), ((0,), (0,)))": -2.168175912271559e-20,
    "(((4,), (0,)), ((0,), (1,)))": -1.0742057232837055e-19,
    "(((4,), (0,)), ((1,), (0,)))": 8.235073250486345e-18,
    "(((4,), (0,)), ((1,), (1,)))": -5.054290122684079e-18,
    "(((4,), (0,)), ((2,), (0,)))": 3.023751282629266e-17,
    "(((4,), (0,)), ((2,), (1,)))": -1.780736877232857e-17,
    "(((4,), (0,)), ((3,), (0,)))": 1.2233468935245553e-17,
    "(((4,), (0,)), ((3,), (1,)))": -3.0063370918874364e-17,
    "(((4,), (0,)), ((4,), (0,)))": -0.025356071170836006,
    "(((4,), (0,)), ((4,), (1,)))": -3.802082191053254e-17,
    "(((4,), (1,)), ((0,), (0,)))": 2.5967618613418424e-20,
    "(((4,), (1,)), ((0,), (1,)))": 6.971105669387245e-20,
    "(((4,), (1,)), ((1,), (0,)))": 4.568855921522267e-18,
    "(((4,), (1,)), ((1,), (1,)))": -3.8443112972961187e-19,
    "(((4,), (1,)), ((2,), (0,)))": -1.3786580806519018e-17,
    "(((4,), (1,)), ((2,), (1,)))": -6.360783898366417e-18,
    "(((4,), (1,)), ((3,), (0,)))": -5.5267605665366046e-18,
    "(((4,), (1,)), ((3,), (1,)))": 9.759984477807617e-18,
    "(((4,), (1,)), ((4,), (0,)))": -3.985221058330107e-17,
    "(((4,), (1,)), ((4,), (1,)))": -0.01216708424158008
  }
}