{
  "E": -14.654647173980386,
  "sol": {
    "((1, 1, 1), (1, 1, 1))": 0.9669228123140229,
    "((1, 1, 1), (1, 1, 0, 1))": -5.3013149425851225e-15,
    "((1, 1, 1), (1, 0, 1, 1))": 0.0005730673406085301,
    "((1, 1, 1), (0, 1, 1, 1))": 5.383243366782008e-14,
    "((1, 1, 1), (1, 1, 0, 0, 1))": -7.707935564160335e-17,
    "((1, 1, 1), (1, 0, 1, 0, 1))": -6.012973228150163e-18,
    "((1, 1, 1), (0, 1, 1, 0, 1))": -1.2119676585609788e-18,
    "((1, 1, 1), (1, 0, 0, 1, 1))": 1.8555611781436185e-18,
    "((1, 1, 1), (0, 1, 0, 1, 1))": 8.4836164898471975e-19,
    "((1, 1, 1), (0, 0, 1, 1, 1))": -5.66186650291105e-20,
    "((1, 1, 0, 1), (1, 1, 1))": 6.589520107119498e-15,
    "((1, 1, 0, 1), (1, 1, 0, 1))": -0.16629192629007516,
    "((1, 1, 0, 1), (1, 0, 1, 1))": -1.1069586082601062e-13,
    "((1, 1, 0, 1), (0, 1, 1, 1))": 0.0011823413412125124,
    "((1, 1, 0, 1), (1, 1, 0, 0, 1))": 3.879755700503168e-17,
    "((1, 1, 0, 1), (1, 0, 1, 0, 1))": 2.789523661592469e-19,
    "((1, 1, 0, 1), (0, 1, 1, 0, 1))": 1.5181143401742935e-18,
    "((1, 1, 0, 1), (1, 0, 0, 1, 1))": 1.560743228021656e-18,
    "((1, 1, 0, 1), (0, 1, 0, 1, 1))": 1.1009280950996614e-18,
    "((1, 1, 0, 1), (0, 0, 1, 1, 1))": 1.697435328738675e-20,
    "((1, 0, 1, 1), (1, 1, 1))": 0.0005730673406085998,
    "((1, 0, 1, 1), (1, 1, 0, 1))": -1.106906073157655e-13,
    "((1, 0, 1, 1), (1, 0, 1, 1))": -0.0018628605377857882,
    "((1, 0, 1, 1), (0, 1, 1, 1))": -2.836969044342227e-15,
    "((1, 0, 1, 1), (1, 1, 0, 0, 1))": -4.561429304577444e-19,
    "((1, 0, 1, 1), (1, 0, 1, 0, 1))": -6.742400486737265e-19,
    "((1, 0, 1, 1), (0, 1, 1, 0, 1))": 6.558639986731413e-19,
    "((1, 0, 1, 1), (1, 0, 0, 1, 1))": -1.127901039437167e-19,
    "((1, 0, 1, 1), (0, 1, 0, 1, 1))": -2.2864031776705367e-19,
    "((1, 0, 1, 1), (0, 0, 1, 1, 1))": 2.5157023226395494e-21,
    "((0, 1, 1, 1), (1, 1, 1))": 5.379496481829256e-14,
    "((0, 1, 1, 1), (1, 1, 0, 1))": 0.001182341341212513,
    "((0, 1, 1, 1), (1, 0, 1, 1))": -2.835517413878214e-15,
    "((0, 1, 1, 1), (0, 1, 1, 1))": -0.0018327336959614044,
    "((0, 1, 1, 1), (1, 1, 0, 0, 1))": 1.4228256470137023e-18,
    "((0, 1, 1, 1), (1, 0, 1, 0, 1))": 6.562233881188658e-19,
    "((0, 1, 1, 1), (0, 1, 1, 0, 1))": -6.429984436358655e-19,
    "((0, 1, 1, 1), (1, 0, 0, 1, 1))": -2.397227613902083e-19,
    "((0, 1, 1, 1), (0, 1, 0, 1, 1))": -1.2262610625594956e-19,
    "((0, 1, 1, 1), (0, 0, 1, 1, 1))": -1.1721987242603281e-20,
    "((1, 1, 0, 0, 1), (1, 1, 1))": -3.537350649357368e-16,
    "((1, 1, 0, 0, 1), (1, 1, 0, 1))": 3.885109864765425e-17,
    "((1, 1, 0, 0, 1), (1, 0, 1, 1))": -6.392925218998635e-20,
    "((1, 1, 0, 0, 1), (0, 1, 1, 1))": 1.4201832030120146e-18,
    "((1, 1, 0, 0, 1), (1, 1, 0, 0, 1))": -0.19334514306269643,
    "((1, 1, 0, 0, 1), (1, 0, 1, 0, 1))": 2.3514149636892753e-13,
    "((1, 1, 0, 0, 1), (0, 1, 1, 0, 1))": -0.002511770623764201,
    "((1, 1, 0, 0, 1), (1, 0, 0, 1, 1))": 0.0004683063135355443,
    "((1, 1, 0, 0, 1), (0, 1, 0, 1, 1))": 4.389812116483906e-14,
    "((1, 1, 0, 0, 1), (0, 0, 1, 1, 1))": 2.562637439035349e-06,
    "((1, 0, 1, 0, 1), (1, 1, 1))": -9.908758919408467e-18,
    "((1, 0, 1, 0, 1), (1, 1, 0, 1))": 1.0306325832637264e-19,
    "((1, 0, 1, 0, 1), (1, 0, 1, 1))": -6.273636784041946e-19,
    "((1, 0, 1, 0, 1), (0, 1, 1, 1))": 7.608842359856908e-20,
    "((1, 0, 1, 0, 1), (1, 1, 0, 0, 1))": 2.3516912866363993e-13,
    "((1, 0, 1, 0, 1), (1, 0, 1, 0, 1))": -0.00021470918686254163,
    "((1, 0, 1, 0, 1), (0, 1, 1, 0, 1))": 3.530636106741892e-15,
    "((1, 0, 1, 0, 1), (1, 0, 0, 1, 1))": -8.003192010090742e-14,
    "((1, 0, 1, 0, 1), (0, 1, 0, 1, 1))": 0.0004287097249514254,
    "((1, 0, 1, 0, 1), (0, 0, 1, 1, 1))": 3.8678557954175635e-16,
    "((0, 1, 1, 0, 1), (1, 1, 1))": -8.61075264202463e-18,
    "((0, 1, 1, 0, 1), (1, 1, 0, 1))": 1.407891567843597e-18,
    "((0, 1, 1, 0, 1), (1, 0, 1, 1))": 8.33438847306145e-20,
    "((0, 1, 1, 0, 1), (0, 1, 1, 1))": -5.969846311879222e-19,
    "((0, 1, 1, 0, 1), (1, 1, 0, 0, 1))": -0.002511770623764194,
    "((0, 1, 1, 0, 1), (1, 0, 1, 0, 1))": 3.5306053705245002e-15,
    "((0, 1, 1, 0, 1), (0, 1, 1, 0, 1))": -0.00025250411816980225,
    "((0, 1, 1, 0, 1), (1, 0, 0, 1, 1))": 0.0004261470875123888,
    "((0, 1, 1, 0, 1), (0, 1, 0, 1, 1))": 8.004163898509243e-14,
    "((0, 1, 1, 0, 1), (0, 0, 1, 1, 1))": -4.130841273555802e-06,
    "((1, 0, 0, 1, 1), (1, 1, 1))": 8.05982314737532e-19,
    "((1, 0, 0, 1, 1), (1, 1, 0, 1))": 1.5829400080794161e-18,
    "((1, 0, 0, 1, 1), (1, 0, 1, 1))": -7.480647055879841e-19,
    "((1, 0, 0, 1, 1), (0, 1, 1, 1))": -2.3005115751788994e-19,
    "((1, 0, 0, 1, 1), (1, 1, 0, 0, 1))": 0.00046830631353553714,
    "((1, 0, 0, 1, 1), (1, 0, 1, 0, 1))": -8.004102089195032e-14,
    "((1, 0, 0, 1, 1), (0, 1, 1, 0, 1))": 0.0004261470875123899,
    "((1, 0, 0, 1, 1), (1, 0, 0, 1, 1))": 0.0006064566050395005,
    "((1, 0, 0, 1, 1), (0, 1, 0, 1, 1))": -8.521951250586004e-16,
    "((1, 0, 0, 1, 1), (0, 0, 1, 1, 1))": -3.318222027705099e-06,
    "((0, 1, 0, 1, 1), (1, 1, 1))": 4.2755933046295515e-21,
    "((0, 1, 0, 1, 1), (1, 1, 0, 1))": 1.3511518856404715e-18,
    "((0, 1, 0, 1, 1), (1, 0, 1, 1))": -2.1032013601044103e-19,
    "((0, 1, 0, 1, 1), (0, 1, 1, 1))": -7.468439471203869e-19,
    "((0, 1, 0, 1, 1), (1, 1, 0, 0, 1))": 4.3863996464903615e-14,
    "((0, 1, 0, 1, 1), (1, 0, 1, 0, 1))": 0.00042870972495142413,
    "((0, 1, 0, 1, 1), (0, 1, 1, 0, 1))": 8.003192907953729e-14,
    "((0, 1, 0, 1, 1), (1, 0, 0, 1, 1))": -8.524784016588142e-16,
    "((0, 1, 0, 1, 1), (0, 1, 0, 1, 1))": 0.0006156161714702585,
    "((0, 1, 0, 1, 1), (0, 0, 1, 1, 1))": -3.107519261991874e-16,
    "((0, 0, 1, 1, 1), (1, 1, 1))": 2.0308341619745422e-21,
    "((0, 0, 1, 1, 1), (1, 1, 0, 1))": 1.9734574601824304e-20,
    "((0, 0, 1, 1, 1), (1, 0, 1, 1))": 1.4622854422248106e-20,
    "((0, 0, 1, 1, 1), (0, 1, 1, 1))": -1.792461447989115e-20,
    "((0, 0, 1, 1, 1), (1, 1, 0, 0, 1))": 2.5626374390352296e-06,
    "((0, 0, 1, 1, 1), (1, 0, 1, 0, 1))": 3.867543879775358e-16,
    "((0, 0, 1, 1, 1), (0, 1, 1, 0, 1))": -4.130841273555889e-06,
    "((0, 0, 1, 1, 1), (1, 0, 0, 1, 1))": -3.3182220277048557e-06,
    "((0, 0, 1, 1, 1), (0, 1, 0, 1, 1))": -3.10771794644629e-16,
    "((0, 0, 1, 1, 1), (0, 0, 1, 1, 1))": -1.6439676548977902e-06
  }
}