{
  "E": -14.654638058940547,
  "sol": {
    "(((), ()), ((), ()))": 0.9669635123875289,
    "(((0,), (0,)), ((), ()))": 5.2781118805584344e-14,
    "(((), ()), ((0,), (0,)))": 5.2781118805584344e-14,
    "(((0,), (1,)), ((), ()))": -8.30767849849188e-18,
    "(((), ()), ((0,), (1,)))": -8.30767849849188e-18,
    "(((1,), (0,)), ((), ()))": 0.0005616945883332314,
    "(((), ()), ((1,), (0,)))": 0.0005616945883332314,
    "(((1,), (1,)), ((), ()))": -9.881820001331371e-18,
    "(((), ()), ((1,), (1,)))": -9.881820001331371e-18,
    "(((2,), (0,)), ((), ()))": 1.3936280578110156e-15,
    "(((), ()), ((2,), (0,)))": 1.3936280578110156e-15,
    "(((2,), (1,)), ((), ()))": -2.688035944634375e-16,
    "(((), ()), ((2,), (1,)))": -2.688035944634375e-16,
    "(((0,), (0,)), ((0,), (0,)))": -0.0018276691868805571,
    "(((0,), (0,)), ((0,), (1,)))": -5.894045619951059e-19,
    "(((0,), (0,)), ((1,), (0,)))": -2.842262274175658e-15,
    "(((0,), (0,)), ((1,), (1,)))": 3.0186020095589926e-19,
    "(((0,), (0,)), ((2,), (0,)))": 0.001181409653948068,
    "(((0,), (0,)), ((2,), (1,)))": 1.43406550496275e-18,
    "(((0,), (1,)), ((0,), (0,)))": -5.894045619951049e-19,
    "(((0,), (1,)), ((0,), (1,)))": -0.00027499584542986966,
    "(((0,), (1,)), ((1,), (0,)))": 3.0425117805243447e-19,
    "(((0,), (1,)), ((1,), (1,)))": 3.6317533793157816e-15,
    "(((0,), (1,)), ((2,), (0,)))": 1.3737273167815244e-18,
    "(((0,), (1,)), ((2,), (1,)))": -0.0025539864250020096,
    "(((1,), (0,)), ((0,), (0,)))": -2.840838332913188e-15,
    "(((1,), (0,)), ((0,), (1,)))": 3.0425117805243466e-19,
    "(((1,), (0,)), ((1,), (0,)))": -0.0018578929564677504,
    "(((1,), (0,)), ((1,), (1,)))": -6.132253965561034e-19,
    "(((1,), (0,)), ((2,), (0,)))": -1.106110266550683e-13,
    "(((1,), (0,)), ((2,), (1,)))": -1.9471110716066795e-19,
    "(((1,), (1,)), ((0,), (0,)))": 3.0186020095589993e-19,
    "(((1,), (1,)), ((0,), (1,)))": 3.631908156288299e-15,
    "(((1,), (1,)), ((1,), (0,)))": -6.132253965561002e-19,
    "(((1,), (1,)), ((1,), (1,)))": -0.00023611901486151785,
    "(((1,), (1,)), ((2,), (0,)))": 2.963747112230456e-19,
    "(((1,), (1,)), ((2,), (1,)))": 2.39104953078002e-13,
    "(((2,), (0,)), ((0,), (0,)))": 0.001181409653948066,
    "(((2,), (0,)), ((0,), (1,)))": 1.3737273167815275e-18,
    "(((2,), (0,)), ((1,), (0,)))": -1.1061199473381148e-13,
    "(((2,), (0,)), ((1,), (1,)))": 2.963747112230485e-19,
    "(((2,), (0,)), ((2,), (0,)))": -0.16627958808286175,
    "(((2,), (0,)), ((2,), (1,)))": 3.8904367449030456e-17,
    "(((2,), (1,)), ((0,), (0,)))": 1.4340655049627411e-18,
    "(((2,), (1,)), ((0,), (1,)))": -0.00255398642500201,
    "(((2,), (1,)), ((1,), (0,)))": -1.9471110716066788e-19,
    "(((2,), (1,)), ((1,), (1,)))": 2.39104953078002e-13,
    "(((2,), (1,)), ((2,), (0,)))": 3.890436744903048e-17,
    "(((2,), (1,)), ((2,), (1,)))": -0.19315608359533581
  },
  "RSOPM": [
    [
      0.9998255724884871,
      0.9997667401227909,
      6.36876012866789e-05,
      0.4255678376809239,
      0.5742528795719728,
      0.9997037136914133,
      0.9997667401227909,
      0.0001855463983604877,
      0.4255678376809239,
      0.5742528795719728
    ],
    [
      0.9997667401227909,
      0.9999411676343037,
      0.00017928274710334084,
      0.42558274708435634,
      0.574353565314357,
      0.9997667401227909,
      0.9999363123987134,
      0.0001792827471033408,
      0.42558760231994675,
      0.574353565314357
    ],
    [
      6.36876012866789e-05,
      0.00017928274710334084,
      0.00023811511279958844,
      0.00013085819620236593,
      0.00010240168100679121,
      0.00018554639836048772,
      0.00017928274710334084,
      0.00011625631572577959,
      0.00013085819620236593,
      0.00010240168100679121
    ],
    [
      0.4255678376809239,
      0.42558274708435634,
      0.00013085819620236593,
      0.4256407214807413,
      0.0,
      0.4255678376809239,
      0.42558760231994675,
      0.00013085819620236585,
      0.4256358662451509,
      2.3368571416726058e-32
    ],
    [
      0.5742528795719728,
      0.574353565314357,
      0.00010240168100679121,
      0.0,
      0.5743544232836684,
      0.5742528795719728,
      0.574353565314357,
      0.00010240168100679125,
      2.3368571416726089e-32,
      0.5743544232836684
    ],
    [
      0.9997037136914133,
      0.9997667401227909,
      0.00018554639836048772,
      0.4255678376809239,
      0.5742528795719728,
      0.9998255724884871,
      0.9997667401227909,
      6.36876012866789e-05,
      0.4255678376809239,
      0.5742528795719728
    ],
    [
      0.9997667401227909,
      0.9999363123987134,
      0.00017928274710334084,
      0.42558760231994675,
      0.574353565314357,
      0.9997667401227909,
      0.9999411676343037,
      0.0001792827471033408,
      0.42558274708435634,
      0.574353565314357
    ],
    [
      0.0001855463983604877,
      0.0001792827471033408,
      0.00011625631572577959,
      0.00013085819620236585,
      0.00010240168100679125,
      6.36876012866789e-05,
      0.0001792827471033408,
      0.00023811511279958842,
      0.00013085819620236585,
      0.00010240168100679125
    ],
    [
      0.4255678376809239,
      0.42558760231994675,
      0.00013085819620236593,
      0.4256358662451509,
      2.3368571416726089e-32,
      0.4255678376809239,
      0.42558274708435634,
      0.00013085819620236585,
      0.4256407214807413,
      0.0
    ],
    [
      0.5742528795719728,
      0.574353565314357,
      0.00010240168100679121,
      2.3368571416726058e-32,
      0.5743544232836684,
      0.5742528795719728,
      0.574353565314357,
      0.00010240168100679125,
      0.0,
      0.5743544232836684
    ]
  ],
  "RNCS": [
    3.0637865831415056,
    3.664102752819415,
    0.0012758597583081026,
    0.050466857335784515,
    0.06308730007709161,
    3.0637865831415025,
    3.6641027528194328,
    0.0012758597583081026,
    0.050466857335784515,
    0.06308730007709161
  ]
}