{
  "E": -74.90607722351024,
  "sol": {
    "(((), ()), ((), ()))": 0.9268157046149917,
    "(((0,), (0,)), ((), ()))": 5.777228035106057e-05,
    "(((), ()), ((0,), (0,)))": 5.777228035106057e-05,
    "(((0,), (1,)), ((), ()))": 2.239752693029594e-05,
    "(((), ()), ((0,), (1,)))": 2.239752693029594e-05,
    "(((1,), (0,)), ((), ()))": 0.008909842137527777,
    "(((), ()), ((1,), (0,)))": 0.008909842137527777,
    "(((1,), (1,)), ((), ()))": 0.0006983721407994668,
    "(((), ()), ((1,), (1,)))": 0.0006983721407994668,
    "(((2,), (0,)), ((), ()))": 0.02572230756041966,
    "(((), ()), ((2,), (0,)))": 0.02572230756041966,
    "(((2,), (1,)), ((), ()))": 0.0034931137697600924,
    "(((), ()), ((2,), (1,)))": 0.0034931137697600924,
    "(((3,), (0,)), ((), ()))": 5.0542865907923065e-17,
    "(((), ()), ((3,), (0,)))": 5.0542865907923065e-17,
    "(((3,), (1,)), ((), ()))": 2.3802297575886674e-18,
    "(((), ()), ((3,), (1,)))": 2.3802297575886674e-18,
    "(((4,), (0,)), ((), ()))": 0.02456504377127428,
    "(((), ()), ((4,), (0,)))": 0.02456504377127428,
    "(((4,), (1,)), ((), ()))": 0.0037173489431562242,
    "(((), ()), ((4,), (1,)))": 0.0037173489431562242,
    "(((0,), (0,)), ((0,), (0,)))": -0.00021722174621918196,
    "(((0,), (0,)), ((0,), (1,)))": -5.8224916974575e-05,
    "(((0,), (0,)), ((1,), (0,)))": 0.0004552644002277175,
    "(((0,), (0,)), ((1,), (1,)))": -9.002237485516007e-05,
    "(((0,), (0,)), ((2,), (0,)))": 0.00016009039267524138,
    "(((0,), (0,)), ((2,), (1,)))": 1.791037244717382e-05,
    "(((0,), (0,)), ((3,), (0,)))": 5.142868544771652e-19,
    "(((0,), (0,)), ((3,), (1,)))": 9.330235891288428e-19,
    "(((0,), (0,)), ((4,), (0,)))": -0.00012080214937433594,
    "(((0,), (0,)), ((4,), (1,)))": -0.00032346516357742097,
    "(((0,), (1,)), ((0,), (0,)))": -5.822491697457481e-05,
    "(((0,), (1,)), ((0,), (1,)))": -0.0004893959236111895,
    "(((0,), (1,)), ((1,), (0,)))": -7.916320248394434e-05,
    "(((0,), (1,)), ((1,), (1,)))": 0.0005124164474798393,
    "(((0,), (1,)), ((2,), (0,)))": -0.00014030708256103862,
    "(((0,), (1,)), ((2,), (1,)))": 0.00018264500621818363,
    "(((0,), (1,)), ((3,), (0,)))": 5.127316873038458e-20,
    "(((0,), (1,)), ((3,), (1,)))": -6.021716603919879e-20,
    "(((0,), (1,)), ((4,), (0,)))": -7.03033334800317e-05,
    "(((0,), (1,)), ((4,), (1,)))": 0.00010186840512737671,
    "(((1,), (0,)), ((0,), (0,)))": 0.00045526440022771754,
    "(((1,), (0,)), ((0,), (1,)))": -7.916320248394504e-05,
    "(((1,), (0,)), ((1,), (0,)))": -0.017177807458354746,
    "(((1,), (0,)), ((1,), (1,)))": -0.004199801379259067,
    "(((1,), (0,)), ((2,), (0,)))": -0.007913878779293908,
    "(((1,), (0,)), ((2,), (1,)))": 0.008046431856383299,
    "(((1,), (0,)), ((3,), (0,)))": -7.133689303975771e-17,
    "(((1,), (0,)), ((3,), (1,)))": -4.443498358982647e-17,
    "(((1,), (0,)), ((4,), (0,)))": 0.02268200778957786,
    "(((1,), (0,)), ((4,), (1,)))": 0.01855075607075823,
    "(((1,), (1,)), ((0,), (0,)))": -9.002237485515907e-05,
    "(((1,), (1,)), ((0,), (1,)))": 0.0005124164474798396,
    "(((1,), (1,)), ((1,), (0,)))": -0.004199801379259056,
    "(((1,), (1,)), ((1,), (1,)))": -0.02654113924252368,
    "(((1,), (1,)), ((2,), (0,)))": 0.004323084756692972,
    "(((1,), (1,)), ((2,), (1,)))": 0.027403509424467842,
    "(((1,), (1,)), ((3,), (0,)))": -5.287757404160629e-17,
    "(((1,), (1,)), ((3,), (1,)))": 3.1124037308104076e-17,
    "(((1,), (1,)), ((4,), (0,)))": 0.01969422248739364,
    "(((1,), (1,)), ((4,), (1,)))": -0.0012912217439781672,
    "(((2,), (0,)), ((0,), (0,)))": 0.00016009039267524138,
    "(((2,), (0,)), ((0,), (1,)))": -0.0001403070825610392,
    "(((2,), (0,)), ((1,), (0,)))": -0.00791387877929391,
    "(((2,), (0,)), ((1,), (1,)))": 0.004323084756692959,
    "(((2,), (0,)), ((2,), (0,)))": -0.016006763200889784,
    "(((2,), (0,)), ((2,), (1,)))": 0.003337810692423852,
    "(((2,), (0,)), ((3,), (0,)))": -1.36767647265069e-16,
    "(((2,), (0,)), ((3,), (1,)))": 4.443315031092784e-17,
    "(((2,), (0,)), ((4,), (0,)))": 0.05153793777828114,
    "(((2,), (0,)), ((4,), (1,)))": -0.013984444139880675,
    "(((2,), (1,)), ((0,), (0,)))": 1.7910372447174796e-05,
    "(((2,), (1,)), ((0,), (1,)))": 0.00018264500621818425,
    "(((2,), (1,)), ((1,), (0,)))": 0.008046431856383304,
    "(((2,), (1,)), ((1,), (1,)))": 0.027403509424467835,
    "(((2,), (1,)), ((2,), (0,)))": 0.003337810692423838,
    "(((2,), (1,)), ((2,), (1,)))": -0.08140233882766518,
    "(((2,), (1,)), ((3,), (0,)))": 8.264267665570495e-17,
    "(((2,), (1,)), ((3,), (1,)))": -4.914396454396449e-17,
    "(((2,), (1,)), ((4,), (0,)))": -0.025977844429922646,
    "(((2,), (1,)), ((4,), (1,)))": -0.008226358072045737,
    "(((3,), (0,)), ((0,), (0,)))": 5.142868544771645e-19,
    "(((3,), (0,)), ((0,), (1,)))": 5.1273168730381496e-20,
    "(((3,), (0,)), ((1,), (0,)))": -7.133689303975772e-17,
    "(((3,), (0,)), ((1,), (1,)))": -5.287757404160624e-17,
    "(((3,), (0,)), ((2,), (0,)))": -1.36767647265069e-16,
    "(((3,), (0,)), ((2,), (1,)))": 8.264267665570501e-17,
    "(((3,), (0,)), ((3,), (0,)))": -0.017122330989454086,
    "(((3,), (0,)), ((3,), (1,)))": -0.0035381703881706564,
    "(((3,), (0,)), ((4,), (0,)))": 9.34865238163476e-16,
    "(((3,), (0,)), ((4,), (1,)))": -7.462347029586294e-17,
    "(((3,), (1,)), ((0,), (0,)))": 9.33023589128844e-19,
    "(((3,), (1,)), ((0,), (1,)))": -6.021716603919913e-20,
    "(((3,), (1,)), ((1,), (0,)))": -4.44349835898265e-17,
    "(((3,), (1,)), ((1,), (1,)))": 3.1124037308104076e-17,
    "(((3,), (1,)), ((2,), (0,)))": 4.4433150310927826e-17,
    "(((3,), (1,)), ((2,), (1,)))": -4.91439645439645e-17,
    "(((3,), (1,)), ((3,), (0,)))": -0.003538170388170654,
    "(((3,), (1,)), ((3,), (1,)))": -0.015298647129012452,
    "(((3,), (1,)), ((4,), (0,)))": -8.247043851483306e-17,
    "(((3,), (1,)), ((4,), (1,)))": -3.4523744013426105e-17,
    "(((4,), (0,)), ((0,), (0,)))": -0.00012080214937433572,
    "(((4,), (0,)), ((0,), (1,)))": -7.030333348003148e-05,
    "(((4,), (0,)), ((1,), (0,)))": 0.02268200778957786,
    "(((4,), (0,)), ((1,), (1,)))": 0.019694222487393647,
    "(((4,), (0,)), ((2,), (0,)))": 0.05153793777828114,
    "(((4,), (0,)), ((2,), (1,)))": -0.025977844429922667,
    "(((4,), (0,)), ((3,), (0,)))": 9.34865238163476e-16,
    "(((4,), (0,)), ((3,), (1,)))": -8.247043851483306e-17,
    "(((4,), (0,)), ((4,), (0,)))": -0.34236344074371405,
    "(((4,), (0,)), ((4,), (1,)))": 0.019109982137909265,
    "(((4,), (1,)), ((0,), (0,)))": -0.00032346516357742086,
    "(((4,), (1,)), ((0,), (1,)))": 0.00010186840512737686,
    "(((4,), (1,)), ((1,), (0,)))": 0.01855075607075823,
    "(((4,), (1,)), ((1,), (1,)))": -0.0012912217439781676,
    "(((4,), (1,)), ((2,), (0,)))": -0.013984444139880679,
    "(((4,), (1,)), ((2,), (1,)))": -0.00822635807204573,
    "(((4,), (1,)), ((3,), (0,)))": -7.462347029586291e-17,
    "(((4,), (1,)), ((3,), (1,)))": -3.452374401342609e-17,
    "(((4,), (1,)), ((4,), (0,)))": 0.01910998213790926,
    "(((4,), (1,)), ((4,), (1,)))": -0.0060846248211591245
  }
}