{
  "E": -74.80706304726289,
  "sol": {
    "(((), ()), ((), ()))": 0.8879905878690625,
    "(((0,), (0,)), ((), ()))": -4.914789401652163e-05,
    "(((), ()), ((0,), (0,)))": -4.914789401652163e-05,
    "(((0,), (1,)), ((), ()))": 7.129081271011714e-18,
    "(((), ()), ((0,), (1,)))": 7.129081271011714e-18,
    "(((1,), (0,)), ((), ()))": -0.0157600444028486,
    "(((), ()), ((1,), (0,)))": -0.0157600444028486,
    "(((1,), (1,)), ((), ()))": -6.477389899921072e-16,
    "(((), ()), ((1,), (1,)))": -6.477389899921072e-16,
    "(((2,), (0,)), ((), ()))": 1.1334390969043276e-16,
    "(((), ()), ((2,), (0,)))": 1.1334390969043276e-16,
    "(((2,), (1,)), ((), ()))": -2.0499873869569108e-16,
    "(((), ()), ((2,), (1,)))": -2.0499873869569108e-16,
    "(((3,), (0,)), ((), ()))": 2.340736909549676e-15,
    "(((), ()), ((3,), (0,)))": 2.340736909549676e-15,
    "(((3,), (1,)), ((), ()))": -0.008213827813759973,
    "(((), ()), ((3,), (1,)))": -0.008213827813759973,
    "(((4,), (0,)), ((), ()))": -0.03368690710026359,
    "(((), ()), ((4,), (0,)))": -0.03368690710026359,
    "(((4,), (1,)), ((), ()))": -3.3726920386115697e-15,
    "(((), ()), ((4,), (1,)))": -3.3726920386115697e-15,
    "(((0,), (0,)), ((0,), (0,)))": -0.0002105035969175971,
    "(((0,), (0,)), ((0,), (1,)))": 6.353931361354752e-20,
    "(((0,), (0,)), ((1,), (0,)))": 0.0004631166866137086,
    "(((0,), (0,)), ((1,), (1,)))": -1.3912192797018497e-20,
    "(((0,), (0,)), ((2,), (0,)))": 7.112471245687725e-20,
    "(((0,), (0,)), ((2,), (1,)))": -1.2496783033816433e-19,
    "(((0,), (0,)), ((3,), (0,)))": 1.0358992809595243e-18,
    "(((0,), (0,)), ((3,), (1,)))": 1.181626084083775e-05,
    "(((0,), (0,)), ((4,), (0,)))": -0.0001465360795403442,
    "(((0,), (0,)), ((4,), (1,)))": -1.7188075211071636e-19,
    "(((0,), (1,)), ((0,), (0,)))": 6.47278352414123e-20,
    "(((0,), (1,)), ((0,), (1,)))": -0.0001989295948879904,
    "(((0,), (1,)), ((1,), (0,)))": -2.7761383947330857e-19,
    "(((0,), (1,)), ((1,), (1,)))": 0.0005435413027267537,
    "(((0,), (1,)), ((2,), (0,)))": -2.472756681464022e-18,
    "(((0,), (1,)), ((2,), (1,)))": -4.4855165400100064e-20,
    "(((0,), (1,)), ((3,), (0,)))": 0.0001597718355595057,
    "(((0,), (1,)), ((3,), (1,)))": -5.845298171797177e-19,
    "(((0,), (1,)), ((4,), (0,)))": 5.052891487600618e-19,
    "(((0,), (1,)), ((4,), (1,)))": 0.00011072459289096421,
    "(((1,), (0,)), ((0,), (0,)))": 0.0004631166866137086,
    "(((1,), (0,)), ((0,), (1,)))": -2.797591755713558e-19,
    "(((1,), (0,)), ((1,), (0,)))": -0.0211116690110596,
    "(((1,), (0,)), ((1,), (1,)))": 2.7099275632712428e-17,
    "(((1,), (0,)), ((2,), (0,)))": -1.5253839071573284e-17,
    "(((1,), (0,)), ((2,), (1,)))": 2.4179136387696823e-16,
    "(((1,), (0,)), ((3,), (0,)))": -2.2744372512774185e-16,
    "(((1,), (0,)), ((3,), (1,)))": -0.015212699893088811,
    "(((1,), (0,)), ((4,), (0,)))": 0.030326391281581808,
    "(((1,), (0,)), ((4,), (1,)))": 1.0763514865495404e-17,
    "(((1,), (1,)), ((0,), (0,)))": -2.835184761045391e-20,
    "(((1,), (1,)), ((0,), (1,)))": 0.0005435413027267536,
    "(((1,), (1,)), ((1,), (0,)))": 2.7899760534098795e-17,
    "(((1,), (1,)), ((1,), (1,)))": -0.01862521409564638,
    "(((1,), (1,)), ((2,), (0,)))": 2.471592204609774e-16,
    "(((1,), (1,)), ((2,), (1,)))": 1.641867916749823e-18,
    "(((1,), (1,)), ((3,), (0,)))": -0.016207846293628692,
    "(((1,), (1,)), ((3,), (1,)))": 6.806214301192347e-19,
    "(((1,), (1,)), ((4,), (0,)))": -6.82571797019819e-17,
    "(((1,), (1,)), ((4,), (1,)))": -0.0030829820975897112,
    "(((2,), (0,)), ((0,), (0,)))": 7.112471245687718e-20,
    "(((2,), (0,)), ((0,), (1,)))": -2.472756681464024e-18,
    "(((2,), (0,)), ((1,), (0,)))": -1.5253839071573297e-17,
    "(((2,), (0,)), ((1,), (1,)))": 2.471592204609774e-16,
    "(((2,), (0,)), ((2,), (0,)))": -0.016586712760656697,
    "(((2,), (0,)), ((2,), (1,)))": 3.416009126439774e-17,
    "(((2,), (0,)), ((3,), (0,)))": 1.1648296759704284e-15,
    "(((2,), (0,)), ((3,), (1,)))": -7.283003054480779e-17,
    "(((2,), (0,)), ((4,), (0,)))": 9.13731131484782e-17,
    "(((2,), (0,)), ((4,), (1,)))": -2.4201320395248416e-15,
    "(((2,), (1,)), ((0,), (0,)))": -1.2496783033815894e-19,
    "(((2,), (1,)), ((0,), (1,)))": -4.4855165400100076e-20,
    "(((2,), (1,)), ((1,), (0,)))": 2.4179136387696823e-16,
    "(((2,), (1,)), ((1,), (1,)))": 1.641867916749832e-18,
    "(((2,), (1,)), ((2,), (0,)))": 3.4150976714651073e-17,
    "(((2,), (1,)), ((2,), (1,)))": -0.013462868422393633,
    "(((2,), (1,)), ((3,), (0,)))": -6.410140657726997e-17,
    "(((2,), (1,)), ((3,), (1,)))": 2.907766907966326e-15,
    "(((2,), (1,)), ((4,), (0,)))": -2.2526212995463763e-15,
    "(((2,), (1,)), ((4,), (1,)))": 3.2401896133278326e-17,
    "(((3,), (0,)), ((0,), (0,)))": 1.0179183626401732e-18,
    "(((3,), (0,)), ((0,), (1,)))": 0.00015977183555950598,
    "(((3,), (0,)), ((1,), (0,)))": -2.266570717049389e-16,
    "(((3,), (0,)), ((1,), (1,)))": -0.016207846293628696,
    "(((3,), (0,)), ((2,), (0,)))": 1.1648296759704284e-15,
    "(((3,), (0,)), ((2,), (1,)))": -6.410140657726997e-17,
    "(((3,), (0,)), ((3,), (0,)))": -0.09387358771927395,
    "(((3,), (0,)), ((3,), (1,)))": -1.4574191401028983e-15,
    "(((3,), (0,)), ((4,), (0,)))": 9.997640556453483e-16,
    "(((3,), (0,)), ((4,), (1,)))": 0.1595238385771357,
    "(((3,), (1,)), ((0,), (0,)))": 1.1816260840837207e-05,
    "(((3,), (1,)), ((0,), (1,)))": -5.812175778607421e-19,
    "(((3,), (1,)), ((1,), (0,)))": -0.015212699893088806,
    "(((3,), (1,)), ((1,), (1,)))": -9.724872767555092e-20,
    "(((3,), (1,)), ((2,), (0,)))": -7.283003054480779e-17,
    "(((3,), (1,)), ((2,), (1,)))": 2.907766907966326e-15,
    "(((3,), (1,)), ((3,), (0,)))": -1.4574201170561083e-15,
    "(((3,), (1,)), ((3,), (1,)))": -0.20154371709971897,
    "(((3,), (1,)), ((4,), (0,)))": 0.14532440058830776,
    "(((3,), (1,)), ((4,), (1,)))": -1.0476373334807187e-15,
    "(((4,), (0,)), ((0,), (0,)))": -0.00014653607954034388,
    "(((4,), (0,)), ((0,), (1,)))": 4.561988813106568e-19,
    "(((4,), (0,)), ((1,), (0,)))": 0.030326391281581808,
    "(((4,), (0,)), ((1,), (1,)))": -6.649889231628235e-17,
    "(((4,), (0,)), ((2,), (0,)))": 9.13731131484782e-17,
    "(((4,), (0,)), ((2,), (1,)))": -2.2526212995463763e-15,
    "(((4,), (0,)), ((3,), (0,)))": 9.998185845111504e-16,
    "(((4,), (0,)), ((3,), (1,)))": 0.14532440058830776,
    "(((4,), (0,)), ((4,), (0,)))": -0.2296510976631741,
    "(((4,), (0,)), ((4,), (1,)))": 1.6268173957033913e-15,
    "(((4,), (1,)), ((0,), (0,)))": -1.3525194091973459e-19,
    "(((4,), (1,)), ((0,), (1,)))": 0.00011072459289096425,
    "(((4,), (1,)), ((1,), (0,)))": 9.090456513056708e-18,
    "(((4,), (1,)), ((1,), (1,)))": -0.0030829820975897112,
    "(((4,), (1,)), ((2,), (0,)))": -2.4201320395248416e-15,
    "(((4,), (1,)), ((2,), (1,)))": 3.2401896133278326e-17,
    "(((4,), (1,)), ((3,), (0,)))": 0.15952383857713573,
    "(((4,), (1,)), ((3,), (1,)))": -1.0476894195560153e-15,
    "(((4,), (1,)), ((4,), (0,)))": 1.6270842862488471e-15,
    "(((4,), (1,)), ((4,), (1,)))": -0.09361350877805184
  }
}