{
  "E": -75.01809507076497,
  "sol": {
    "(((), ()), ((), ()))": 0.9810179264947195,
    "(((0,), (0,)), ((), ()))": -4.0233383076551816e-05,
    "(((), ()), ((0,), (0,)))": -4.0233383076551816e-05,
    "(((0,), (1,)), ((), ()))": -1.3787975146092117e-16,
    "(((), ()), ((0,), (1,)))": -1.3787975146092117e-16,
    "(((1,), (0,)), ((), ()))": -0.0017490338869230893,
    "(((), ()), ((1,), (0,)))": -0.0017490338869230893,
    "(((1,), (1,)), ((), ()))": -1.5934235508390434e-16,
    "(((), ()), ((1,), (1,)))": -1.5934235508390434e-16,
    "(((2,), (0,)), ((), ()))": -4.332937503837392e-16,
    "(((), ()), ((2,), (0,)))": -4.332937503837392e-16,
    "(((2,), (1,)), ((), ()))": -0.0024593096354158283,
    "(((), ()), ((2,), (1,)))": -0.0024593096354158283,
    "(((3,), (0,)), ((), ()))": 0.017272987701489762,
    "(((), ()), ((3,), (0,)))": 0.017272987701489762,
    "(((3,), (1,)), ((), ()))": -8.431265690291777e-16,
    "(((), ()), ((3,), (1,)))": -8.431265690291777e-16,
    "(((4,), (0,)), ((), ()))": -5.149325422157635e-17,
    "(((), ()), ((4,), (0,)))": -5.149325422157635e-17,
    "(((4,), (1,)), ((), ()))": 1.159881055463394e-16,
    "(((), ()), ((4,), (1,)))": 1.159881055463394e-16,
    "(((0,), (0,)), ((0,), (0,)))": -0.0005516103255591454,
    "(((0,), (0,)), ((0,), (1,)))": 1.2129280879544219e-20,
    "(((0,), (0,)), ((1,), (0,)))": 0.0003564500525355725,
    "(((0,), (0,)), ((1,), (1,)))": 1.0581125860963836e-19,
    "(((0,), (0,)), ((2,), (0,)))": 5.730315463559609e-20,
    "(((0,), (0,)), ((2,), (1,)))": 0.00019240700910839613,
    "(((0,), (0,)), ((3,), (0,)))": 9.545162690766142e-05,
    "(((0,), (0,)), ((3,), (1,)))": -2.3894734350922253e-19,
    "(((0,), (0,)), ((4,), (0,)))": 6.909259943385733e-20,
    "(((0,), (0,)), ((4,), (1,)))": 1.0424024182965786e-19,
    "(((0,), (1,)), ((0,), (0,)))": -8.068658116728716e-20,
    "(((0,), (1,)), ((0,), (1,)))": -0.00038097263730424154,
    "(((0,), (1,)), ((1,), (0,)))": 1.2524305086885191e-18,
    "(((0,), (1,)), ((1,), (1,)))": 0.0007335201182014383,
    "(((0,), (1,)), ((2,), (0,)))": -0.00021619344436518944,
    "(((0,), (1,)), ((2,), (1,)))": 4.498833179232511e-19,
    "(((0,), (1,)), ((3,), (0,)))": -1.5827409432587574e-18,
    "(((0,), (1,)), ((3,), (1,)))": -0.00044478324604479746,
    "(((0,), (1,)), ((4,), (0,)))": -1.1977337994304242e-19,
    "(((0,), (1,)), ((4,), (1,)))": 2.1357151963745046e-20,
    "(((1,), (0,)), ((0,), (0,)))": 0.00035645005253557205,
    "(((1,), (0,)), ((0,), (1,)))": 1.094597874451267e-18,
    "(((1,), (0,)), ((1,), (0,)))": -0.03127115907681871,
    "(((1,), (0,)), ((1,), (1,)))": -5.391920292652481e-17,
    "(((1,), (0,)), ((2,), (0,)))": 8.64900495343089e-18,
    "(((1,), (0,)), ((2,), (1,)))": 0.030883508653695747,
    "(((1,), (0,)), ((3,), (0,)))": -0.03608975216771093,
    "(((1,), (0,)), ((3,), (1,)))": -5.048791123219394e-17,
    "(((1,), (0,)), ((4,), (0,)))": -7.29209727100344e-18,
    "(((1,), (0,)), ((4,), (1,)))": 1.590882181020859e-17,
    "(((1,), (1,)), ((0,), (0,)))": 3.0000191707004923e-19,
    "(((1,), (1,)), ((0,), (1,)))": 0.0007335201182014385,
    "(((1,), (1,)), ((1,), (0,)))": -5.366102639689312e-17,
    "(((1,), (1,)), ((1,), (1,)))": -0.01798355419600866,
    "(((1,), (1,)), ((2,), (0,)))": 0.021167641310220763,
    "(((1,), (1,)), ((2,), (1,)))": 8.24620111764295e-17,
    "(((1,), (1,)), ((3,), (0,)))": -8.140613476133776e-17,
    "(((1,), (1,)), ((3,), (1,)))": 0.0037084867470778484,
    "(((1,), (1,)), ((4,), (0,)))": 1.0911218194363403e-17,
    "(((1,), (1,)), ((4,), (1,)))": 9.010084353548098e-19,
    "(((2,), (0,)), ((0,), (0,)))": 1.2990921907814192e-19,
    "(((2,), (0,)), ((0,), (1,)))": -0.0002161934443651897,
    "(((2,), (0,)), ((1,), (0,)))": -3.3905121374614973e-18,
    "(((2,), (0,)), ((1,), (1,)))": 0.021167641310220763,
    "(((2,), (0,)), ((2,), (0,)))": -0.051650303822849755,
    "(((2,), (0,)), ((2,), (1,)))": 9.599868877933995e-18,
    "(((2,), (0,)), ((3,), (0,)))": -3.371130641588163e-17,
    "(((2,), (0,)), ((3,), (1,)))": 0.0460864111435097,
    "(((2,), (0,)), ((4,), (0,)))": -1.344542031857142e-17,
    "(((2,), (0,)), ((4,), (1,)))": -1.7063862474004974e-18,
    "(((2,), (1,)), ((0,), (0,)))": 0.00019240700910839656,
    "(((2,), (1,)), ((0,), (1,)))": 5.897207083457664e-19,
    "(((2,), (1,)), ((1,), (0,)))": 0.030883508653695754,
    "(((2,), (1,)), ((1,), (1,)))": 8.247778821103002e-17,
    "(((2,), (1,)), ((2,), (0,)))": 5.453664564471029e-18,
    "(((2,), (1,)), ((2,), (1,)))": -0.08892937456184458,
    "(((2,), (1,)), ((3,), (0,)))": 0.061214906004292115,
    "(((2,), (1,)), ((3,), (1,)))": 1.672950887096601e-16,
    "(((2,), (1,)), ((4,), (0,)))": 7.384537838867604e-18,
    "(((2,), (1,)), ((4,), (1,)))": -4.098390797505077e-17,
    "(((3,), (0,)), ((0,), (0,)))": 9.545162690766066e-05,
    "(((3,), (0,)), ((0,), (1,)))": -1.3380871964346587e-18,
    "(((3,), (0,)), ((1,), (0,)))": -0.03608975216771093,
    "(((3,), (0,)), ((1,), (1,)))": -8.660880997952225e-17,
    "(((3,), (0,)), ((2,), (0,)))": -4.171984786198005e-17,
    "(((3,), (0,)), ((2,), (1,)))": 0.061214906004292094,
    "(((3,), (0,)), ((3,), (0,)))": -0.06442579134139832,
    "(((3,), (0,)), ((3,), (1,)))": -1.4463861032842133e-16,
    "(((3,), (0,)), ((4,), (0,)))": -6.08581615712603e-18,
    "(((3,), (0,)), ((4,), (1,)))": 3.244572236484568e-17,
    "(((3,), (1,)), ((0,), (0,)))": -4.812671845430625e-19,
    "(((3,), (1,)), ((0,), (1,)))": -0.00044478324604479746,
    "(((3,), (1,)), ((1,), (0,)))": -4.402658025904106e-17,
    "(((3,), (1,)), ((1,), (1,)))": 0.003708486747077841,
    "(((3,), (1,)), ((2,), (0,)))": 0.04608641114350972,
    "(((3,), (1,)), ((2,), (1,)))": 1.697810644267128e-16,
    "(((3,), (1,)), ((3,), (0,)))": -1.5521036410054792e-16,
    "(((3,), (1,)), ((3,), (1,)))": -0.048436338032990994,
    "(((3,), (1,)), ((4,), (0,)))": 2.3600123782518797e-17,
    "(((3,), (1,)), ((4,), (1,)))": 2.9685879725817297e-18,
    "(((4,), (0,)), ((0,), (0,)))": 6.909259943385723e-20,
    "(((4,), (0,)), ((0,), (1,)))": -1.197733799430427e-19,
    "(((4,), (0,)), ((1,), (0,)))": -7.29209727100345e-18,
    "(((4,), (0,)), ((1,), (1,)))": 1.0911218194363406e-17,
    "(((4,), (0,)), ((2,), (0,)))": -1.3445420318571417e-17,
    "(((4,), (0,)), ((2,), (1,)))": 7.384537838867588e-18,
    "(((4,), (0,)), ((3,), (0,)))": -6.085816157126009e-18,
    "(((4,), (0,)), ((3,), (1,)))": 2.3600123782518797e-17,
    "(((4,), (0,)), ((4,), (0,)))": -0.025552384030735675,
    "(((4,), (0,)), ((4,), (1,)))": -1.827854455355166e-17,
    "(((4,), (1,)), ((0,), (0,)))": 1.042402418296582e-19,
    "(((4,), (1,)), ((0,), (1,)))": 2.1357151963745085e-20,
    "(((4,), (1,)), ((1,), (0,)))": 1.590882181020859e-17,
    "(((4,), (1,)), ((1,), (1,)))": 9.01008435354809e-19,
    "(((4,), (1,)), ((2,), (0,)))": -1.706386247400492e-18,
    "(((4,), (1,)), ((2,), (1,)))": -4.098390797505077e-17,
    "(((4,), (1,)), ((3,), (0,)))": 3.244572236484568e-17,
    "(((4,), (1,)), ((3,), (1,)))": 2.968587972581728e-18,
    "(((4,), (1,)), ((4,), (0,)))": -2.520230235212618e-17,
    "(((4,), (1,)), ((4,), (1,)))": -0.01157093726329537
  }
}