{
  "E": -75.01449882669606,
  "sol": {
    "(((), ()), ((), ()))": 0.9840747245155442,
    "(((0,), (0,)), ((), ()))": 3.437009301442587e-05,
    "(((), ()), ((0,), (0,)))": 3.437009301442587e-05,
    "(((0,), (1,)), ((), ()))": 7.812002522493688e-06,
    "(((), ()), ((0,), (1,)))": 7.812002522493688e-06,
    "(((1,), (0,)), ((), ()))": 0.0008347774452131851,
    "(((), ()), ((1,), (0,)))": 0.0008347774452131851,
    "(((1,), (1,)), ((), ()))": -0.00021540734684249112,
    "(((), ()), ((1,), (1,)))": -0.00021540734684249112,
    "(((2,), (0,)), ((), ()))": -0.0003217774244974572,
    "(((), ()), ((2,), (0,)))": -0.0003217774244974572,
    "(((2,), (1,)), ((), ()))": 0.002711810771538148,
    "(((), ()), ((2,), (1,)))": 0.002711810771538148,
    "(((3,), (0,)), ((), ()))": -0.014763856834670987,
    "(((), ()), ((3,), (0,)))": -0.014763856834670987,
    "(((3,), (1,)), ((), ()))": -0.002808268715019298,
    "(((), ()), ((3,), (1,)))": -0.002808268715019298,
    "(((4,), (0,)), ((), ()))": 4.5702205041126313e-17,
    "(((), ()), ((4,), (0,)))": 4.5702205041126313e-17,
    "(((4,), (1,)), ((), ()))": -1.4380588464464406e-16,
    "(((), ()), ((4,), (1,)))": -1.4380588464464406e-16,
    "(((0,), (0,)), ((0,), (0,)))": -0.0005584717389042559,
    "(((0,), (0,)), ((0,), (1,)))": -8.327770131324e-05,
    "(((0,), (0,)), ((1,), (0,)))": 0.0003677884730326606,
    "(((0,), (0,)), ((1,), (1,)))": -0.00013780677514770275,
    "(((0,), (0,)), ((2,), (0,)))": 3.105477946283494e-05,
    "(((0,), (0,)), ((2,), (1,)))": 0.00020681723583399945,
    "(((0,), (0,)), ((3,), (0,)))": 5.009691267917314e-05,
    "(((0,), (0,)), ((3,), (1,)))": 0.00019688457212739828,
    "(((0,), (0,)), ((4,), (0,)))": -1.555962089636056e-19,
    "(((0,), (0,)), ((4,), (1,)))": 4.480770097201251e-19,
    "(((0,), (1,)), ((0,), (0,)))": -8.327770131324025e-05,
    "(((0,), (1,)), ((0,), (1,)))": -0.0004396361530900969,
    "(((0,), (1,)), ((1,), (0,)))": -0.0001305941573780482,
    "(((0,), (1,)), ((1,), (1,)))": 0.0006776511079624382,
    "(((0,), (1,)), ((2,), (0,)))": -0.00023327747505830356,
    "(((0,), (1,)), ((2,), (1,)))": 5.6304507751479454e-05,
    "(((0,), (1,)), ((3,), (0,)))": 0.00014735996671109416,
    "(((0,), (1,)), ((3,), (1,)))": -0.000421180648653372,
    "(((0,), (1,)), ((4,), (0,)))": -4.945195690037325e-19,
    "(((0,), (1,)), ((4,), (1,)))": -4.642137574063905e-21,
    "(((1,), (0,)), ((0,), (0,)))": 0.0003677884730326611,
    "(((1,), (0,)), ((0,), (1,)))": -0.0001305941573780482,
    "(((1,), (0,)), ((1,), (0,)))": -0.02931507416191476,
    "(((1,), (0,)), ((1,), (1,)))": -0.005253488431901359,
    "(((1,), (0,)), ((2,), (0,)))": -0.015049202869818677,
    "(((1,), (0,)), ((2,), (1,)))": 0.025274913647839257,
    "(((1,), (0,)), ((3,), (0,)))": -0.031211136973789765,
    "(((1,), (0,)), ((3,), (1,)))": -0.01003757810220341,
    "(((1,), (0,)), ((4,), (0,)))": -1.9366066533679084e-17,
    "(((1,), (0,)), ((4,), (1,)))": 6.362955333904374e-17,
    "(((1,), (1,)), ((0,), (0,)))": -0.0001378067751477028,
    "(((1,), (1,)), ((0,), (1,)))": 0.0006776511079624381,
    "(((1,), (1,)), ((1,), (0,)))": -0.0052534884319013955,
    "(((1,), (1,)), ((1,), (1,)))": -0.019321786953165963,
    "(((1,), (1,)), ((2,), (0,)))": 0.015129705920459306,
    "(((1,), (1,)), ((2,), (1,)))": 0.016525485729336285,
    "(((1,), (1,)), ((3,), (0,)))": -0.010880095805564318,
    "(((1,), (1,)), ((3,), (1,)))": 0.0008108065538098468,
    "(((1,), (1,)), ((4,), (0,)))": 4.730033507904736e-17,
    "(((1,), (1,)), ((4,), (1,)))": 4.01214299394113e-17,
    "(((2,), (0,)), ((0,), (0,)))": 3.105477946283537e-05,
    "(((2,), (0,)), ((0,), (1,)))": -0.00023327747505830421,
    "(((2,), (0,)), ((1,), (0,)))": -0.015049202869818687,
    "(((2,), (0,)), ((1,), (1,)))": 0.015129705920459318,
    "(((2,), (0,)), ((2,), (0,)))": -0.05162073081428018,
    "(((2,), (0,)), ((2,), (1,)))": 0.012516202030124664,
    "(((2,), (0,)), ((3,), (0,)))": -0.03497319135569216,
    "(((2,), (0,)), ((3,), (1,)))": 0.03064442948854002,
    "(((2,), (0,)), ((4,), (0,)))": -7.73472357510773e-17,
    "(((2,), (0,)), ((4,), (1,)))": 3.9525314016892085e-17,
    "(((2,), (1,)), ((0,), (0,)))": 0.0002068172358340015,
    "(((2,), (1,)), ((0,), (1,)))": 5.630450775147984e-05,
    "(((2,), (1,)), ((1,), (0,)))": 0.02527491364783925,
    "(((2,), (1,)), ((1,), (1,)))": 0.016525485729336292,
    "(((2,), (1,)), ((2,), (0,)))": 0.012516202030124667,
    "(((2,), (1,)), ((2,), (1,)))": -0.07658377137967003,
    "(((2,), (1,)), ((3,), (0,)))": 0.04436934712800526,
    "(((2,), (1,)), ((3,), (1,)))": 0.02026723682937405,
    "(((2,), (1,)), ((4,), (0,)))": 1.852168410217965e-17,
    "(((2,), (1,)), ((4,), (1,)))": -1.5675139441700263e-16,
    "(((3,), (0,)), ((0,), (0,)))": 5.009691267917284e-05,
    "(((3,), (0,)), ((0,), (1,)))": 0.00014735996671109432,
    "(((3,), (0,)), ((1,), (0,)))": -0.031211136973789754,
    "(((3,), (0,)), ((1,), (1,)))": -0.010880095805564363,
    "(((3,), (0,)), ((2,), (0,)))": -0.03497319135569216,
    "(((3,), (0,)), ((2,), (1,)))": 0.04436934712800523,
    "(((3,), (0,)), ((3,), (0,)))": -0.06156593576484265,
    "(((3,), (0,)), ((3,), (1,)))": 0.006851748109073482,
    "(((3,), (0,)), ((4,), (0,)))": -7.837240761631373e-17,
    "(((3,), (0,)), ((4,), (1,)))": 1.1665629054888625e-16,
    "(((3,), (1,)), ((0,), (0,)))": 0.00019688457212739823,
    "(((3,), (1,)), ((0,), (1,)))": -0.0004211806486533719,
    "(((3,), (1,)), ((1,), (0,)))": -0.010037578102203373,
    "(((3,), (1,)), ((1,), (1,)))": 0.0008108065538098425,
    "(((3,), (1,)), ((2,), (0,)))": 0.03064442948854004,
    "(((3,), (1,)), ((2,), (1,)))": 0.02026723682937405,
    "(((3,), (1,)), ((3,), (0,)))": 0.0068517481090734494,
    "(((3,), (1,)), ((3,), (1,)))": -0.039361173062861736,
    "(((3,), (1,)), ((4,), (0,)))": 9.62479436077533e-17,
    "(((3,), (1,)), ((4,), (1,)))": 4.745268489364811e-17,
    "(((4,), (0,)), ((0,), (0,)))": -1.5559620896360477e-19,
    "(((4,), (0,)), ((0,), (1,)))": -4.945195690037328e-19,
    "(((4,), (0,)), ((1,), (0,)))": -1.9366066533679103e-17,
    "(((4,), (0,)), ((1,), (1,)))": 4.7300335079047376e-17,
    "(((4,), (0,)), ((2,), (0,)))": -7.734723575107729e-17,
    "(((4,), (0,)), ((2,), (1,)))": 1.8521684102179588e-17,
    "(((4,), (0,)), ((3,), (0,)))": -7.83724076163137e-17,
    "(((4,), (0,)), ((3,), (1,)))": 9.624794360775324e-17,
    "(((4,), (0,)), ((4,), (0,)))": -0.024325715570856665,
    "(((4,), (0,)), ((4,), (1,)))": -0.004033843821143662,
    "(((4,), (1,)), ((0,), (0,)))": 4.480770097201266e-19,
    "(((4,), (1,)), ((0,), (1,)))": -4.642137574063183e-21,
    "(((4,), (1,)), ((1,), (0,)))": 6.362955333904374e-17,
    "(((4,), (1,)), ((1,), (1,)))": 4.012142993941133e-17,
    "(((4,), (1,)), ((2,), (0,)))": 3.9525314016892134e-17,
    "(((4,), (1,)), ((2,), (1,)))": -1.5675139441700263e-16,
    "(((4,), (1,)), ((3,), (0,)))": 1.1665629054888627e-16,
    "(((4,), (1,)), ((3,), (1,)))": 4.7452684893648105e-17,
    "(((4,), (1,)), ((4,), (0,)))": -0.004033843821143659,
    "(((4,), (1,)), ((4,), (1,)))": -0.012143312930502876
  }
}