{
  "E": -15.567969556125746,
  "sol": {
    "(((), ()), ((), ()))": 0.9800035977179502,
    "(((0,), (0,)), ((), ()))": 2.5252359289810182e-18,
    "(((), ()), ((0,), (0,)))": 2.5252359289810182e-18,
    "(((0,), (1,)), ((), ()))": -1.222192367297095e-19,
    "(((), ()), ((0,), (1,)))": -1.222192367297095e-19,
    "(((0,), (2,)), ((), ()))": 0.0003457999042048496,
    "(((), ()), ((0,), (2,)))": 0.0003457999042048496,
    "(((0,), (3,)), ((), ()))": 1.264392063456151e-17,
    "(((), ()), ((0,), (3,)))": 1.264392063456151e-17,
    "(((1,), (0,)), ((), ()))": -1.035214905974009e-18,
    "(((), ()), ((1,), (0,)))": -1.035214905974009e-18,
    "(((1,), (1,)), ((), ()))": 2.5139350841449947e-16,
    "(((), ()), ((1,), (1,)))": 2.5139350841449947e-16,
    "(((1,), (2,)), ((), ()))": -0.012214666977259078,
    "(((), ()), ((1,), (2,)))": -0.012214666977259078,
    "(((1,), (3,)), ((), ()))": -3.6513444191946377e-16,
    "(((), ()), ((1,), (3,)))": -3.6513444191946377e-16,
    "(((2,), (0,)), ((), ()))": -2.9165643286185936e-18,
    "(((), ()), ((2,), (0,)))": -2.9165643286185936e-18,
    "(((2,), (1,)), ((), ()))": 2.6015513493952315e-17,
    "(((), ()), ((2,), (1,)))": 2.6015513493952315e-17,
    "(((2,), (2,)), ((), ()))": -7.570497347469136e-17,
    "(((), ()), ((2,), (2,)))": -7.570497347469136e-17,
    "(((2,), (3,)), ((), ()))": -0.003827549672447359,
    "(((), ()), ((2,), (3,)))": -0.003827549672447359,
    "(((0,), (0,)), ((0,), (0,)))": -0.0014988281771192956,
    "(((0,), (0,)), ((0,), (1,)))": 1.4913665369360575e-19,
    "(((0,), (0,)), ((0,), (2,)))": -2.123646327323512e-19,
    "(((0,), (0,)), ((0,), (3,)))": 1.0282821948712168e-19,
    "(((0,), (0,)), ((1,), (0,)))": 0.0030287037997097322,
    "(((0,), (0,)), ((1,), (1,)))": -4.2658269511969067e-19,
    "(((0,), (0,)), ((1,), (2,)))": 1.622376058238222e-18,
    "(((0,), (0,)), ((1,), (3,)))": -2.2831433395457504e-19,
    "(((0,), (0,)), ((2,), (0,)))": 3.088195343554626e-17,
    "(((0,), (0,)), ((2,), (1,)))": -8.198557623461776e-22,
    "(((0,), (0,)), ((2,), (2,)))": -2.3369894743642205e-20,
    "(((0,), (0,)), ((2,), (3,)))": -8.295876832654503e-19,
    "(((0,), (1,)), ((0,), (0,)))": 2.684432045047207e-19,
    "(((0,), (1,)), ((0,), (1,)))": -0.001498828177119297,
    "(((0,), (1,)), ((0,), (2,)))": 8.69314887378329e-20,
    "(((0,), (1,)), ((0,), (3,)))": 1.8312316708041713e-19,
    "(((0,), (1,)), ((1,), (0,)))": -4.065394841584198e-19,
    "(((0,), (1,)), ((1,), (1,)))": 0.003028703799709735,
    "(((0,), (1,)), ((1,), (2,)))": 3.9768841170413274e-18,
    "(((0,), (1,)), ((1,), (3,)))": -2.951608461636699e-19,
    "(((0,), (1,)), ((2,), (0,)))": 6.907319811184283e-21,
    "(((0,), (1,)), ((2,), (1,)))": 3.0844994557600345e-17,
    "(((0,), (1,)), ((2,), (2,)))": -7.618538567062297e-19,
    "(((0,), (1,)), ((2,), (3,)))": -1.82770763250998e-18,
    "(((0,), (2,)), ((0,), (0,)))": -2.123646327323507e-19,
    "(((0,), (2,)), ((0,), (1,)))": 8.693148873783598e-20,
    "(((0,), (2,)), ((0,), (2,)))": -0.002071159538569601,
    "(((0,), (2,)), ((0,), (3,)))": -2.3557502962066136e-17,
    "(((0,), (2,)), ((1,), (0,)))": 1.620363587492373e-18,
    "(((0,), (2,)), ((1,), (1,)))": 2.6369688017707712e-18,
    "(((0,), (2,)), ((1,), (2,)))": -0.0009952089073309452,
    "(((0,), (2,)), ((1,), (3,)))": -3.3350073320028413e-18,
    "(((0,), (2,)), ((2,), (0,)))": 1.2469577872409272e-20,
    "(((0,), (2,)), ((2,), (1,)))": 2.0602243211110706e-19,
    "(((0,), (2,)), ((2,), (2,)))": -6.532159601834994e-17,
    "(((0,), (2,)), ((2,), (3,)))": 0.0004868148226838487,
    "(((0,), (3,)), ((0,), (0,)))": 1.0282821948712168e-19,
    "(((0,), (3,)), ((0,), (1,)))": 1.8312316708041718e-19,
    "(((0,), (3,)), ((0,), (2,)))": -2.4626719471050904e-17,
    "(((0,), (3,)), ((0,), (3,)))": -0.0015559484352345256,
    "(((0,), (3,)), ((1,), (0,)))": -2.2408939448330374e-19,
    "(((0,), (3,)), ((1,), (1,)))": -4.458783948967642e-19,
    "(((0,), (3,)), ((1,), (2,)))": -5.6042450410382724e-18,
    "(((0,), (3,)), ((1,), (3,)))": 0.001523389897495363,
    "(((0,), (3,)), ((2,), (0,)))": -2.7937110394840797e-19,
    "(((0,), (3,)), ((2,), (1,)))": -6.677728937379302e-19,
    "(((0,), (3,)), ((2,), (2,)))": 0.0001059507457263478,
    "(((0,), (3,)), ((2,), (3,)))": 1.2035915971566344e-17,
    "(((1,), (0,)), ((0,), (0,)))": 0.0030287037997097322,
    "(((1,), (0,)), ((0,), (1,)))": -5.545326766964107e-19,
    "(((1,), (0,)), ((0,), (2,)))": 1.6203635874923725e-18,
    "(((1,), (0,)), ((0,), (3,)))": -2.240893944833042e-19,
    "(((1,), (0,)), ((1,), (0,)))": -0.05194450579637721,
    "(((1,), (0,)), ((1,), (1,)))": 1.0518866909391498e-17,
    "(((1,), (0,)), ((1,), (2,)))": 1.1777339836318853e-18,
    "(((1,), (0,)), ((1,), (3,)))": 2.9760430600838697e-18,
    "(((1,), (0,)), ((2,), (0,)))": -4.622067206644379e-16,
    "(((1,), (0,)), ((2,), (1,)))": 2.4240497365393118e-19,
    "(((1,), (0,)), ((2,), (2,)))": 1.3766489279170717e-18,
    "(((1,), (0,)), ((2,), (3,)))": -1.1430875467498888e-17,
    "(((1,), (1,)), ((0,), (0,)))": -3.1770215876247317e-19,
    "(((1,), (1,)), ((0,), (1,)))": 0.003028703799709735,
    "(((1,), (1,)), ((0,), (2,)))": 2.636968801770768e-18,
    "(((1,), (1,)), ((0,), (3,)))": -4.458783948967628e-19,
    "(((1,), (1,)), ((1,), (0,)))": 7.52162011434154e-18,
    "(((1,), (1,)), ((1,), (1,)))": -0.051944505796377244,
    "(((1,), (1,)), ((1,), (2,)))": -3.7229346660293284e-17,
    "(((1,), (1,)), ((1,), (3,)))": -2.218876371940075e-18,
    "(((1,), (1,)), ((2,), (0,)))": -2.9425826545753377e-19,
    "(((1,), (1,)), ((2,), (1,)))": -4.620681349906973e-16,
    "(((1,), (1,)), ((2,), (2,)))": 2.469782244827072e-17,
    "(((1,), (1,)), ((2,), (3,)))": -7.303182052473603e-18,
    "(((1,), (2,)), ((0,), (0,)))": 1.6223760582382223e-18,
    "(((1,), (2,)), ((0,), (1,)))": 3.976884117041326e-18,
    "(((1,), (2,)), ((0,), (2,)))": -0.0009952089073309424,
    "(((1,), (2,)), ((0,), (3,)))": -5.3544151388140564e-18,
    "(((1,), (2,)), ((1,), (0,)))": 1.1777339836318932e-18,
    "(((1,), (2,)), ((1,), (1,)))": -3.7229346660293284e-17,
    "(((1,), (2,)), ((1,), (2,)))": -0.07222282114075189,
    "(((1,), (2,)), ((1,), (3,)))": -1.458792996084125e-15,
    "(((1,), (2,)), ((2,), (0,)))": 1.379107368154045e-18,
    "(((1,), (2,)), ((2,), (1,)))": 2.5103918890641408e-17,
    "(((1,), (2,)), ((2,), (2,)))": -4.962089851440234e-16,
    "(((1,), (2,)), ((2,), (3,)))": 0.0642583749004515,
    "(((1,), (3,)), ((0,), (0,)))": -2.2831433395457427e-19,
    "(((1,), (3,)), ((0,), (1,)))": -2.951608461636715e-19,
    "(((1,), (3,)), ((0,), (2,)))": -3.385547970931164e-18,
    "(((1,), (3,)), ((0,), (3,)))": 0.001523389897495362,
    "(((1,), (3,)), ((1,), (0,)))": 2.976043060083865e-18,
    "(((1,), (3,)), ((1,), (1,)))": -2.2188763719400886e-18,
    "(((1,), (3,)), ((1,), (2,)))": -1.4285640000184157e-15,
    "(((1,), (3,)), ((1,), (3,)))": -0.036792092276624555,
    "(((1,), (3,)), ((2,), (0,)))": -9.429438824805476e-18,
    "(((1,), (3,)), ((2,), (1,)))": -1.0113529579318726e-17,
    "(((1,), (3,)), ((2,), (2,)))": 0.054485461368195084,
    "(((1,), (3,)), ((2,), (3,)))": 1.5352049609123678e-15,
    "(((2,), (0,)), ((0,), (0,)))": 3.079971970235786e-17,
    "(((2,), (0,)), ((0,), (1,)))": -1.5306989167403948e-20,
    "(((2,), (0,)), ((0,), (2,)))": 1.2469577872410223e-20,
    "(((2,), (0,)), ((0,), (3,)))": -2.7937110394840836e-19,
    "(((2,), (0,)), ((1,), (0,)))": -4.620650585361362e-16,
    "(((2,), (0,)), ((1,), (1,)))": -9.635887084042342e-22,
    "(((2,), (0,)), ((1,), (2,)))": 1.379107368154036e-18,
    "(((2,), (0,)), ((1,), (3,)))": -9.429438824805463e-18,
    "(((2,), (0,)), ((2,), (0,)))": 0.0023167317355507044,
    "(((2,), (0,)), ((2,), (1,)))": -6.579768115695287e-19,
    "(((2,), (0,)), ((2,), (2,)))": 1.8359233303010892e-17,
    "(((2,), (0,)), ((2,), (3,)))": -1.6175938350275068e-18,
    "(((2,), (1,)), ((0,), (0,)))": 1.589708362919756e-20,