{
  "E": -15.581005122483514,
  "sol": {
    "(((), ()), ((), ()))": 0.9834301447918241,
    "(((0,), (0,)), ((), ()))": 1.0705700538063285e-17,
    "(((), ()), ((0,), (0,)))": 1.0705700538063285e-17,
    "(((0,), (1,)), ((), ()))": 7.305956900996956e-19,
    "(((), ()), ((0,), (1,)))": 7.305956900996956e-19,
    "(((0,), (2,)), ((), ()))": 0.00033705095350817376,
    "(((), ()), ((0,), (2,)))": 0.00033705095350817376,
    "(((0,), (3,)), ((), ()))": 7.25904928666349e-05,
    "(((), ()), ((0,), (3,)))": 7.25904928666349e-05,
    "(((1,), (0,)), ((), ()))": 9.237642186740205e-17,
    "(((), ()), ((1,), (0,)))": 9.237642186740205e-17,
    "(((1,), (1,)), ((), ()))": 1.1836622236794382e-16,
    "(((), ()), ((1,), (1,)))": 1.1836622236794382e-16,
    "(((1,), (2,)), ((), ()))": -0.010397078805612286,
    "(((), ()), ((1,), (2,)))": -0.010397078805612286,
    "(((1,), (3,)), ((), ()))": 0.0003870116671525914,
    "(((), ()), ((1,), (3,)))": 0.0003870116671525914,
    "(((2,), (0,)), ((), ()))": 1.20583448303093e-16,
    "(((), ()), ((2,), (0,)))": 1.20583448303093e-16,
    "(((2,), (1,)), ((), ()))": 3.855943134510414e-19,
    "(((), ()), ((2,), (1,)))": 3.855943134510414e-19,
    "(((2,), (2,)), ((), ()))": 0.004094545881942687,
    "(((), ()), ((2,), (2,)))": 0.004094545881942687,
    "(((2,), (3,)), ((), ()))": 0.003654250410677421,
    "(((), ()), ((2,), (3,)))": 0.003654250410677421,
    "(((0,), (0,)), ((0,), (0,)))": -0.0015028245507952705,
    "(((0,), (0,)), ((0,), (1,)))": 5.318257268520541e-19,
    "(((0,), (0,)), ((0,), (2,)))": 3.234650048389718e-19,
    "(((0,), (0,)), ((0,), (3,)))": -8.567159947071368e-20,
    "(((0,), (0,)), ((1,), (0,)))": 0.0028272582888067147,
    "(((0,), (0,)), ((1,), (1,)))": -7.608676607609856e-19,
    "(((0,), (0,)), ((1,), (2,)))": -1.192144904583778e-18,
    "(((0,), (0,)), ((1,), (3,)))": -3.668812476691071e-19,
    "(((0,), (0,)), ((2,), (0,)))": -0.0011557396087976176,
    "(((0,), (0,)), ((2,), (1,)))": 2.8878386824922365e-19,
    "(((0,), (0,)), ((2,), (2,)))": -4.473896139177033e-19,
    "(((0,), (0,)), ((2,), (3,)))": -7.83666409767928e-19,
    "(((0,), (1,)), ((0,), (0,)))": 2.5048882374177394e-19,
    "(((0,), (1,)), ((0,), (1,)))": -0.0015028245507952705,
    "(((0,), (1,)), ((0,), (2,)))": 2.975252753094217e-20,
    "(((0,), (1,)), ((0,), (3,)))": -5.961636969939562e-20,
    "(((0,), (1,)), ((1,), (0,)))": -6.958264469604063e-19,
    "(((0,), (1,)), ((1,), (1,)))": 0.002827258288806714,
    "(((0,), (1,)), ((1,), (2,)))": -3.3831448889911873e-19,
    "(((0,), (1,)), ((1,), (3,)))": 7.799610399425891e-20,
    "(((0,), (1,)), ((2,), (0,)))": 2.8688708289091574e-19,
    "(((0,), (1,)), ((2,), (1,)))": -0.0011557396087976172,
    "(((0,), (1,)), ((2,), (2,)))": 3.9899603899770197e-20,
    "(((0,), (1,)), ((2,), (3,)))": 1.5245236519629253e-19,
    "(((0,), (2,)), ((0,), (0,)))": 3.2346500483897077e-19,
    "(((0,), (2,)), ((0,), (1,)))": 2.975252753094246e-20,
    "(((0,), (2,)), ((0,), (2,)))": -0.001978602420160316,
    "(((0,), (2,)), ((0,), (3,)))": -1.835877917191498e-05,
    "(((0,), (2,)), ((1,), (0,)))": -1.348965926769698e-19,
    "(((0,), (2,)), ((1,), (1,)))": 1.9601145259220934e-19,
    "(((0,), (2,)), ((1,), (2,)))": -0.0007258924767563368,
    "(((0,), (2,)), ((1,), (3,)))": -0.00044791760695514396,
    "(((0,), (2,)), ((2,), (0,)))": 4.0993408863540424e-19,
    "(((0,), (2,)), ((2,), (1,)))": -9.446214966114533e-20,
    "(((0,), (2,)), ((2,), (2,)))": 0.0004547011275262246,
    "(((0,), (2,)), ((2,), (3,)))": -0.00027402917112661013,
    "(((0,), (3,)), ((0,), (0,)))": -8.567159947071389e-20,
    "(((0,), (3,)), ((0,), (1,)))": -5.961636969939555e-20,
    "(((0,), (3,)), ((0,), (2,)))": -1.8358779171915813e-05,
    "(((0,), (3,)), ((0,), (3,)))": -0.0016531900149694943,
    "(((0,), (3,)), ((1,), (0,)))": 1.5019929108713164e-19,
    "(((0,), (3,)), ((1,), (1,)))": 1.5726230420797895e-19,
    "(((0,), (3,)), ((1,), (2,)))": -0.000449385678505042,
    "(((0,), (3,)), ((1,), (3,)))": 0.001125258088321861,
    "(((0,), (3,)), ((2,), (0,)))": -3.095895863659531e-19,
    "(((0,), (3,)), ((2,), (1,)))": 7.87246869196706e-20,
    "(((0,), (3,)), ((2,), (2,)))": -2.876047775759804e-05,
    "(((0,), (3,)), ((2,), (3,)))": -0.000798668820243859,
    "(((1,), (0,)), ((0,), (0,)))": 0.0028272582888067147,
    "(((1,), (0,)), ((0,), (1,)))": -8.421182223436006e-19,
    "(((1,), (0,)), ((0,), (2,)))": -1.3489659267697673e-19,
    "(((1,), (0,)), ((0,), (3,)))": 1.5019929108713048e-19,
    "(((1,), (0,)), ((1,), (0,)))": -0.045049376213989537,
    "(((1,), (0,)), ((1,), (1,)))": 1.5233612666462537e-17,
    "(((1,), (0,)), ((1,), (2,)))": 3.049956772168032e-17,
    "(((1,), (0,)), ((1,), (3,)))": 1.9614935825654276e-17,
    "(((1,), (0,)), ((2,), (0,)))": 0.018250516901405944,
    "(((1,), (0,)), ((2,), (1,)))": -6.315537776183475e-18,
    "(((1,), (0,)), ((2,), (2,)))": 1.0840589742605e-17,
    "(((1,), (0,)), ((2,), (3,)))": 1.969836118530642e-17,
    "(((1,), (1,)), ((0,), (0,)))": -6.257230569510997e-19,
    "(((1,), (1,)), ((0,), (1,)))": 0.002827258288806714,
    "(((1,), (1,)), ((0,), (2,)))": 1.9601145259220898e-19,
    "(((1,), (1,)), ((0,), (3,)))": 1.5726230420797895e-19,
    "(((1,), (1,)), ((1,), (0,)))": 1.431924637557717e-17,
    "(((1,), (1,)), ((1,), (1,)))": -0.04504937621398952,
    "(((1,), (1,)), ((1,), (2,)))": 1.418027663303855e-17,
    "(((1,), (1,)), ((1,), (3,)))": 5.1625141703537184e-18,
    "(((1,), (1,)), ((2,), (0,)))": -6.397454529443161e-18,
    "(((1,), (1,)), ((2,), (1,)))": 0.01825051690140594,
    "(((1,), (1,)), ((2,), (2,)))": -8.070330703011951e-18,
    "(((1,), (1,)), ((2,), (3,)))": 6.914743330123434e-18,
    "(((1,), (2,)), ((0,), (0,)))": -1.1921449045837731e-18,
    "(((1,), (2,)), ((0,), (1,)))": -3.383144888991178e-19,
    "(((1,), (2,)), ((0,), (2,)))": -0.0007258924767563374,
    "(((1,), (2,)), ((0,), (3,)))": -0.0004493856785050429,
    "(((1,), (2,)), ((1,), (0,)))": 3.049956772168033e-17,
    "(((1,), (2,)), ((1,), (1,)))": 1.4180276633038567e-17,
    "(((1,), (2,)), ((1,), (2,)))": -0.05279558572268027,
    "(((1,), (2,)), ((1,), (3,)))": -0.034312914970479884,
    "(((1,), (2,)), ((2,), (0,)))": 9.024579940904616e-18,
    "(((1,), (2,)), ((2,), (1,)))": -7.821537861034475e-18,
    "(((1,), (2,)), ((2,), (2,)))": 0.008388656346704567,
    "(((1,), (2,)), ((2,), (3,)))": -0.038573952270784924,
    "(((1,), (3,)), ((0,), (0,)))": -3.6688124766910694e-19,
    "(((1,), (3,)), ((0,), (1,)))": 7.799610399425896e-20,
    "(((1,), (3,)), ((0,), (2,)))": -0.0004479176069551422,
    "(((1,), (3,)), ((0,), (3,)))": 0.0011252580883218627,
    "(((1,), (3,)), ((1,), (0,)))": 1.9614935825654298e-17,
    "(((1,), (3,)), ((1,), (1,)))": 5.162514170353722e-18,
    "(((1,), (3,)), ((1,), (2,)))": -0.034312914970479905,
    "(((1,), (3,)), ((1,), (3,)))": -0.04000912516165708,
    "(((1,), (3,)), ((2,), (0,)))": 1.39597598497615e-17,
    "(((1,), (3,)), ((2,), (1,)))": 3.39534840971879e-18,
    "(((1,), (3,)), ((2,), (2,)))": -0.030683227641212844,
    "(((1,), (3,)), ((2,), (3,)))": -0.011387215333147502,
    "(((2,), (0,)), ((0,), (0,)))": -0.0011557396087976176,
    "(((2,), (0,)), ((0,), (1,)))": 3.844213880496991e-19,
    "(((2,), (0,)), ((0,), (2,)))": 4.0993408863540284e-19,
    "(((2,), (0,)), ((0,), (3,)))": -3.0958958636595233e-19,
    "(((2,), (0,)), ((1,), (0,)))": 0.018250516901405944,
    "(((2,), (0,)), ((1,), (1,)))": -6.092009014663778e-18,
    "(((2,), (0,)), ((1,), (2,)))": 9.024579940904622e-18,
    "(((2,), (0,)), ((1,), (3,)))": 1.3959759849761514e-17,
    "(((2,), (0,)), ((2,), (0,)))": -0.006714267461101649,
    "(((2,), (0,)), ((2,), (1,)))": 1.5222679933874884e-18,
    "(((2,), (0,)), ((2,), (2,)))": -9.627702096639568e-18,
    "(((2,), (0,)), ((2,), (3,)))": 1.335774214205057e-17,
    "(((2,), (1,)), ((0,), (0,)))": 2.1827473553843166e-19,
    "(((2,), (1,)), ((0,), (1,)))": -0.0011557396087976167,