{
  "E": -14.647172451052704,
  "sol": {
    "((1, 1, 1), (1, 1, 1))": 0.9592493999486531,
    "((1, 1, 1), (1, 1, 0, 1))": 2.0095036745715333e-14,
    "((1, 1, 1), (1, 0, 1, 1))": -0.0005813504476292431,
    "((1, 1, 1), (0, 1, 1, 1))": -1.094124813637558e-16,
    "((1, 1, 1), (1, 1, 0, 0, 1))": 1.6966484766454624e-15,
    "((1, 1, 1), (1, 0, 1, 0, 1))": 7.04076117002387e-17,
    "((1, 1, 1), (0, 1, 1, 0, 1))": -5.42762960158417e-17,
    "((1, 1, 1), (1, 0, 0, 1, 1))": -1.4564550281267062e-17,
    "((1, 1, 1), (0, 1, 0, 1, 1))": 8.423900625555233e-19,
    "((1, 1, 1), (0, 0, 1, 1, 1))": 9.496118140472895e-19,
    "((1, 1, 0, 1), (1, 1, 1))": -7.23543726924997e-15,
    "((1, 1, 0, 1), (1, 1, 0, 1))": -0.15197065000915252,
    "((1, 1, 0, 1), (1, 0, 1, 1))": -2.0552318977057416e-16,
    "((1, 1, 0, 1), (0, 1, 1, 1))": 0.0010042578003823198,
    "((1, 1, 0, 1), (1, 1, 0, 0, 1))": 2.2874921364302727e-16,
    "((1, 1, 0, 1), (1, 0, 1, 0, 1))": 4.0233968916937746e-18,
    "((1, 1, 0, 1), (0, 1, 1, 0, 1))": 1.2446121045677422e-17,
    "((1, 1, 0, 1), (1, 0, 0, 1, 1))": -1.752388627134847e-18,
    "((1, 1, 0, 1), (0, 1, 0, 1, 1))": 5.539818192396855e-18,
    "((1, 1, 0, 1), (0, 0, 1, 1, 1))": 1.102478341548243e-20,
    "((1, 0, 1, 1), (1, 1, 1))": -0.0005813504476295199,
    "((1, 0, 1, 1), (1, 1, 0, 1))": -1.882913029761927e-16,
    "((1, 0, 1, 1), (1, 0, 1, 1))": -0.001801379043606686,
    "((1, 0, 1, 1), (0, 1, 1, 1))": -4.4077516519592435e-17,
    "((1, 0, 1, 1), (1, 1, 0, 0, 1))": 2.8213441792189304e-18,
    "((1, 0, 1, 1), (1, 0, 1, 0, 1))": -6.2081989681173964e-18,
    "((1, 0, 1, 1), (0, 1, 1, 0, 1))": -2.592301232225113e-18,
    "((1, 0, 1, 1), (1, 0, 0, 1, 1))": 3.7044204208461545e-18,
    "((1, 0, 1, 1), (0, 1, 0, 1, 1))": 2.007659856103093e-18,
    "((1, 0, 1, 1), (0, 0, 1, 1, 1))": 1.0996777833146514e-19,
    "((0, 1, 1, 1), (1, 1, 1))": -4.0582381538718806e-18,
    "((0, 1, 1, 1), (1, 1, 0, 1))": 0.0010042578003823211,
    "((0, 1, 1, 1), (1, 0, 1, 1))": -4.4449851172350414e-17,
    "((0, 1, 1, 1), (0, 1, 1, 1))": -0.0017338764117585577,
    "((0, 1, 1, 1), (1, 1, 0, 0, 1))": 1.4012155777334478e-17,
    "((0, 1, 1, 1), (1, 0, 1, 0, 1))": -2.6157416609001544e-18,
    "((0, 1, 1, 1), (0, 1, 1, 0, 1))": -5.80362087872309e-18,
    "((0, 1, 1, 1), (1, 0, 0, 1, 1))": 1.996006518971452e-18,
    "((0, 1, 1, 1), (0, 1, 0, 1, 1))": 3.529197671002514e-18,
    "((0, 1, 1, 1), (0, 0, 1, 1, 1))": 1.0837176440604226e-19,
    "((1, 1, 0, 0, 1), (1, 1, 1))": 1.016449917434315e-16,
    "((1, 1, 0, 0, 1), (1, 1, 0, 1))": 2.2660685857645723e-16,
    "((1, 1, 0, 0, 1), (1, 0, 1, 1))": -1.6691270504853672e-19,
    "((1, 1, 0, 0, 1), (0, 1, 1, 1))": 1.4322230718387757e-17,
    "((1, 1, 0, 0, 1), (1, 1, 0, 0, 1))": -0.23815725880070923,
    "((1, 1, 0, 0, 1), (1, 0, 1, 0, 1))": 6.167065749552156e-16,
    "((1, 1, 0, 0, 1), (0, 1, 1, 0, 1))": -0.0027428983448496277,
    "((1, 1, 0, 0, 1), (1, 0, 0, 1, 1))": -0.00041917057462943286,
    "((1, 1, 0, 0, 1), (0, 1, 0, 1, 1))": -1.3676640040487313e-16,
    "((1, 1, 0, 0, 1), (0, 0, 1, 1, 1))": -7.003403041655666e-06,
    "((1, 0, 1, 0, 1), (1, 1, 1))": 1.3527571180453734e-17,
    "((1, 0, 1, 0, 1), (1, 1, 0, 1))": 2.2679937181501733e-18,
    "((1, 0, 1, 0, 1), (1, 0, 1, 1))": -6.959916736282649e-18,
    "((1, 0, 1, 0, 1), (0, 1, 1, 1))": 1.7552137227336664e-18,
    "((1, 0, 1, 0, 1), (1, 1, 0, 0, 1))": 6.71868113188639e-16,
    "((1, 0, 1, 0, 1), (1, 0, 1, 0, 1))": 3.570579170004659e-05,
    "((1, 0, 1, 0, 1), (0, 1, 1, 0, 1))": 2.781533612213726e-17,
    "((1, 0, 1, 0, 1), (1, 0, 0, 1, 1))": 2.459306561442484e-16,
    "((1, 0, 1, 0, 1), (0, 1, 0, 1, 1))": -0.000574929472190632,
    "((1, 0, 1, 0, 1), (0, 0, 1, 1, 1))": -7.381039796737168e-19,
    "((0, 1, 1, 0, 1), (1, 1, 1))": -2.8077352511488564e-17,
    "((0, 1, 1, 0, 1), (1, 1, 0, 1))": 1.4395735985155748e-17,
    "((0, 1, 1, 0, 1), (1, 0, 1, 1))": 1.8881354596805337e-18,
    "((0, 1, 1, 0, 1), (0, 1, 1, 1))": -6.424419515582926e-18,
    "((0, 1, 1, 0, 1), (1, 1, 0, 0, 1))": -0.002742898344849631,
    "((0, 1, 1, 0, 1), (1, 0, 1, 0, 1))": 2.800684481087878e-17,
    "((0, 1, 1, 0, 1), (0, 1, 1, 0, 1))": -5.325610844246937e-05,
    "((0, 1, 1, 0, 1), (1, 0, 0, 1, 1))": -0.0005679260691489806,
    "((0, 1, 1, 0, 1), (0, 1, 0, 1, 1))": -2.7852667820791946e-16,
    "((0, 1, 1, 0, 1), (0, 0, 1, 1, 1))": 3.2849387296778905e-06,
    "((1, 0, 0, 1, 1), (1, 1, 1))": -1.1531363920224978e-18,
    "((1, 0, 0, 1, 1), (1, 1, 0, 1))": -7.751701509186256e-19,
    "((1, 0, 0, 1, 1), (1, 0, 1, 1))": 3.604083263048349e-20,
    "((1, 0, 0, 1, 1), (0, 1, 1, 1))": 1.9882088272387266e-18,
    "((1, 0, 0, 1, 1), (1, 1, 0, 0, 1))": -0.00041917057462944186,
    "((1, 0, 0, 1, 1), (1, 0, 1, 0, 1))": 2.671875154667083e-16,
    "((1, 0, 0, 1, 1), (0, 1, 1, 0, 1))": -0.0005679260691489777,
    "((1, 0, 0, 1, 1), (1, 0, 0, 1, 1))": 0.0006968090914578373,
    "((1, 0, 0, 1, 1), (0, 1, 0, 1, 1))": -1.858083300464363e-18,
    "((1, 0, 0, 1, 1), (0, 0, 1, 1, 1))": -3.888634705526481e-06,
    "((0, 1, 0, 1, 1), (1, 1, 1))": 9.468954407075099e-20,
    "((0, 1, 0, 1, 1), (1, 1, 0, 1))": 5.464927648643329e-18,
    "((0, 1, 0, 1, 1), (1, 0, 1, 1))": 2.0204224865062864e-18,
    "((0, 1, 0, 1, 1), (0, 1, 1, 1))": 9.445701048592924e-21,
    "((0, 1, 0, 1, 1), (1, 1, 0, 0, 1))": -3.750036723869154e-17,
    "((0, 1, 0, 1, 1), (1, 0, 1, 0, 1))": -0.0005749294721906343,
    "((0, 1, 0, 1, 1), (0, 1, 1, 0, 1))": -2.5442239475268117e-16,
    "((0, 1, 0, 1, 1), (1, 0, 0, 1, 1))": -1.996571455791357e-18,
    "((0, 1, 0, 1, 1), (0, 1, 0, 1, 1))": 0.0007011705499032881,
    "((0, 1, 0, 1, 1), (0, 0, 1, 1, 1))": -9.678403087003768e-19,
    "((0, 0, 1, 1, 1), (1, 1, 1))": 1.2157494106132642e-19,
    "((0, 0, 1, 1, 1), (1, 1, 0, 1))": 3.249347249889818e-20,
    "((0, 0, 1, 1, 1), (1, 0, 1, 1))": 6.115414536727751e-20,
    "((0, 0, 1, 1, 1), (0, 1, 1, 1))": 1.3640886669874123e-20,
    "((0, 0, 1, 1, 1), (1, 1, 0, 0, 1))": -7.003403041655067e-06,
    "((0, 0, 1, 1, 1), (1, 0, 1, 0, 1))": -7.072479388900703e-19,
    "((0, 0, 1, 1, 1), (0, 1, 1, 0, 1))": 3.284938729678266e-06,
    "((0, 0, 1, 1, 1), (1, 0, 0, 1, 1))": -3.88863470552708e-06,
    "((0, 0, 1, 1, 1), (0, 1, 0, 1, 1))": -9.203862885547658e-19,
    "((0, 0, 1, 1, 1), (0, 0, 1, 1, 1))": -3.7332738413837184e-06
  }
}