{
  "E": -14.64715909069721,
  "sol": {
    "(((), ()), ((), ()))": 0.9593140310122726,
    "(((0,), (0,)), ((), ()))": -9.744552454896161e-17,
    "(((), ()), ((0,), (0,)))": -9.744552454896161e-17,
    "(((0,), (1,)), ((), ()))": -2.6587286490308063e-17,
    "(((), ()), ((0,), (1,)))": -2.6587286490308063e-17,
    "(((1,), (0,)), ((), ()))": -0.0005692566996904813,
    "(((), ()), ((1,), (0,)))": -0.0005692566996904813,
    "(((1,), (1,)), ((), ()))": 1.3640210822472334e-17,
    "(((), ()), ((1,), (1,)))": 1.3640210822472334e-17,
    "(((2,), (0,)), ((), ()))": 1.3366653919932858e-15,
    "(((), ()), ((2,), (0,)))": 1.3366653919932858e-15,
    "(((2,), (1,)), ((), ()))": 6.558947830080617e-16,
    "(((), ()), ((2,), (1,)))": 6.558947830080617e-16,
    "(((0,), (0,)), ((0,), (0,)))": -0.0017275518179121518,
    "(((0,), (0,)), ((0,), (1,)))": -6.281505159744134e-18,
    "(((0,), (0,)), ((1,), (0,)))": -2.1657253616675896e-17,
    "(((0,), (0,)), ((1,), (1,)))": 4.2418053618721284e-19,
    "(((0,), (0,)), ((2,), (0,)))": 0.001003150855039831,
    "(((0,), (0,)), ((2,), (1,)))": 1.4483079549309923e-17,
    "(((0,), (1,)), ((0,), (0,)))": -6.281505159744147e-18,
    "(((0,), (1,)), ((0,), (1,)))": -8.294288829971961e-05,
    "(((0,), (1,)), ((1,), (0,)))": 5.582850718509638e-19,
    "(((0,), (1,)), ((1,), (1,)))": 2.6756697757717304e-17,
    "(((0,), (1,)), ((2,), (0,)))": 1.4520553261848282e-17,
    "(((0,), (1,)), ((2,), (1,)))": -0.0027927151379391873,
    "(((1,), (0,)), ((0,), (0,)))": -2.1735794946059154e-17,
    "(((1,), (0,)), ((0,), (1,)))": 5.582850718509515e-19,
    "(((1,), (0,)), ((1,), (0,)))": -0.001795088639189447,
    "(((1,), (0,)), ((1,), (1,)))": -6.8813940123579e-18,
    "(((1,), (0,)), ((2,), (0,)))": -2.210148681428766e-16,
    "(((1,), (0,)), ((2,), (1,)))": 1.136662324010299e-18,
    "(((1,), (1,)), ((0,), (0,)))": 4.241805361872136e-19,
    "(((1,), (1,)), ((0,), (1,)))": 2.6860419611426487e-17,
    "(((1,), (1,)), ((1,), (0,)))": -6.881394012357925e-18,
    "(((1,), (1,)), ((1,), (1,)))": 7.139403631727299e-06,
    "(((1,), (1,)), ((2,), (0,)))": 1.4189462333628803e-18,
    "(((1,), (1,)), ((2,), (1,)))": 6.467687281996453e-16,
    "(((2,), (0,)), ((0,), (0,)))": 0.0010031508550398301,
    "(((2,), (0,)), ((0,), (1,)))": 1.4520553261848267e-17,
    "(((2,), (0,)), ((1,), (0,)))": -2.246934965614094e-16,
    "(((2,), (0,)), ((1,), (1,)))": 1.4189462333628788e-18,
    "(((2,), (0,)), ((2,), (0,)))": -0.1519700025425052,
    "(((2,), (0,)), ((2,), (1,)))": 2.2598250434512117e-16,
    "(((2,), (1,)), ((0,), (0,)))": 1.4483079549309932e-17,
    "(((2,), (1,)), ((0,), (1,)))": -0.0027927151379391873,
    "(((2,), (1,)), ((1,), (0,)))": 1.1366623240102879e-18,
    "(((2,), (1,)), ((1,), (1,)))": 6.470428098555478e-16,
    "(((2,), (1,)), ((2,), (0,)))": 2.2598250434511836e-16,
    "(((2,), (1,)), ((2,), (1,)))": -0.23790173449530594
  }
}