{
  "E": -147.51410712628254,
  "sol": {
    "(((), ()), ((), ()))": 0.9302991998554812,
    "(((0,), (0,)), ((), ()))": -9.183347446051543e-17,
    "(((), ()), ((0,), (0,)))": -9.183347446051543e-17,
    "(((0,), (1,)), ((), ()))": -3.5663340857626696e-16,
    "(((), ()), ((0,), (1,)))": -3.5663340857626696e-16,
    "(((1,), (0,)), ((), ()))": 1.0543990037480903e-16,
    "(((), ()), ((1,), (0,)))": 1.0543990037480903e-16,
    "(((1,), (1,)), ((), ()))": -1.6751071093155064e-05,
    "(((), ()), ((1,), (1,)))": -1.6751071093155064e-05,
    "(((2,), (0,)), ((), ()))": -1.1392337288492854e-16,
    "(((), ()), ((2,), (0,)))": -1.1392337288492854e-16,
    "(((2,), (1,)), ((), ()))": -1.3492332067309875e-15,
    "(((), ()), ((2,), (1,)))": -1.3492332067309875e-15,
    "(((3,), (0,)), ((), ()))": 6.86987327648094e-16,
    "(((), ()), ((3,), (0,)))": 6.86987327648094e-16,
    "(((3,), (1,)), ((), ()))": 0.006953120965762188,
    "(((), ()), ((3,), (1,)))": 0.006953120965762188,
    "(((4,), (0,)), ((), ()))": 1.9964094609489802e-16,
    "(((), ()), ((4,), (0,)))": 1.9964094609489802e-16,
    "(((4,), (1,)), ((), ()))": 7.307345230899356e-17,
    "(((), ()), ((4,), (1,)))": 7.307345230899356e-17,
    "(((5,), (0,)), ((), ()))": 7.264836391044233e-16,
    "(((), ()), ((5,), (0,)))": 7.264836391044233e-16,
    "(((5,), (1,)), ((), ()))": 5.035224230712029e-17,
    "(((), ()), ((5,), (1,)))": 5.035224230712029e-17,
    "(((6,), (0,)), ((), ()))": -4.652959645679675e-16,
    "(((), ()), ((6,), (0,)))": -4.652959645679675e-16,
    "(((6,), (1,)), ((), ()))": -1.2424274598770683e-16,
    "(((), ()), ((6,), (1,)))": -1.2424274598770683e-16,
    "(((7,), (0,)), ((), ()))": 1.5846053859733472e-13,
    "(((), ()), ((7,), (0,)))": 1.5846053859733472e-13,
    "(((7,), (1,)), ((), ()))": 2.5665221818034844e-16,
    "(((), ()), ((7,), (1,)))": 2.5665221818034844e-16,
    "(((0,), (0,)), ((0,), (0,)))": -0.00016475363538773945,
    "(((0,), (0,)), ((0,), (1,)))": -6.394834965732012e-20,
    "(((0,), (0,)), ((1,), (0,)))": -1.8167594328374452e-16,
    "(((0,), (0,)), ((1,), (1,)))": 6.380335616898076e-21,
    "(((0,), (0,)), ((2,), (0,)))": -0.00037087592156549883,
    "(((0,), (0,)), ((2,), (1,)))": -2.5257013692549744e-18,
    "(((0,), (0,)), ((3,), (0,)))": 7.525003818533444e-15,
    "(((0,), (0,)), ((3,), (1,)))": -2.576244667678212e-19,
    "(((0,), (0,)), ((4,), (0,)))": 1.6929761943021601e-18,
    "(((0,), (0,)), ((4,), (1,)))": 3.542382869826672e-17,
    "(((0,), (0,)), ((5,), (0,)))": -5.4645416488407775e-18,
    "(((0,), (0,)), ((5,), (1,)))": -0.0004964332239730824,
    "(((0,), (0,)), ((6,), (0,)))": -0.00018756795618830809,
    "(((0,), (0,)), ((6,), (1,)))": -9.395830227901726e-18,
    "(((0,), (0,)), ((7,), (0,)))": -5.980656214054834e-17,
    "(((0,), (0,)), ((7,), (1,)))": -2.3413837821501795e-18,
    "(((0,), (1,)), ((0,), (0,)))": -6.394834965732012e-20,
    "(((0,), (1,)), ((0,), (1,)))": -0.0007369033230600263,
    "(((0,), (1,)), ((1,), (0,)))": -7.925401895027051e-20,
    "(((0,), (1,)), ((1,), (1,)))": -3.8357051377291645e-16,
    "(((0,), (1,)), ((2,), (0,)))": -1.3205849610220415e-18,
    "(((0,), (1,)), ((2,), (1,)))": -0.00037978645749723797,
    "(((0,), (1,)), ((3,), (0,)))": -2.661235240156929e-20,
    "(((0,), (1,)), ((3,), (1,)))": 9.399116451599533e-15,
    "(((0,), (1,)), ((4,), (0,)))": -6.047402287806376e-17,
    "(((0,), (1,)), ((4,), (1,)))": -8.020929565840312e-19,
    "(((0,), (1,)), ((5,), (0,)))": 0.00024917086644748315,
    "(((0,), (1,)), ((5,), (1,)))": 6.3825549542227906e-18,
    "(((0,), (1,)), ((6,), (0,)))": 6.427105229682021e-18,
    "(((0,), (1,)), ((6,), (1,)))": -0.0003134654360711876,
    "(((0,), (1,)), ((7,), (0,)))": -1.6365928958915286e-19,
    "(((0,), (1,)), ((7,), (1,)))": -2.7203978128254773e-18,
    "(((1,), (0,)), ((0,), (0,)))": -1.816875610930328e-16,
    "(((1,), (0,)), ((0,), (1,)))": -7.925401895027051e-20,
    "(((1,), (0,)), ((1,), (0,)))": -0.00017741242362747888,
    "(((1,), (0,)), ((1,), (1,)))": 3.796996778954537e-21,
    "(((1,), (0,)), ((2,), (0,)))": 5.356886420642706e-15,
    "(((1,), (0,)), ((2,), (1,)))": 1.144342306351303e-18,
    "(((1,), (0,)), ((3,), (0,)))": 0.0005215455946783584,
    "(((1,), (0,)), ((3,), (1,)))": 6.345977770513678e-19,
    "(((1,), (0,)), ((4,), (0,)))": 5.852746220103072e-19,
    "(((1,), (0,)), ((4,), (1,)))": 2.8311144862726514e-19,
    "(((1,), (0,)), ((5,), (0,)))": 2.7374352732415077e-18,
    "(((1,), (0,)), ((5,), (1,)))": 7.168566363204904e-15,
    "(((1,), (0,)), ((6,), (0,)))": 2.7106995172456095e-15,
    "(((1,), (0,)), ((6,), (1,)))": -1.3344533054190328e-18,
    "(((1,), (0,)), ((7,), (0,)))": -9.263028937359858e-18,
    "(((1,), (0,)), ((7,), (1,)))": 1.8391532791737774e-19,
    "(((1,), (1,)), ((0,), (0,)))": 6.38033561689822e-21,
    "(((1,), (1,)), ((0,), (1,)))": -3.835245690317642e-16,
    "(((1,), (1,)), ((1,), (0,)))": 3.7969967789554996e-21,
    "(((1,), (1,)), ((1,), (1,)))": -0.000763508408062673,
    "(((1,), (1,)), ((2,), (0,)))": 1.7145285296784003e-19,
    "(((1,), (1,)), ((2,), (1,)))": 5.480639640460018e-15,
    "(((1,), (1,)), ((3,), (0,)))": -1.356533308662268e-19,
    "(((1,), (1,)), ((3,), (1,)))": 0.0006506510652480506,
    "(((1,), (1,)), ((4,), (0,)))": -6.174324121345924e-19,
    "(((1,), (1,)), ((4,), (1,)))": 9.705817226808144e-19,
    "(((1,), (1,)), ((5,), (0,)))": -3.593272642121324e-15,
    "(((1,), (1,)), ((5,), (1,)))": 7.765656207076232e-19,
    "(((1,), (1,)), ((6,), (0,)))": -4.402667873456973e-20,
    "(((1,), (1,)), ((6,), (1,)))": 4.523908454123418e-15,
    "(((1,), (1,)), ((7,), (0,)))": -2.5266811927514837e-18,
    "(((1,), (1,)), ((7,), (1,)))": 8.853989975640255e-19,
    "(((2,), (0,)), ((0,), (0,)))": -0.00037087592156549883,
    "(((2,), (0,)), ((0,), (1,)))": -1.3205849610220402e-18,
    "(((2,), (0,)), ((1,), (0,)))": 5.356884067525708e-15,
    "(((2,), (0,)), ((1,), (1,)))": 1.7145285296783991e-19,
    "(((2,), (0,)), ((2,), (0,)))": -0.007195383430206009,
    "(((2,), (0,)), ((2,), (1,)))": 3.085176985119901e-18,
    "(((2,), (0,)), ((3,), (0,)))": -1.474689605370333e-16,
    "(((2,), (0,)), ((3,), (1,)))": 5.3547912403597625e-18,
    "(((2,), (0,)), ((4,), (0,)))": -1.9713946336998042e-17,
    "(((2,), (0,)), ((4,), (1,)))": 9.138556559616534e-16,
    "(((2,), (0,)), ((5,), (0,)))": 9.747919649633962e-17,
    "(((2,), (0,)), ((5,), (1,)))": -0.016290413031116918,
    "(((2,), (0,)), ((6,), (0,)))": -0.004204101058347303,
    "(((2,), (0,)), ((6,), (1,)))": -4.09312490491352e-16,
    "(((2,), (0,)), ((7,), (0,)))": -3.300764054246351e-16,
    "(((2,), (0,)), ((7,), (1,)))": -1.0861869997508008e-16,
    "(((2,), (1,)), ((0,), (0,)))": -2.5257013692549755e-18,
    "(((2,), (1,)), ((0,), (1,)))": -0.00037978645749723856,
    "(((2,), (1,)), ((1,), (0,)))": 1.1443423063513023e-18,
    "(((2,), (1,)), ((1,), (1,)))": 5.480195122635834e-15,
    "(((2,), (1,)), ((2,), (0,)))": 3.0851769851198993e-18,
    "(((2,), (1,)), ((2,), (1,)))": -0.02165895347201518,
    "(((2,), (1,)), ((3,), (0,)))": 8.226856175907872e-18,
    "(((2,), (1,)), ((3,), (1,)))": -1.7584859259796991e-16,
    "(((2,), (1,)), ((4,), (0,)))": 3.8017258759673355e-15,
    "(((2,), (1,)), ((4,), (1,)))": -3.0680867635943584e-17,
    "(((2,), (1,)), ((5,), (0,)))": -0.03026230926277466,
    "(((2,), (1,)), ((5,), (1,)))": -3.5974122767686407e-16,
    "(((2,), (1,)), ((6,), (0,)))": -7.49391015963238e-16,
    "(((2,), (1,)), ((6,), (1,)))": 0.01678990850570608,
    "(((2,), (1,)), ((7,), (0,)))": -9.936142078515448e-17,
    "(((2,), (1,)), ((7,), (1,)))": 2.527612901391062e-17,
    "(((3,), (0,)), ((0,), (0,)))": 7.525011321844976e-15,
    "(((3,), (0,)), ((0,), (1,)))": -2.6612352401569675e-20,
    "(((3,), (0,)), ((1,), (0,)))": 0.0005215455946783584,
    "(((3,), (0,)), ((1,), (1,)))": -1.3565333086622478e-19,
    "(((3,), (0,)), ((2,), (0,)))": -1.4792925821610553e-16,
    "(((3,), (0,)), ((2,), (1,)))": 8.226856175907893e-18,