{
  "E": -195.64239196277927,
  "sol": {
    "(((), ()), ((), ()))": 0.9961306426257955,
    "(((0,), (0,)), ((), ()))": 2.1949111842828513e-05,
    "(((), ()), ((0,), (0,)))": 2.1949111842828513e-05,
    "(((1,), (0,)), ((), ()))": 4.996433888697658e-16,
    "(((), ()), ((1,), (0,)))": 4.996433888697658e-16,
    "(((2,), (0,)), ((), ()))": -1.9201058943409626e-16,
    "(((), ()), ((2,), (0,)))": -1.9201058943409626e-16,
    "(((3,), (0,)), ((), ()))": 0.003525167975390559,
    "(((), ()), ((3,), (0,)))": 0.003525167975390559,
    "(((4,), (0,)), ((), ()))": 2.661474471550159e-17,
    "(((), ()), ((4,), (0,)))": 2.661474471550159e-17,
    "(((5,), (0,)), ((), ()))": -3.0905606411293344e-17,
    "(((), ()), ((5,), (0,)))": -3.0905606411293344e-17,
    "(((6,), (0,)), ((), ()))": 2.426631479929682e-15,
    "(((), ()), ((6,), (0,)))": 2.426631479929682e-15,
    "(((7,), (0,)), ((), ()))": -6.592566298688604e-16,
    "(((), ()), ((7,), (0,)))": -6.592566298688604e-16,
    "(((8,), (0,)), ((), ()))": -1.529990373444166e-16,
    "(((), ()), ((8,), (0,)))": -1.529990373444166e-16,
    "(((0,), (0,)), ((0,), (0,)))": -0.0006097909917673355,
    "(((0,), (0,)), ((1,), (0,)))": -4.587985212500356e-16,
    "(((0,), (0,)), ((2,), (0,)))": -8.769295521855837e-15,
    "(((0,), (0,)), ((3,), (0,)))": 0.0006447652599337974,
    "(((0,), (0,)), ((4,), (0,)))": -2.4007782514518337e-19,
    "(((0,), (0,)), ((5,), (0,)))": -6.008504810005969e-20,
    "(((0,), (0,)), ((6,), (0,)))": 6.7262392359670294e-15,
    "(((0,), (0,)), ((7,), (0,)))": 4.5973370400539824e-18,
    "(((0,), (0,)), ((8,), (0,)))": 3.7680273763194358e-19,
    "(((1,), (0,)), ((0,), (0,)))": -4.58772481499957e-16,
    "(((1,), (0,)), ((1,), (0,)))": -0.0005893560799623307,
    "(((1,), (0,)), ((2,), (0,)))": 0.00039048791542179757,
    "(((1,), (0,)), ((3,), (0,)))": 1.447642796895985e-14,
    "(((1,), (0,)), ((4,), (0,)))": 2.503083621191894e-19,
    "(((1,), (0,)), ((5,), (0,)))": 4.643184296523378e-18,
    "(((1,), (0,)), ((6,), (0,)))": -0.0002989870672322863,
    "(((1,), (0,)), ((7,), (0,)))": 7.415049909752968e-19,
    "(((1,), (0,)), ((8,), (0,)))": 3.2390707369182306e-18,
    "(((2,), (0,)), ((0,), (0,)))": -8.76907391126188e-15,
    "(((2,), (0,)), ((1,), (0,)))": 0.0003904879154217985,
    "(((2,), (0,)), ((2,), (0,)))": -0.02363547989362296,
    "(((2,), (0,)), ((3,), (0,)))": -7.372761467292781e-17,
    "(((2,), (0,)), ((4,), (0,)))": 8.2503183754551e-18,
    "(((2,), (0,)), ((5,), (0,)))": 3.390180272521413e-16,
    "(((2,), (0,)), ((6,), (0,)))": -0.025223060257058998,
    "(((2,), (0,)), ((7,), (0,)))": 7.526782778038923e-17,
    "(((2,), (0,)), ((8,), (0,)))": -7.918388922701265e-17,
    "(((3,), (0,)), ((0,), (0,)))": 0.0006447652599337983,
    "(((3,), (0,)), ((1,), (0,)))": 1.4476203175272275e-14,
    "(((3,), (0,)), ((2,), (0,)))": -9.709121905487819e-17,
    "(((3,), (0,)), ((3,), (0,)))": -0.017674633934205757,
    "(((3,), (0,)), ((4,), (0,)))": -3.507096435805202e-18,
    "(((3,), (0,)), ((5,), (0,)))": -7.062176952308788e-18,
    "(((3,), (0,)), ((6,), (0,)))": -3.2112276617950805e-16,
    "(((3,), (0,)), ((7,), (0,)))": 1.8500349931998166e-17,
    "(((3,), (0,)), ((8,), (0,)))": 1.5237569916100318e-17,
    "(((4,), (0,)), ((0,), (0,)))": -2.4007782514518414e-19,
    "(((4,), (0,)), ((1,), (0,)))": 2.5030836211919033e-19,
    "(((4,), (0,)), ((2,), (0,)))": 8.25031837545511e-18,
    "(((4,), (0,)), ((3,), (0,)))": -3.507096435805212e-18,
    "(((4,), (0,)), ((4,), (0,)))": -0.0100937315070497,
    "(((4,), (0,)), ((5,), (0,)))": -2.224442848746561e-18,
    "(((4,), (0,)), ((6,), (0,)))": 1.667708572594172e-17,
    "(((4,), (0,)), ((7,), (0,)))": 1.5132275317566178e-17,
    "(((4,), (0,)), ((8,), (0,)))": 2.422768675173727e-18,
    "(((5,), (0,)), ((0,), (0,)))": -6.008504810005534e-20,
    "(((5,), (0,)), ((1,), (0,)))": 4.643184296523386e-18,
    "(((5,), (0,)), ((2,), (0,)))": 3.390180272521415e-16,
    "(((5,), (0,)), ((3,), (0,)))": -7.062176952308839e-18,
    "(((5,), (0,)), ((4,), (0,)))": -2.0900608702445175e-18,
    "(((5,), (0,)), ((5,), (0,)))": -0.010093731507049696,
    "(((5,), (0,)), ((6,), (0,)))": 7.268358788554202e-16,
    "(((5,), (0,)), ((7,), (0,)))": 3.884707435778826e-18,
    "(((5,), (0,)), ((8,), (0,)))": -1.1022329370151622e-17,
    "(((6,), (0,)), ((0,), (0,)))": 6.725748730072544e-15,
    "(((6,), (0,)), ((1,), (0,)))": -0.0002989870672322871,
    "(((6,), (0,)), ((2,), (0,)))": -0.025223060257059015,
    "(((6,), (0,)), ((3,), (0,)))": -3.1849699648247676e-16,
    "(((6,), (0,)), ((4,), (0,)))": 1.6677085725941728e-17,
    "(((6,), (0,)), ((5,), (0,)))": 7.268358788554204e-16,
    "(((6,), (0,)), ((6,), (0,)))": -0.06347613945141739,
    "(((6,), (0,)), ((7,), (0,)))": 1.1860144892722074e-16,
    "(((6,), (0,)), ((8,), (0,)))": -1.1657077075528114e-16,
    "(((7,), (0,)), ((0,), (0,)))": 4.597337040053983e-18,
    "(((7,), (0,)), ((1,), (0,)))": 7.415049909752991e-19,
    "(((7,), (0,)), ((2,), (0,)))": 7.526782778038923e-17,
    "(((7,), (0,)), ((3,), (0,)))": 1.850034993199811e-17,
    "(((7,), (0,)), ((4,), (0,)))": 1.4179713352902543e-17,
    "(((7,), (0,)), ((5,), (0,)))": 4.2759968324915345e-18,
    "(((7,), (0,)), ((6,), (0,)))": 1.1860144892722074e-16,
    "(((7,), (0,)), ((7,), (0,)))": -0.025694674725526313,
    "(((7,), (0,)), ((8,), (0,)))": -1.5417980201739852e-19,
    "(((8,), (0,)), ((0,), (0,)))": 3.7680273763194228e-19,
    "(((8,), (0,)), ((1,), (0,)))": 3.2390707369182275e-18,
    "(((8,), (0,)), ((2,), (0,)))": -7.91838892270127e-17,
    "(((8,), (0,)), ((3,), (0,)))": 1.523756991610038e-17,
    "(((8,), (0,)), ((4,), (0,)))": 2.4402504937518514e-18,
    "(((8,), (0,)), ((5,), (0,)))": -9.156432323902403e-18,
    "(((8,), (0,)), ((6,), (0,)))": -1.1657077075528117e-16,
    "(((8,), (0,)), ((7,), (0,)))": -1.607698752311769e-19,
    "(((8,), (0,)), ((8,), (0,)))": -0.02569467472552623
  }
}