{
  "E": -73.89479708417153,
  "sol": {
    "(((), ()), ((), ()))": 0.9933355357635064,
    "(((0,), (0,)), ((), ()))": 1.2862018620094212e-05,
    "(((), ()), ((0,), (0,)))": 1.2862018620094212e-05,
    "(((0,), (1,)), ((), ()))": -1.1661596198173549e-05,
    "(((), ()), ((0,), (1,)))": -1.1661596198173549e-05,
    "(((1,), (0,)), ((), ()))": -0.0009749079233123036,
    "(((), ()), ((1,), (0,)))": -0.0009749079233123036,
    "(((1,), (1,)), ((), ()))": -0.0011367289769345084,
    "(((), ()), ((1,), (1,)))": -0.0011367289769345084,
    "(((2,), (0,)), ((), ()))": 0.005941031208811876,
    "(((), ()), ((2,), (0,)))": 0.005941031208811876,
    "(((2,), (1,)), ((), ()))": -0.0011164938229940458,
    "(((), ()), ((2,), (1,)))": -0.0011164938229940458,
    "(((3,), (0,)), ((), ()))": -0.006526878760143525,
    "(((), ()), ((3,), (0,)))": -0.006526878760143525,
    "(((3,), (1,)), ((), ()))": -0.0004299517857814463,
    "(((), ()), ((3,), (1,)))": -0.0004299517857814463,
    "(((4,), (0,)), ((), ()))": 5.524255794151642e-16,
    "(((), ()), ((4,), (0,)))": 5.524255794151642e-16,
    "(((4,), (1,)), ((), ()))": -3.1941296040379738e-18,
    "(((), ()), ((4,), (1,)))": -3.1941296040379738e-18,
    "(((0,), (0,)), ((0,), (0,)))": -0.0005509550464230339,
    "(((0,), (0,)), ((0,), (1,)))": -0.00011835252927908532,
    "(((0,), (0,)), ((1,), (0,)))": 0.0003361653615658548,
    "(((0,), (0,)), ((1,), (1,)))": -0.00029411769998479256,
    "(((0,), (0,)), ((2,), (0,)))": -8.502135458920962e-05,
    "(((0,), (0,)), ((2,), (1,)))": -0.00027169785661136636,
    "(((0,), (0,)), ((3,), (0,)))": -6.78443961625127e-05,
    "(((0,), (0,)), ((3,), (1,)))": 0.0004447371230118977,
    "(((0,), (0,)), ((4,), (0,)))": -2.8788725738966453e-19,
    "(((0,), (0,)), ((4,), (1,)))": -1.8103288194284908e-18,
    "(((0,), (1,)), ((0,), (0,)))": -0.00011835252927908567,
    "(((0,), (1,)), ((0,), (1,)))": -0.0006596940375118317,
    "(((0,), (1,)), ((1,), (0,)))": -0.0002523374399943279,
    "(((0,), (1,)), ((1,), (1,)))": 0.00022721024829909059,
    "(((0,), (1,)), ((2,), (0,)))": 0.0003226777699785107,
    "(((0,), (1,)), ((2,), (1,)))": -0.00021480955304965305,
    "(((0,), (1,)), ((3,), (0,)))": 0.00033369896865937667,
    "(((0,), (1,)), ((3,), (1,)))": -0.0003960784026564872,
    "(((0,), (1,)), ((4,), (0,)))": -8.56241102911129e-19,
    "(((0,), (1,)), ((4,), (1,)))": 8.691793024688366e-19,
    "(((1,), (0,)), ((0,), (0,)))": 0.0003361653615658548,
    "(((1,), (0,)), ((0,), (1,)))": -0.0002523374399943302,
    "(((1,), (0,)), ((1,), (0,)))": -0.0161392421180884,
    "(((1,), (0,)), ((1,), (1,)))": -0.006770087524937256,
    "(((1,), (0,)), ((2,), (0,)))": 0.020458575509222716,
    "(((1,), (0,)), ((2,), (1,)))": -0.00435589890414766,
    "(((1,), (0,)), ((3,), (0,)))": -0.011390081081988189,
    "(((1,), (0,)), ((3,), (1,)))": -0.009330866713682232,
    "(((1,), (0,)), ((4,), (0,)))": 6.129869128686329e-17,
    "(((1,), (0,)), ((4,), (1,)))": 3.0194780598558534e-17,
    "(((1,), (1,)), ((0,), (0,)))": -0.00029411769998479174,
    "(((1,), (1,)), ((0,), (1,)))": 0.00022721024829908763,
    "(((1,), (1,)), ((1,), (0,)))": -0.006770087524937284,
    "(((1,), (1,)), ((1,), (1,)))": -0.0167470449600349,
    "(((1,), (1,)), ((2,), (0,)))": 0.004740387708617922,
    "(((1,), (1,)), ((2,), (1,)))": -0.012434829709513567,
    "(((1,), (1,)), ((3,), (0,)))": -0.009012305342048558,
    "(((1,), (1,)), ((3,), (1,)))": -0.0010256484318962602,
    "(((1,), (1,)), ((4,), (0,)))": 3.912692231173951e-17,
    "(((1,), (1,)), ((4,), (1,)))": -4.016147579474584e-18,
    "(((2,), (0,)), ((0,), (0,)))": -8.502135458920973e-05,
    "(((2,), (0,)), ((0,), (1,)))": 0.0003226777699785094,
    "(((2,), (0,)), ((1,), (0,)))": 0.02045857550922273,
    "(((2,), (0,)), ((1,), (1,)))": 0.004740387708617866,
    "(((2,), (0,)), ((2,), (0,)))": -0.06914745419193655,
    "(((2,), (0,)), ((2,), (1,)))": 0.019727137080239904,
    "(((2,), (0,)), ((3,), (0,)))": 0.034281009372881255,
    "(((2,), (0,)), ((3,), (1,)))": -0.0025531354994946702,
    "(((2,), (0,)), ((4,), (0,)))": -1.795055680953122e-16,
    "(((2,), (0,)), ((4,), (1,)))": 2.9330268727944295e-17,
    "(((2,), (1,)), ((0,), (0,)))": -0.00027169785661136723,
    "(((2,), (1,)), ((0,), (1,)))": -0.00021480955304965248,
    "(((2,), (1,)), ((1,), (0,)))": -0.0043558989041475454,
    "(((2,), (1,)), ((1,), (1,)))": -0.012434829709513522,
    "(((2,), (1,)), ((2,), (0,)))": 0.01972713708023983,
    "(((2,), (1,)), ((2,), (1,)))": -0.019583869549722743,
    "(((2,), (1,)), ((3,), (0,)))": -0.005839487173467898,
    "(((2,), (1,)), ((3,), (1,)))": -0.003757305944994202,
    "(((2,), (1,)), ((4,), (0,)))": 5.0691829145775505e-17,
    "(((2,), (1,)), ((4,), (1,)))": 1.1837399514037953e-17,
    "(((3,), (0,)), ((0,), (0,)))": -6.784439616251277e-05,
    "(((3,), (0,)), ((0,), (1,)))": 0.00033369896865937467,
    "(((3,), (0,)), ((1,), (0,)))": -0.011390081081988192,
    "(((3,), (0,)), ((1,), (1,)))": -0.009012305342048539,
    "(((3,), (0,)), ((2,), (0,)))": 0.034281009372881296,
    "(((3,), (0,)), ((2,), (1,)))": -0.005839487173467866,
    "(((3,), (0,)), ((3,), (0,)))": -0.03336443187132461,
    "(((3,), (0,)), ((3,), (1,)))": 0.009515562554945203,
    "(((3,), (0,)), ((4,), (0,)))": 8.852577919032372e-17,
    "(((3,), (0,)), ((4,), (1,)))": -5.481951860544676e-17,
    "(((3,), (1,)), ((0,), (0,)))": 0.0004447371230118964,
    "(((3,), (1,)), ((0,), (1,)))": -0.00039607840265648624,
    "(((3,), (1,)), ((1,), (0,)))": -0.009330866713682207,
    "(((3,), (1,)), ((1,), (1,)))": -0.001025648431896261,
    "(((3,), (1,)), ((2,), (0,)))": -0.0025531354994946837,
    "(((3,), (1,)), ((2,), (1,)))": -0.0037573059449941674,
    "(((3,), (1,)), ((3,), (0,)))": 0.009515562554945237,
    "(((3,), (1,)), ((3,), (1,)))": -0.015159047487370944,
    "(((3,), (1,)), ((4,), (0,)))": -5.2870437281383376e-17,
    "(((3,), (1,)), ((4,), (1,)))": 1.2953626620956121e-17,
    "(((4,), (0,)), ((0,), (0,)))": -2.878872573896652e-19,
    "(((4,), (0,)), ((0,), (1,)))": -8.562411029111156e-19,
    "(((4,), (0,)), ((1,), (0,)))": 6.129869128686332e-17,
    "(((4,), (0,)), ((1,), (1,)))": 3.912692231173925e-17,
    "(((4,), (0,)), ((2,), (0,)))": -1.795055680953123e-16,
    "(((4,), (0,)), ((2,), (1,)))": 5.069182914577571e-17,
    "(((4,), (0,)), ((3,), (0,)))": 8.852577919032368e-17,
    "(((4,), (0,)), ((3,), (1,)))": -5.2870437281383216e-17,
    "(((4,), (0,)), ((4,), (0,)))": -0.01877470907253004,
    "(((4,), (0,)), ((4,), (1,)))": -0.006363611775596943,
    "(((4,), (1,)), ((0,), (0,)))": -1.8103288194284923e-18,
    "(((4,), (1,)), ((0,), (1,)))": 8.691793024688403e-19,
    "(((4,), (1,)), ((1,), (0,)))": 3.019478059855869e-17,
    "(((4,), (1,)), ((1,), (1,)))": -4.016147579474528e-18,
    "(((4,), (1,)), ((2,), (0,)))": 2.933026872794411e-17,
    "(((4,), (1,)), ((2,), (1,)))": 1.1837399514037861e-17,
    "(((4,), (1,)), ((3,), (0,)))": -5.4819518605446857e-17,
    "(((4,), (1,)), ((3,), (1,)))": 1.2953626620956112e-17,
    "(((4,), (1,)), ((4,), (0,)))": -0.006363611775596918,
    "(((4,), (1,)), ((4,), (1,)))": -0.010484833629319661
  }
}