{
  "E": -72.82204978118138,
  "sol": {
    "(((), ()), ((), ()))": 0.9984236596524818,
    "(((0,), (0,)), ((), ()))": 2.2812971726658016e-05,
    "(((), ()), ((0,), (0,)))": 2.2812971726658016e-05,
    "(((0,), (1,)), ((), ()))": -1.1026115896026719e-16,
    "(((), ()), ((0,), (1,)))": -1.1026115896026719e-16,
    "(((1,), (0,)), ((), ()))": 0.0017028017193260973,
    "(((), ()), ((1,), (0,)))": 0.0017028017193260973,
    "(((1,), (1,)), ((), ()))": -2.974765890122991e-16,
    "(((), ()), ((1,), (1,)))": -2.974765890122991e-16,
    "(((2,), (0,)), ((), ()))": 6.013548748293036e-16,
    "(((), ()), ((2,), (0,)))": 6.013548748293036e-16,
    "(((2,), (1,)), ((), ()))": 0.0013270251290123129,
    "(((), ()), ((2,), (1,)))": 0.0013270251290123129,
    "(((3,), (0,)), ((), ()))": -2.4445789169169853e-05,
    "(((), ()), ((3,), (0,)))": -2.4445789169169853e-05,
    "(((3,), (1,)), ((), ()))": 3.684497255478093e-16,
    "(((), ()), ((3,), (1,)))": 3.684497255478093e-16,
    "(((4,), (0,)), ((), ()))": 6.010490394318569e-18,
    "(((), ()), ((4,), (0,)))": 6.010490394318569e-18,
    "(((4,), (1,)), ((), ()))": 5.9773106055970595e-18,
    "(((), ()), ((4,), (1,)))": 5.9773106055970595e-18,
    "(((0,), (0,)), ((0,), (0,)))": -0.0006890085166629862,
    "(((0,), (0,)), ((0,), (1,)))": -8.581633423747793e-19,
    "(((0,), (0,)), ((1,), (0,)))": -8.030348043890217e-05,
    "(((0,), (0,)), ((1,), (1,)))": 2.6421251710496916e-18,
    "(((0,), (0,)), ((2,), (0,)))": -1.130946053097115e-18,
    "(((0,), (0,)), ((2,), (1,)))": -0.0004975570269812713,
    "(((0,), (0,)), ((3,), (0,)))": 0.00018425509482510833,
    "(((0,), (0,)), ((3,), (1,)))": -5.2758571893530495e-18,
    "(((0,), (0,)), ((4,), (0,)))": 2.2307840382172415e-19,
    "(((0,), (0,)), ((4,), (1,)))": 9.116909272445931e-20,
    "(((0,), (1,)), ((0,), (0,)))": 9.327364399081199e-20,
    "(((0,), (1,)), ((0,), (1,)))": -0.0006381074988117139,
    "(((0,), (1,)), ((1,), (0,)))": 2.3677793974051297e-18,
    "(((0,), (1,)), ((1,), (1,)))": 0.00039324418337970764,
    "(((0,), (1,)), ((2,), (0,)))": 0.00021374589377550109,
    "(((0,), (1,)), ((2,), (1,)))": -6.605551268306469e-19,
    "(((0,), (1,)), ((3,), (0,)))": -8.512041589464017e-18,
    "(((0,), (1,)), ((3,), (1,)))": -0.000847724508713554,
    "(((0,), (1,)), ((4,), (0,)))": -1.8329120277958182e-19,
    "(((0,), (1,)), ((4,), (1,)))": -1.5935434937339416e-18,
    "(((1,), (0,)), ((0,), (0,)))": -8.030348043889489e-05,
    "(((1,), (0,)), ((0,), (1,)))": 2.7769605853638603e-18,
    "(((1,), (0,)), ((1,), (0,)))": -0.018208420671786033,
    "(((1,), (0,)), ((1,), (1,)))": 1.3378762301585538e-16,
    "(((1,), (0,)), ((2,), (0,)))": -2.443212703339311e-16,
    "(((1,), (0,)), ((2,), (1,)))": -0.01487530879495005,
    "(((1,), (0,)), ((3,), (0,)))": -0.006587240617658103,
    "(((1,), (0,)), ((3,), (1,)))": 2.198535734068446e-17,
    "(((1,), (0,)), ((4,), (0,)))": -1.386509397779137e-17,
    "(((1,), (0,)), ((4,), (1,)))": 8.011049249449804e-18,
    "(((1,), (1,)), ((0,), (0,)))": 3.2914780923237634e-18,
    "(((1,), (1,)), ((0,), (1,)))": 0.0003932441833797122,
    "(((1,), (1,)), ((1,), (0,)))": 1.564086674413561e-17,
    "(((1,), (1,)), ((1,), (1,)))": -0.0074040465566381514,
    "(((1,), (1,)), ((2,), (0,)))": -0.008248912651415785,
    "(((1,), (1,)), ((2,), (1,)))": 1.6367139520691427e-16,
    "(((1,), (1,)), ((3,), (0,)))": 1.0627272609609636e-16,
    "(((1,), (1,)), ((3,), (1,)))": 0.0017842929817846723,
    "(((1,), (1,)), ((4,), (0,)))": 2.2868454405707918e-18,
    "(((1,), (1,)), ((4,), (1,)))": 3.3015212249261306e-18,
    "(((2,), (0,)), ((0,), (0,)))": 1.9292369852083605e-18,
    "(((2,), (0,)), ((0,), (1,)))": 0.00021374589377550087,
    "(((2,), (0,)), ((1,), (0,)))": -2.1980993017425713e-16,
    "(((2,), (0,)), ((1,), (1,)))": -0.00824891265141572,
    "(((2,), (0,)), ((2,), (0,)))": -0.011467487975124042,
    "(((2,), (0,)), ((2,), (1,)))": -2.5145897632514914e-16,
    "(((2,), (0,)), ((3,), (0,)))": -1.5411133648434306e-17,
    "(((2,), (0,)), ((3,), (1,)))": -0.0029196245477576092,
    "(((2,), (0,)), ((4,), (0,)))": -1.468863624709258e-18,
    "(((2,), (0,)), ((4,), (1,)))": -5.7165047329632275e-18,
    "(((2,), (1,)), ((0,), (0,)))": -0.0004975570269812708,
    "(((2,), (1,)), ((0,), (1,)))": -2.3097051573198864e-18,
    "(((2,), (1,)), ((1,), (0,)))": -0.014875308794950042,
    "(((2,), (1,)), ((1,), (1,)))": 1.2815593540032708e-16,
    "(((2,), (1,)), ((2,), (0,)))": -7.501034888727686e-17,
    "(((2,), (1,)), ((2,), (1,)))": -0.03264701420958244,
    "(((2,), (1,)), ((3,), (0,)))": -0.0006029262839323429,
    "(((2,), (1,)), ((3,), (1,)))": -2.0408495951117213e-17,
    "(((2,), (1,)), ((4,), (0,)))": -2.074681678860798e-18,
    "(((2,), (1,)), ((4,), (1,)))": 9.344161279683777e-18,
    "(((3,), (0,)), ((0,), (0,)))": 0.00018425509482510846,
    "(((3,), (0,)), ((0,), (1,)))": -7.927211456463089e-18,
    "(((3,), (0,)), ((1,), (0,)))": -0.006587240617658103,
    "(((3,), (0,)), ((1,), (1,)))": 1.2969111271277076e-16,
    "(((3,), (0,)), ((2,), (0,)))": 1.6860410319707737e-17,
    "(((3,), (0,)), ((2,), (1,)))": -0.0006029262839323118,
    "(((3,), (0,)), ((3,), (0,)))": -0.004786393644828781,
    "(((3,), (0,)), ((3,), (1,)))": -9.60701030911642e-17,
    "(((3,), (0,)), ((4,), (0,)))": 2.6767293625171752e-17,
    "(((3,), (0,)), ((4,), (1,)))": 2.5921906387854153e-19,
    "(((3,), (1,)), ((0,), (0,)))": -5.057255800535647e-18,
    "(((3,), (1,)), ((0,), (1,)))": -0.0008477245087135567,
    "(((3,), (1,)), ((1,), (0,)))": 1.4650792874759793e-17,
    "(((3,), (1,)), ((1,), (1,)))": 0.0017842929817846714,
    "(((3,), (1,)), ((2,), (0,)))": -0.00291962454775761,
    "(((3,), (1,)), ((2,), (1,)))": -5.2604213793842473e-17,
    "(((3,), (1,)), ((3,), (0,)))": -2.0290680773343342e-16,
    "(((3,), (1,)), ((3,), (1,)))": -0.019323912081706633,
    "(((3,), (1,)), ((4,), (0,)))": -2.1246503141121455e-18,
    "(((3,), (1,)), ((4,), (1,)))": -2.7186476822970387e-17,
    "(((4,), (0,)), ((0,), (0,)))": 2.2307840382172463e-19,
    "(((4,), (0,)), ((0,), (1,)))": -1.8329120277958293e-19,
    "(((4,), (0,)), ((1,), (0,)))": -1.3865093977791358e-17,
    "(((4,), (0,)), ((1,), (1,)))": 2.2868454405709016e-18,
    "(((4,), (0,)), ((2,), (0,)))": -1.468863624709204e-18,
    "(((4,), (0,)), ((2,), (1,)))": -2.0746816788608193e-18,
    "(((4,), (0,)), ((3,), (0,)))": 2.6767293625171746e-17,
    "(((4,), (0,)), ((3,), (1,)))": -2.1246503141119237e-18,
    "(((4,), (0,)), ((4,), (0,)))": -0.01863495211402533,
    "(((4,), (0,)), ((4,), (1,)))": 6.950917913062027e-17,
    "(((4,), (1,)), ((0,), (0,)))": 9.116909272446442e-20,
    "(((4,), (1,)), ((0,), (1,)))": -1.593543493733945e-18,
    "(((4,), (1,)), ((1,), (0,)))": 8.011049249449703e-18,
    "(((4,), (1,)), ((1,), (1,)))": 3.3015212249261337e-18,
    "(((4,), (1,)), ((2,), (0,)))": -5.7165047329631674e-18,
    "(((4,), (1,)), ((2,), (1,)))": 9.344161279683735e-18,
    "(((4,), (1,)), ((3,), (0,)))": 2.59219063878342e-19,
    "(((4,), (1,)), ((3,), (1,)))": -2.7186476822970393e-17,
    "(((4,), (1,)), ((4,), (0,)))": 8.312034592907044e-17,
    "(((4,), (1,)), ((4,), (1,)))": -0.004600595496242699
  }
}