{
  "E": -195.97384627621915,
  "sol": {
    "(((), ()), ((), ()))": 0.7274808074050788,
    "(((0,), (0,)), ((), ()))": 1.6171818779059568e-12,
    "(((), ()), ((0,), (0,)))": 1.6171818779059568e-12,
    "(((1,), (0,)), ((), ()))": 4.554226649958968e-06,
    "(((), ()), ((1,), (0,)))": 4.554226649958968e-06,
    "(((2,), (0,)), ((), ()))": 1.1762420686887424e-12,
    "(((), ()), ((2,), (0,)))": 1.1762420686887424e-12,
    "(((3,), (0,)), ((), ()))": 0.01108791244876898,
    "(((), ()), ((3,), (0,)))": 0.01108791244876898,
    "(((4,), (0,)), ((), ()))": 1.1537660948494123e-14,
    "(((), ()), ((4,), (0,)))": 1.1537660948494123e-14,
    "(((5,), (0,)), ((), ()))": -6.217215852259192e-15,
    "(((), ()), ((5,), (0,)))": -6.217215852259192e-15,
    "(((6,), (0,)), ((), ()))": 9.640496775113246e-15,
    "(((), ()), ((6,), (0,)))": 9.640496775113246e-15,
    "(((7,), (0,)), ((), ()))": -2.3033788205134655e-14,
    "(((), ()), ((7,), (0,)))": -2.3033788205134655e-14,
    "(((8,), (0,)), ((), ()))": -6.5698877681801466e-12,
    "(((), ()), ((8,), (0,)))": -6.5698877681801466e-12,
    "(((0,), (0,)), ((0,), (0,)))": -1.6676319456033594e-05,
    "(((0,), (0,)), ((1,), (0,)))": -5.298117033846054e-13,
    "(((0,), (0,)), ((2,), (0,)))": -4.2278293426293765e-05,
    "(((0,), (0,)), ((3,), (0,)))": -2.342584597100221e-11,
    "(((0,), (0,)), ((4,), (0,)))": -3.4220047435058474e-18,
    "(((0,), (0,)), ((5,), (0,)))": 1.2082616315088804e-18,
    "(((0,), (0,)), ((6,), (0,)))": -5.1709403133205344e-18,
    "(((0,), (0,)), ((7,), (0,)))": 2.0635678818386952e-17,
    "(((0,), (0,)), ((8,), (0,)))": -8.362486319916208e-05,
    "(((1,), (0,)), ((0,), (0,)))": -5.298117054290553e-13,
    "(((1,), (0,)), ((1,), (0,)))": -1.8198242947999857e-05,
    "(((1,), (0,)), ((2,), (0,)))": 1.5041832875754214e-11,
    "(((1,), (0,)), ((3,), (0,)))": -6.600955846248471e-05,
    "(((1,), (0,)), ((4,), (0,)))": -9.32890053135963e-19,
    "(((1,), (0,)), ((5,), (0,)))": 2.7121637983188966e-19,
    "(((1,), (0,)), ((6,), (0,)))": 1.9262470642770954e-20,
    "(((1,), (0,)), ((7,), (0,)))": -5.826768669869138e-19,
    "(((1,), (0,)), ((8,), (0,)))": 2.971652865501994e-11,
    "(((2,), (0,)), ((0,), (0,)))": -4.227829342629387e-05,
    "(((2,), (0,)), ((1,), (0,)))": 1.5041832896325885e-11,
    "(((2,), (0,)), ((2,), (0,)))": -0.0004545946904411305,
    "(((2,), (0,)), ((3,), (0,)))": 1.1037549191847975e-12,
    "(((2,), (0,)), ((4,), (0,)))": -3.4352744979737284e-16,
    "(((2,), (0,)), ((5,), (0,)))": 1.2863314276533012e-16,
    "(((2,), (0,)), ((6,), (0,)))": -9.03420054310687e-17,
    "(((2,), (0,)), ((7,), (0,)))": 1.7574142458497504e-16,
    "(((2,), (0,)), ((8,), (0,)))": -0.00890937924665997,
    "(((3,), (0,)), ((0,), (0,)))": -2.3425845923490637e-11,
    "(((3,), (0,)), ((1,), (0,)))": -6.600955846248471e-05,
    "(((3,), (0,)), ((2,), (0,)))": 1.1038283312102875e-12,
    "(((3,), (0,)), ((3,), (0,)))": -0.004318590263723769,
    "(((3,), (0,)), ((4,), (0,)))": 1.2790225178715712e-16,
    "(((3,), (0,)), ((5,), (0,)))": -7.455294493232556e-17,
    "(((3,), (0,)), ((6,), (0,)))": 1.3298197031440725e-16,
    "(((3,), (0,)), ((7,), (0,)))": -3.317341087479295e-16,
    "(((3,), (0,)), ((8,), (0,)))": 1.1114534433154992e-12,
    "(((4,), (0,)), ((0,), (0,)))": -3.4220047435058474e-18,
    "(((4,), (0,)), ((1,), (0,)))": -9.32890053135963e-19,
    "(((4,), (0,)), ((2,), (0,)))": -3.4352744979737284e-16,
    "(((4,), (0,)), ((3,), (0,)))": 1.279022517871571e-16,
    "(((4,), (0,)), ((4,), (0,)))": 0.09740358376866581,
    "(((4,), (0,)), ((5,), (0,)))": 2.204148647899722e-15,
    "(((4,), (0,)), ((6,), (0,)))": 3.670375588475805e-12,
    "(((4,), (0,)), ((7,), (0,)))": -8.701525811979836e-11,
    "(((4,), (0,)), ((8,), (0,)))": -2.1113139152909807e-14,
    "(((5,), (0,)), ((0,), (0,)))": 1.2082616315088806e-18,
    "(((5,), (0,)), ((1,), (0,)))": 2.712163798318896e-19,
    "(((5,), (0,)), ((2,), (0,)))": 1.2863314276533012e-16,
    "(((5,), (0,)), ((3,), (0,)))": -7.455294493232557e-17,
    "(((5,), (0,)), ((4,), (0,)))": 2.2041486487538668e-15,
    "(((5,), (0,)), ((5,), (0,)))": 0.0974035837686644,
    "(((5,), (0,)), ((6,), (0,)))": -8.541113233933877e-11,
    "(((5,), (0,)), ((7,), (0,)))": -3.4440945455533205e-12,
    "(((5,), (0,)), ((8,), (0,)))": 8.636423388099675e-15,
    "(((6,), (0,)), ((0,), (0,)))": -5.1709403133205344e-18,
    "(((6,), (0,)), ((1,), (0,)))": 1.9262470642770954e-20,
    "(((6,), (0,)), ((2,), (0,)))": -9.034200543106869e-17,
    "(((6,), (0,)), ((3,), (0,)))": 1.3298197031440725e-16,
    "(((6,), (0,)), ((4,), (0,)))": 3.6703755884767325e-12,
    "(((6,), (0,)), ((5,), (0,)))": -8.541113233994055e-11,
    "(((6,), (0,)), ((6,), (0,)))": -0.10262581432546856,
    "(((6,), (0,)), ((7,), (0,)))": 1.929508109159968e-15,
    "(((6,), (0,)), ((8,), (0,)))": -6.670999319895533e-15,
    "(((7,), (0,)), ((0,), (0,)))": 2.0635678818386952e-17,
    "(((7,), (0,)), ((1,), (0,)))": -5.826768669869139e-19,
    "(((7,), (0,)), ((2,), (0,)))": 1.7574142458497504e-16,
    "(((7,), (0,)), ((3,), (0,)))": -3.317341087479295e-16,
    "(((7,), (0,)), ((4,), (0,)))": -8.701525811988647e-11,
    "(((7,), (0,)), ((5,), (0,)))": -3.444094545550791e-12,
    "(((7,), (0,)), ((6,), (0,)))": 1.9295081069991554e-15,
    "(((7,), (0,)), ((7,), (0,)))": -0.10262581432546831,
    "(((7,), (0,)), ((8,), (0,)))": 1.1988262645953565e-14,
    "(((8,), (0,)), ((0,), (0,)))": -8.362486319916208e-05,
    "(((8,), (0,)), ((1,), (0,)))": 2.971652863571429e-11,
    "(((8,), (0,)), ((2,), (0,)))": -0.00890937924665998,
    "(((8,), (0,)), ((3,), (0,)))": 1.111454403858766e-12,
    "(((8,), (0,)), ((4,), (0,)))": -2.1113139152909807e-14,
    "(((8,), (0,)), ((5,), (0,)))": 8.636423388099675e-15,
    "(((8,), (0,)), ((6,), (0,)))": -6.670999319895533e-15,
    "(((8,), (0,)), ((7,), (0,)))": 1.1988262645953565e-14,
    "(((8,), (0,)), ((8,), (0,)))": -0.6559795130769533
  }
}