{
  "E": -75.01937484098772,
  "sol": {
    "(((), ()), ((), ()))": 0.9843402684516318,
    "(((0,), (0,)), ((), ()))": -3.50632213457201e-05,
    "(((), ()), ((0,), (0,)))": -3.50632213457201e-05,
    "(((0,), (1,)), ((), ()))": 6.68729873323216e-20,
    "(((), ()), ((0,), (1,)))": 6.68729873323216e-20,
    "(((1,), (0,)), ((), ()))": -0.0007032473579735842,
    "(((), ()), ((1,), (0,)))": -0.0007032473579735842,
    "(((1,), (1,)), ((), ()))": -3.7682688242161427e-16,
    "(((), ()), ((1,), (1,)))": -3.7682688242161427e-16,
    "(((2,), (0,)), ((), ()))": -1.0579453151591304e-15,
    "(((), ()), ((2,), (0,)))": -1.0579453151591304e-15,
    "(((2,), (1,)), ((), ()))": -0.0028094114263658787,
    "(((), ()), ((2,), (1,)))": -0.0028094114263658787,
    "(((3,), (0,)), ((), ()))": 0.014785346449290191,
    "(((), ()), ((3,), (0,)))": 0.014785346449290191,
    "(((3,), (1,)), ((), ()))": -6.072050534077209e-16,
    "(((), ()), ((3,), (1,)))": -6.072050534077209e-16,
    "(((4,), (0,)), ((), ()))": 2.2123000760659447e-17,
    "(((), ()), ((4,), (0,)))": 2.2123000760659447e-17,
    "(((4,), (1,)), ((), ()))": 1.8850391832934652e-16,
    "(((), ()), ((4,), (1,)))": 1.8850391832934652e-16,
    "(((0,), (0,)), ((0,), (0,)))": -0.0005962186238321914,
    "(((0,), (0,)), ((0,), (1,)))": -4.420848584475508e-19,
    "(((0,), (0,)), ((1,), (0,)))": 0.0003205455472576574,
    "(((0,), (0,)), ((1,), (1,)))": 7.299598597935025e-19,
    "(((0,), (0,)), ((2,), (0,)))": 1.1798664506089241e-18,
    "(((0,), (0,)), ((2,), (1,)))": 0.0002182528731572332,
    "(((0,), (0,)), ((3,), (0,)))": 0.00010330665861108044,
    "(((0,), (0,)), ((3,), (1,)))": -1.2881387415945427e-18,
    "(((0,), (0,)), ((4,), (0,)))": 7.880643760329574e-20,
    "(((0,), (0,)), ((4,), (1,)))": 3.153073149075755e-19,
    "(((0,), (1,)), ((0,), (0,)))": -3.0783837753717803e-19,
    "(((0,), (1,)), ((0,), (1,)))": -0.0004002458571568604,
    "(((0,), (1,)), ((1,), (0,)))": 1.3781642037036658e-18,
    "(((0,), (1,)), ((1,), (1,)))": 0.0007307127920693598,
    "(((0,), (1,)), ((2,), (0,)))": -0.00022397940412767535,
    "(((0,), (1,)), ((2,), (1,)))": 9.981120200475073e-19,
    "(((0,), (1,)), ((3,), (0,)))": -4.48844641767979e-19,
    "(((0,), (1,)), ((3,), (1,)))": -0.00048021375062024153,
    "(((0,), (1,)), ((4,), (0,)))": -2.591906327112154e-19,
    "(((0,), (1,)), ((4,), (1,)))": -5.924486965504247e-20,
    "(((1,), (0,)), ((0,), (0,)))": 0.0003205455472576578,
    "(((1,), (0,)), ((0,), (1,)))": 1.0057550015396619e-18,
    "(((1,), (0,)), ((1,), (0,)))": -0.03159817443760179,
    "(((1,), (0,)), ((1,), (1,)))": -5.038303472689881e-17,
    "(((1,), (0,)), ((2,), (0,)))": 3.2219375380296713e-17,
    "(((1,), (0,)), ((2,), (1,)))": 0.030963748055735336,
    "(((1,), (0,)), ((3,), (0,)))": -0.03442785206991681,
    "(((1,), (0,)), ((3,), (1,)))": -1.62395294936671e-17,
    "(((1,), (0,)), ((4,), (0,)))": -1.3996593847876012e-17,
    "(((1,), (0,)), ((4,), (1,)))": 3.807472814297378e-17,
    "(((1,), (1,)), ((0,), (0,)))": 9.274012617393848e-19,
    "(((1,), (1,)), ((0,), (1,)))": 0.0007307127920693601,
    "(((1,), (1,)), ((1,), (0,)))": -5.922469552173165e-17,
    "(((1,), (1,)), ((1,), (1,)))": -0.017184299311868663,
    "(((1,), (1,)), ((2,), (0,)))": 0.02074973686589834,
    "(((1,), (1,)), ((2,), (1,)))": 3.7891799639743964e-17,
    "(((1,), (1,)), ((3,), (0,)))": -3.5328560093489465e-17,
    "(((1,), (1,)), ((3,), (1,)))": 0.003738269960589659,
    "(((1,), (1,)), ((4,), (0,)))": 2.726527918770987e-17,
    "(((1,), (1,)), ((4,), (1,)))": 1.274413095733188e-18,
    "(((2,), (0,)), ((0,), (0,)))": 9.549908925617004e-19,
    "(((2,), (0,)), ((0,), (1,)))": -0.00022397940412767568,
    "(((2,), (0,)), ((1,), (0,)))": 3.2995315496507907e-17,
    "(((2,), (0,)), ((1,), (1,)))": 0.02074973686589835,
    "(((2,), (0,)), ((2,), (0,)))": -0.047015685238986346,
    "(((2,), (0,)), ((2,), (1,)))": -1.1423560128605243e-16,
    "(((2,), (0,)), ((3,), (0,)))": 1.8301605008591232e-17,
    "(((2,), (0,)), ((3,), (1,)))": 0.039674186760991735,
    "(((2,), (0,)), ((4,), (0,)))": -3.335746890352652e-17,
    "(((2,), (0,)), ((4,), (1,)))": 7.991020673564149e-18,
    "(((2,), (1,)), ((0,), (0,)))": 0.0002182528731572332,
    "(((2,), (1,)), ((0,), (1,)))": 8.914704240586084e-19,
    "(((2,), (1,)), ((1,), (0,)))": 0.030963748055735336,
    "(((2,), (1,)), ((1,), (1,)))": 2.9572766149368515e-17,
    "(((2,), (1,)), ((2,), (0,)))": -1.2796637263885636e-16,
    "(((2,), (1,)), ((2,), (1,)))": -0.08239677676426778,
    "(((2,), (1,)), ((3,), (0,)))": 0.05348303404378146,
    "(((2,), (1,)), ((3,), (1,)))": 1.0661486839177699e-16,
    "(((2,), (1,)), ((4,), (0,)))": 1.9092153049467678e-17,
    "(((2,), (1,)), ((4,), (1,)))": -9.204787643113346e-17,
    "(((3,), (0,)), ((0,), (0,)))": 0.0001033066586110815,
    "(((3,), (0,)), ((0,), (1,)))": -4.05086323010067e-19,
    "(((3,), (0,)), ((1,), (0,)))": -0.03442785206991682,
    "(((3,), (0,)), ((1,), (1,)))": -3.890941179212756e-17,
    "(((3,), (0,)), ((2,), (0,)))": 9.26117340907734e-18,
    "(((3,), (0,)), ((2,), (1,)))": 0.05348303404378146,
    "(((3,), (0,)), ((3,), (0,)))": -0.054137390730053914,
    "(((3,), (0,)), ((3,), (1,)))": -7.092122055440406e-17,
    "(((3,), (0,)), ((4,), (0,)))": -1.251474646755949e-17,
    "(((3,), (0,)), ((4,), (1,)))": 6.951516908028736e-17,
    "(((3,), (1,)), ((0,), (0,)))": -1.3595096152236792e-18,
    "(((3,), (1,)), ((0,), (1,)))": -0.000480213750620242,
    "(((3,), (1,)), ((1,), (0,)))": -7.893350112757859e-19,
    "(((3,), (1,)), ((1,), (1,)))": 0.0037382699605896567,
    "(((3,), (1,)), ((2,), (0,)))": 0.03967418676099174,
    "(((3,), (1,)), ((2,), (1,)))": 9.87083431566711e-17,
    "(((3,), (1,)), ((3,), (0,)))": -8.50507371655076e-17,
    "(((3,), (1,)), ((3,), (1,)))": -0.04452556988626785,
    "(((3,), (1,)), ((4,), (0,)))": 5.706173687379924e-17,
    "(((3,), (1,)), ((4,), (1,)))": -4.509646762013496e-18,
    "(((4,), (0,)), ((0,), (0,)))": 7.880643760329556e-20,
    "(((4,), (0,)), ((0,), (1,)))": -2.591906327112157e-19,
    "(((4,), (0,)), ((1,), (0,)))": -1.3996593847876018e-17,
    "(((4,), (0,)), ((1,), (1,)))": 2.726527918770988e-17,
    "(((4,), (0,)), ((2,), (0,)))": -3.3357468903526526e-17,
    "(((4,), (0,)), ((2,), (1,)))": 1.909215304946767e-17,
    "(((4,), (0,)), ((3,), (0,)))": -1.251474646755947e-17,
    "(((4,), (0,)), ((3,), (1,)))": 5.706173687379926e-17,
    "(((4,), (0,)), ((4,), (0,)))": -0.02559132035673322,
    "(((4,), (0,)), ((4,), (1,)))": -3.655657611163487e-17,
    "(((4,), (1,)), ((0,), (0,)))": 3.153073149075762e-19,
    "(((4,), (1,)), ((0,), (1,)))": -5.924486965504232e-20,
    "(((4,), (1,)), ((1,), (0,)))": 3.807472814297378e-17,
    "(((4,), (1,)), ((1,), (1,)))": 1.2744130957331873e-18,
    "(((4,), (1,)), ((2,), (0,)))": 7.991020673564178e-18,
    "(((4,), (1,)), ((2,), (1,)))": -9.204787643113346e-17,
    "(((4,), (1,)), ((3,), (0,)))": 6.95151690802873e-17,
    "(((4,), (1,)), ((3,), (1,)))": -4.50964676201349e-18,
    "(((4,), (1,)), ((4,), (0,)))": -4.710783449876223e-17,
    "(((4,), (1,)), ((4,), (1,)))": -0.010934056204720315
  }
}