{
  "E": -75.01555724691512,
  "sol": {
    "(((), ()), ((), ()))": 0.9857406808822682,
    "(((0,), (0,)), ((), ()))": 3.203142861869251e-05,
    "(((), ()), ((0,), (0,)))": 3.203142861869251e-05,
    "(((0,), (1,)), ((), ()))": 4.132859348454574e-06,
    "(((), ()), ((0,), (1,)))": 4.132859348454574e-06,
    "(((1,), (0,)), ((), ()))": 0.0002905756181716051,
    "(((), ()), ((1,), (0,)))": 0.0002905756181716051,
    "(((1,), (1,)), ((), ()))": -0.0001636156596619015,
    "(((), ()), ((1,), (1,)))": -0.0001636156596619015,
    "(((2,), (0,)), ((), ()))": -0.00037762183103674313,
    "(((), ()), ((2,), (0,)))": -0.00037762183103674313,
    "(((2,), (1,)), ((), ()))": 0.0028837162642558786,
    "(((), ()), ((2,), (1,)))": 0.0028837162642558786,
    "(((3,), (0,)), ((), ()))": -0.013558363836829809,
    "(((), ()), ((3,), (0,)))": -0.013558363836829809,
    "(((3,), (1,)), ((), ()))": -0.00152867359217695,
    "(((), ()), ((3,), (1,)))": -0.00152867359217695,
    "(((4,), (0,)), ((), ()))": -7.360989575947894e-17,
    "(((), ()), ((4,), (0,)))": -7.360989575947894e-17,
    "(((4,), (1,)), ((), ()))": 7.100361006236375e-17,
    "(((), ()), ((4,), (1,)))": 7.100361006236375e-17,
    "(((0,), (0,)), ((0,), (0,)))": -0.0006069021625943481,
    "(((0,), (0,)), ((0,), (1,)))": -5.189655705763557e-05,
    "(((0,), (0,)), ((1,), (0,)))": 0.00031750356643110565,
    "(((0,), (0,)), ((1,), (1,)))": -8.491856314267617e-05,
    "(((0,), (0,)), ((2,), (0,)))": 1.2775516285907654e-05,
    "(((0,), (0,)), ((2,), (1,)))": 0.00022800880073180554,
    "(((0,), (0,)), ((3,), (0,)))": 8.998448166773225e-05,
    "(((0,), (0,)), ((3,), (1,)))": 0.00011789206326670882,
    "(((0,), (0,)), ((4,), (0,)))": -1.6368245028614283e-19,
    "(((0,), (0,)), ((4,), (1,)))": -5.538535217760145e-19,
    "(((0,), (1,)), ((0,), (0,)))": -5.189655705763546e-05,
    "(((0,), (1,)), ((0,), (1,)))": -0.000422965487597824,
    "(((0,), (1,)), ((1,), (0,)))": -8.090715862105126e-05,
    "(((0,), (1,)), ((1,), (1,)))": 0.0007104101507950517,
    "(((0,), (1,)), ((2,), (0,)))": -0.00023120081738119098,
    "(((0,), (1,)), ((2,), (1,)))": 3.0405838085739447e-05,
    "(((0,), (1,)), ((3,), (0,)))": 9.421829641558386e-05,
    "(((0,), (1,)), ((3,), (1,)))": -0.0004779436116333875,
    "(((0,), (1,)), ((4,), (0,)))": 3.7141228825289797e-19,
    "(((0,), (1,)), ((4,), (1,)))": 2.0345818221899201e-19,
    "(((1,), (0,)), ((0,), (0,)))": 0.00031750356643110516,
    "(((1,), (0,)), ((0,), (1,)))": -8.090715862105194e-05,
    "(((1,), (0,)), ((1,), (0,)))": -0.030938146341783553,
    "(((1,), (0,)), ((1,), (1,)))": -0.0032175566169483022,
    "(((1,), (0,)), ((2,), (0,)))": -0.009120109243778755,
    "(((1,), (0,)), ((2,), (1,)))": 0.029031416069127985,
    "(((1,), (0,)), ((3,), (0,)))": -0.03240734912579578,
    "(((1,), (0,)), ((3,), (1,)))": -0.005879745666658994,
    "(((1,), (0,)), ((4,), (0,)))": 4.60006008672021e-17,
    "(((1,), (0,)), ((4,), (1,)))": -5.2466644010194034e-17,
    "(((1,), (1,)), ((0,), (0,)))": -8.491856314267582e-05,
    "(((1,), (1,)), ((0,), (1,)))": 0.000710410150795052,
    "(((1,), (1,)), ((1,), (0,)))": -0.0032175566169483174,
    "(((1,), (1,)), ((1,), (1,)))": -0.0174511435933252,
    "(((1,), (1,)), ((2,), (0,)))": 0.018641600254927535,
    "(((1,), (1,)), ((2,), (1,)))": 0.009662692886379831,
    "(((1,), (1,)), ((3,), (0,)))": -0.0062720506662132655,
    "(((1,), (1,)), ((3,), (1,)))": 0.0027615021014278573,
    "(((1,), (1,)), ((4,), (0,)))": -3.323492765679055e-17,
    "(((1,), (1,)), ((4,), (1,)))": -2.1739506297367377e-17,
    "(((2,), (0,)), ((0,), (0,)))": 1.2775516285908043e-05,
    "(((2,), (0,)), ((0,), (1,)))": -0.00023120081738119098,
    "(((2,), (0,)), ((1,), (0,)))": -0.009120109243778759,
    "(((2,), (0,)), ((1,), (1,)))": 0.01864160025492752,
    "(((2,), (0,)), ((2,), (0,)))": -0.04643214310771056,
    "(((2,), (0,)), ((2,), (1,)))": 0.007735966784812412,
    "(((2,), (0,)), ((3,), (0,)))": -0.018745953024773224,
    "(((2,), (0,)), ((3,), (1,)))": 0.03394300893410864,
    "(((2,), (0,)), ((4,), (0,)))": 6.094145953883066e-17,
    "(((2,), (0,)), ((4,), (1,)))": -4.025014399237935e-17,
    "(((2,), (1,)), ((0,), (0,)))": 0.00022800880073180554,
    "(((2,), (1,)), ((0,), (1,)))": 3.0405838085739613e-05,
    "(((2,), (1,)), ((1,), (0,)))": 0.029031416069128,
    "(((2,), (1,)), ((1,), (1,)))": 0.009662692886379831,
    "(((2,), (1,)), ((2,), (0,)))": 0.0077359667848123925,
    "(((2,), (1,)), ((2,), (1,)))": -0.07737549212464133,
    "(((2,), (1,)), ((3,), (0,)))": 0.046990043772523776,
    "(((2,), (1,)), ((3,), (1,)))": 0.011728149904748623,
    "(((2,), (1,)), ((4,), (0,)))": -5.5334613073470175e-17,
    "(((2,), (1,)), ((4,), (1,)))": 1.25352170557151e-16,
    "(((3,), (0,)), ((0,), (0,)))": 8.998448166773248e-05,
    "(((3,), (0,)), ((0,), (1,)))": 9.42182964155844e-05,
    "(((3,), (0,)), ((1,), (0,)))": -0.03240734912579579,
    "(((3,), (0,)), ((1,), (1,)))": -0.006272050666213263,
    "(((3,), (0,)), ((2,), (0,)))": -0.018745953024773228,
    "(((3,), (0,)), ((2,), (1,)))": 0.046990043772523776,
    "(((3,), (0,)), ((3,), (0,)))": -0.051288196650411344,
    "(((3,), (0,)), ((3,), (1,)))": 0.0038094162762342307,
    "(((3,), (0,)), ((4,), (0,)))": 6.195221990090378e-17,
    "(((3,), (0,)), ((4,), (1,)))": -9.82920314480137e-17,
    "(((3,), (1,)), ((0,), (0,)))": 0.00011789206326670831,
    "(((3,), (1,)), ((0,), (1,)))": -0.00047794361163338775,
    "(((3,), (1,)), ((1,), (0,)))": -0.0058797456666589976,
    "(((3,), (1,)), ((1,), (1,)))": 0.002761502101427852,
    "(((3,), (1,)), ((2,), (0,)))": 0.03394300893410863,
    "(((3,), (1,)), ((2,), (1,)))": 0.011728149904748623,
    "(((3,), (1,)), ((3,), (0,)))": 0.00380941627623421,
    "(((3,), (1,)), ((3,), (1,)))": -0.04124853973416483,
    "(((3,), (1,)), ((4,), (0,)))": -7.657098803556095e-17,
    "(((3,), (1,)), ((4,), (1,)))": -7.2096170309832e-18,
    "(((4,), (0,)), ((0,), (0,)))": -1.6368245028614422e-19,
    "(((4,), (0,)), ((0,), (1,)))": 3.7141228825289633e-19,
    "(((4,), (0,)), ((1,), (0,)))": 4.6000600867202126e-17,
    "(((4,), (0,)), ((1,), (1,)))": -3.323492765679053e-17,
    "(((4,), (0,)), ((2,), (0,)))": 6.094145953883065e-17,
    "(((4,), (0,)), ((2,), (1,)))": -5.533461307347021e-17,
    "(((4,), (0,)), ((3,), (0,)))": 6.195221990090376e-17,
    "(((4,), (0,)), ((3,), (1,)))": -7.6570988035561e-17,
    "(((4,), (0,)), ((4,), (0,)))": -0.025129910814003148,
    "(((4,), (0,)), ((4,), (1,)))": -0.002435194971347851,
    "(((4,), (1,)), ((0,), (0,)))": -5.538535217760126e-19,
    "(((4,), (1,)), ((0,), (1,)))": 2.0345818221899208e-19,
    "(((4,), (1,)), ((1,), (0,)))": -5.246664401019406e-17,
    "(((4,), (1,)), ((1,), (1,)))": -2.173950629736738e-17,
    "(((4,), (1,)), ((2,), (0,)))": -4.025014399237929e-17,
    "(((4,), (1,)), ((2,), (1,)))": 1.2535217055715097e-16,
    "(((4,), (1,)), ((3,), (0,)))": -9.829203144801363e-17,
    "(((4,), (1,)), ((3,), (1,)))": -7.209617030983188e-18,
    "(((4,), (1,)), ((4,), (0,)))": -0.0024351949713478397,
    "(((4,), (1,)), ((4,), (1,)))": -0.01101360627845205
  }
}