{
  "E": -15.56256447535204,
  "sol": {
    "(((), ()), ((), ()))": 0.9890415579628363,
    "(((0,), (0,)), ((), ()))": 2.6070599620090117e-17,
    "(((), ()), ((0,), (0,)))": 2.6070599620090117e-17,
    "(((0,), (1,)), ((), ()))": -6.755949295049121e-17,
    "(((), ()), ((0,), (1,)))": -6.755949295049121e-17,
    "(((0,), (2,)), ((), ()))": 0.000316006447256582,
    "(((), ()), ((0,), (2,)))": 0.000316006447256582,
    "(((0,), (3,)), ((), ()))": -6.425669358441092e-05,
    "(((), ()), ((0,), (3,)))": -6.425669358441092e-05,
    "(((1,), (0,)), ((), ()))": 1.0358274717588848e-16,
    "(((), ()), ((1,), (0,)))": 1.0358274717588848e-16,
    "(((1,), (1,)), ((), ()))": -1.8030792515887826e-16,
    "(((), ()), ((1,), (1,)))": -1.8030792515887826e-16,
    "(((1,), (2,)), ((), ()))": -0.008910803301621103,
    "(((), ()), ((1,), (2,)))": -0.008910803301621103,
    "(((1,), (3,)), ((), ()))": -0.0004926010005967284,
    "(((), ()), ((1,), (3,)))": -0.0004926010005967284,
    "(((2,), (0,)), ((), ()))": 1.2869355006009718e-16,
    "(((), ()), ((2,), (0,)))": 1.2869355006009718e-16,
    "(((2,), (1,)), ((), ()))": -3.272865367676348e-16,
    "(((), ()), ((2,), (1,)))": -3.272865367676348e-16,
    "(((2,), (2,)), ((), ()))": 0.00408654006338293,
    "(((), ()), ((2,), (2,)))": 0.00408654006338293,
    "(((2,), (3,)), ((), ()))": -0.0031653174011757232,
    "(((), ()), ((2,), (3,)))": -0.0031653174011757232,
    "(((0,), (0,)), ((0,), (0,)))": -0.001493358209503584,
    "(((0,), (0,)), ((0,), (1,)))": 1.7592563556301888e-19,
    "(((0,), (0,)), ((0,), (2,)))": -1.3719740513694258e-19,
    "(((0,), (0,)), ((0,), (3,)))": 4.5006267957909636e-20,
    "(((0,), (0,)), ((1,), (0,)))": 0.0027586142454587995,
    "(((0,), (0,)), ((1,), (1,)))": -2.6985134869564724e-19,
    "(((0,), (0,)), ((1,), (2,)))": -6.645660093723988e-19,
    "(((0,), (0,)), ((1,), (3,)))": 8.249141153393484e-20,
    "(((0,), (0,)), ((2,), (0,)))": -0.0014864194975610459,
    "(((0,), (0,)), ((2,), (1,)))": 1.496149221559956e-19,
    "(((0,), (0,)), ((2,), (2,)))": -3.109793960386613e-19,
    "(((0,), (0,)), ((2,), (3,)))": -1.1153265068602483e-19,
    "(((0,), (1,)), ((0,), (0,)))": 1.5033522568657966e-19,
    "(((0,), (1,)), ((0,), (1,)))": -0.0014933582095035835,
    "(((0,), (1,)), ((0,), (2,)))": 3.238733418506093e-19,
    "(((0,), (1,)), ((0,), (3,)))": 1.5222060356313134e-19,
    "(((0,), (1,)), ((1,), (0,)))": -2.9389245760316228e-19,
    "(((0,), (1,)), ((1,), (1,)))": 0.0027586142454587995,
    "(((0,), (1,)), ((1,), (2,)))": -4.379207454647016e-19,
    "(((0,), (1,)), ((1,), (3,)))": -9.483339923367946e-19,
    "(((0,), (1,)), ((2,), (0,)))": 1.878811671838753e-19,
    "(((0,), (1,)), ((2,), (1,)))": -0.0014864194975610456,
    "(((0,), (1,)), ((2,), (2,)))": 9.793083673985955e-19,
    "(((0,), (1,)), ((2,), (3,)))": 4.949394136490111e-20,
    "(((0,), (2,)), ((0,), (0,)))": -1.3719740513694258e-19,
    "(((0,), (2,)), ((0,), (1,)))": 3.2387334185060545e-19,
    "(((0,), (2,)), ((0,), (2,)))": -0.0014765055808763166,
    "(((0,), (2,)), ((0,), (3,)))": -0.0003676048516103351,
    "(((0,), (2,)), ((1,), (0,)))": 3.0665763047825097e-19,
    "(((0,), (2,)), ((1,), (1,)))": -1.5369776034520679e-18,
    "(((0,), (2,)), ((1,), (2,)))": -0.00017165399184577776,
    "(((0,), (2,)), ((1,), (3,)))": 0.00011451444529962827,
    "(((0,), (2,)), ((2,), (0,)))": -5.0573582977016556e-20,
    "(((0,), (2,)), ((2,), (1,)))": 6.183235525303439e-19,
    "(((0,), (2,)), ((2,), (2,)))": 0.0005155785400421049,
    "(((0,), (2,)), ((2,), (3,)))": 8.003265940073247e-05,
    "(((0,), (3,)), ((0,), (0,)))": 4.500626795790925e-20,
    "(((0,), (3,)), ((0,), (1,)))": 1.5222060356313197e-19,
    "(((0,), (3,)), ((0,), (2,)))": -0.00036760485161033694,
    "(((0,), (3,)), ((0,), (3,)))": -0.0017081717925894332,
    "(((0,), (3,)), ((1,), (0,)))": -1.8353662544916486e-19,
    "(((0,), (3,)), ((1,), (1,)))": -4.789281581479951e-19,
    "(((0,), (3,)), ((1,), (2,)))": 0.0004915149487906674,
    "(((0,), (3,)), ((1,), (3,)))": 0.0005964676093020409,
    "(((0,), (3,)), ((2,), (0,)))": 3.957637796682032e-21,
    "(((0,), (3,)), ((2,), (1,)))": 1.4660757014346698e-19,
    "(((0,), (3,)), ((2,), (2,)))": 0.0003389396780843595,
    "(((0,), (3,)), ((2,), (3,)))": -0.0009277804986608126,
    "(((1,), (0,)), ((0,), (0,)))": 0.0027586142454587986,
    "(((1,), (0,)), ((0,), (1,)))": -1.791834780190841e-19,
    "(((1,), (0,)), ((0,), (2,)))": 3.0665763047825313e-19,
    "(((1,), (0,)), ((0,), (3,)))": -1.8353662544916544e-19,
    "(((1,), (0,)), ((1,), (0,)))": -0.04360669517119902,
    "(((1,), (0,)), ((1,), (1,)))": 5.921232610156993e-18,
    "(((1,), (0,)), ((1,), (2,)))": 1.2710595706906426e-17,
    "(((1,), (0,)), ((1,), (3,)))": -7.529742190731927e-18,
    "(((1,), (0,)), ((2,), (0,)))": 0.021502472761546085,
    "(((1,), (0,)), ((2,), (1,)))": -2.4231157269849914e-18,
    "(((1,), (0,)), ((2,), (2,)))": 2.798956267502146e-19,
    "(((1,), (0,)), ((2,), (3,)))": -6.290485842968344e-18,
    "(((1,), (1,)), ((0,), (0,)))": -3.4975861169595707e-19,
    "(((1,), (1,)), ((0,), (1,)))": 0.0027586142454587995,
    "(((1,), (1,)), ((0,), (2,)))": -1.53697760345207e-18,
    "(((1,), (1,)), ((0,), (3,)))": -4.789281581479978e-19,
    "(((1,), (1,)), ((1,), (0,)))": 6.045517953445198e-18,
    "(((1,), (1,)), ((1,), (1,)))": -0.043606695171199014,
    "(((1,), (1,)), ((1,), (2,)))": 6.428959105409346e-18,
    "(((1,), (1,)), ((1,), (3,)))": 2.197426066433144e-17,
    "(((1,), (1,)), ((2,), (0,)))": -2.783605911642226e-18,
    "(((1,), (1,)), ((2,), (1,)))": 0.02150247276154608,
    "(((1,), (1,)), ((2,), (2,)))": -1.5284499073638327e-17,
    "(((1,), (1,)), ((2,), (3,)))": 7.934215889941352e-18,
    "(((1,), (2,)), ((0,), (0,)))": -6.645660093724002e-19,
    "(((1,), (2,)), ((0,), (1,)))": -4.379207454647016e-19,
    "(((1,), (2,)), ((0,), (2,)))": -0.000171653991845777,
    "(((1,), (2,)), ((0,), (3,)))": 0.0004915149487906664,
    "(((1,), (2,)), ((1,), (0,)))": 1.2710595706906419e-17,
    "(((1,), (2,)), ((1,), (1,)))": 6.428959105409331e-18,
    "(((1,), (2,)), ((1,), (2,)))": -0.039000645728871144,
    "(((1,), (2,)), ((1,), (3,)))": 0.02992869352795667,
    "(((1,), (2,)), ((2,), (0,)))": -3.0923142523545384e-18,
    "(((1,), (2,)), ((2,), (1,)))": -8.393501436317967e-18,
    "(((1,), (2,)), ((2,), (2,)))": 0.003030309173771723,
    "(((1,), (2,)), ((2,), (3,)))": 0.020987395805156073,
    "(((1,), (3,)), ((0,), (0,)))": 8.249141153393513e-20,
    "(((1,), (3,)), ((0,), (1,)))": -9.483339923367913e-19,
    "(((1,), (3,)), ((0,), (2,)))": 0.0001145144452996261,
    "(((1,), (3,)), ((0,), (3,)))": 0.000596467609302041,
    "(((1,), (3,)), ((1,), (0,)))": -7.529742190731932e-18,
    "(((1,), (3,)), ((1,), (1,)))": 2.1974260664331415e-17,
    "(((1,), (3,)), ((1,), (2,)))": 0.029928693527956754,
    "(((1,), (3,)), ((1,), (3,)))": -0.030531619482534765,
    "(((1,), (3,)), ((2,), (0,)))": -3.1958958378660184e-18,
    "(((1,), (3,)), ((2,), (1,)))": 2.553202983673317e-18,
    "(((1,), (3,)), ((2,), (2,)))": 0.01698451485149024,
    "(((1,), (3,)), ((2,), (3,)))": -0.007501361651543218,
    "(((2,), (0,)), ((0,), (0,)))": -0.0014864194975610456,
    "(((2,), (0,)), ((0,), (1,)))": 1.0461159022149855e-19,
    "(((2,), (0,)), ((0,), (2,)))": -5.057358297701658e-20,
    "(((2,), (0,)), ((0,), (3,)))": 3.957637796681599e-21,
    "(((2,), (0,)), ((1,), (0,)))": 0.021502472761546088,
    "(((2,), (0,)), ((1,), (1,)))": -2.311467749743397e-18,
    "(((2,), (0,)), ((1,), (2,)))": -3.0923142523545334e-18,
    "(((2,), (0,)), ((1,), (3,)))": -3.19589583786602e-18,
    "(((2,), (0,)), ((2,), (0,)))": -0.014293724781661543,
    "(((2,), (0,)), ((2,), (1,)))": 9.131184948889704e-19,
    "(((2,), (0,)), ((2,), (2,)))": -7.475904440901261e-18,
    "(((2,), (0,)), ((2,), (3,)))": -4.387171209241649e-18,
    "(((2,), (1,)), ((0,), (0,)))": 2.3435972880605485e-19,
    "(((2,), (1,)), ((0,), (1,)))": -0.0014864194975610454,