{
  "E": -15.531269849763204,
  "sol": {
    "(((), ()), ((), ()))": 0.991171913163961,
    "(((0,), (0,)), ((), ()))": 4.957445098115648e-18,
    "(((), ()), ((0,), (0,)))": 4.957445098115648e-18,
    "(((0,), (1,)), ((), ()))": 3.239534057643243e-17,
    "(((), ()), ((0,), (1,)))": 3.239534057643243e-17,
    "(((0,), (2,)), ((), ()))": 0.0003149389151504501,
    "(((), ()), ((0,), (2,)))": 0.0003149389151504501,
    "(((0,), (3,)), ((), ()))": -2.4105001952753587e-17,
    "(((), ()), ((0,), (3,)))": -2.4105001952753587e-17,
    "(((1,), (0,)), ((), ()))": -2.2185929134250812e-17,
    "(((), ()), ((1,), (0,)))": -2.2185929134250812e-17,
    "(((1,), (1,)), ((), ()))": 1.0468546559797139e-18,
    "(((), ()), ((1,), (1,)))": 1.0468546559797139e-18,
    "(((1,), (2,)), ((), ()))": -0.009436269448891772,
    "(((), ()), ((1,), (2,)))": -0.009436269448891772,
    "(((1,), (3,)), ((), ()))": 6.033879783627257e-16,
    "(((), ()), ((1,), (3,)))": 6.033879783627257e-16,
    "(((2,), (0,)), ((), ()))": 7.506257965154509e-18,
    "(((), ()), ((2,), (0,)))": 7.506257965154509e-18,
    "(((2,), (1,)), ((), ()))": 1.0714576707682973e-17,
    "(((), ()), ((2,), (1,)))": 1.0714576707682973e-17,
    "(((2,), (2,)), ((), ()))": -1.173735241572517e-16,
    "(((), ()), ((2,), (2,)))": -1.173735241572517e-16,
    "(((2,), (3,)), ((), ()))": -0.0028844500883048853,
    "(((), ()), ((2,), (3,)))": -0.0028844500883048853,
    "(((0,), (0,)), ((0,), (0,)))": -0.0014768367229285322,
    "(((0,), (0,)), ((0,), (1,)))": -2.4922661839380883e-20,
    "(((0,), (0,)), ((0,), (2,)))": -1.1605311934762908e-18,
    "(((0,), (0,)), ((0,), (3,)))": -1.4312780958252306e-18,
    "(((0,), (0,)), ((1,), (0,)))": 0.003193523068356974,
    "(((0,), (0,)), ((1,), (1,)))": 2.009375652397899e-19,
    "(((0,), (0,)), ((1,), (2,)))": 1.6983417563509e-18,
    "(((0,), (0,)), ((1,), (3,)))": 2.9263517217388387e-18,
    "(((0,), (0,)), ((2,), (0,)))": 9.445824474716614e-18,
    "(((0,), (0,)), ((2,), (1,)))": 1.390990021582282e-20,
    "(((0,), (0,)), ((2,), (2,)))": 5.6200720036844945e-19,
    "(((0,), (0,)), ((2,), (3,)))": 6.175356259368482e-19,
    "(((0,), (1,)), ((0,), (0,)))": -1.2897437570706573e-19,
    "(((0,), (1,)), ((0,), (1,)))": -0.0014768367229285341,
    "(((0,), (1,)), ((0,), (2,)))": -4.377107999557968e-20,
    "(((0,), (1,)), ((0,), (3,)))": -2.575392497068692e-19,
    "(((0,), (1,)), ((1,), (0,)))": 1.0644718811001438e-19,
    "(((0,), (1,)), ((1,), (1,)))": 0.0031935230683569774,
    "(((0,), (1,)), ((1,), (2,)))": 2.7824059537031826e-18,
    "(((0,), (1,)), ((1,), (3,)))": 4.861691637609273e-19,
    "(((0,), (1,)), ((2,), (0,)))": -2.0871480338425015e-20,
    "(((0,), (1,)), ((2,), (1,)))": 9.491427708353317e-18,
    "(((0,), (1,)), ((2,), (2,)))": -3.1464647993995163e-19,
    "(((0,), (1,)), ((2,), (3,)))": 4.348644568409733e-19,
    "(((0,), (2,)), ((0,), (0,)))": -1.1605311934762933e-18,
    "(((0,), (2,)), ((0,), (1,)))": -4.377107999558324e-20,
    "(((0,), (2,)), ((0,), (2,)))": -0.0009223871454375704,
    "(((0,), (2,)), ((0,), (3,)))": -3.7520359207694375e-18,
    "(((0,), (2,)), ((1,), (0,)))": 1.9654270804372567e-18,
    "(((0,), (2,)), ((1,), (1,)))": 1.3531811926181942e-18,
    "(((0,), (2,)), ((1,), (2,)))": -7.275852133152161e-05,
    "(((0,), (2,)), ((1,), (3,)))": 1.0616096206187489e-19,
    "(((0,), (2,)), ((2,), (0,)))": -4.420607785008262e-20,
    "(((0,), (2,)), ((2,), (1,)))": 9.436621849363988e-21,
    "(((0,), (2,)), ((2,), (2,)))": 8.583140051537094e-19,
    "(((0,), (2,)), ((2,), (3,)))": 8.95292670879676e-05,
    "(((0,), (3,)), ((0,), (0,)))": -1.4312780958252306e-18,
    "(((0,), (3,)), ((0,), (1,)))": -2.5753924970687113e-19,
    "(((0,), (3,)), ((0,), (2,)))": -7.286779165050028e-18,
    "(((0,), (3,)), ((0,), (3,)))": -0.0018159202861808361,
    "(((0,), (3,)), ((1,), (0,)))": 2.9852433077914956e-18,
    "(((0,), (3,)), ((1,), (1,)))": 3.6782556935973497e-19,
    "(((0,), (3,)), ((1,), (2,)))": -2.9194985657257972e-18,
    "(((0,), (3,)), ((1,), (3,)))": 0.0007542433629948512,
    "(((0,), (3,)), ((2,), (0,)))": 3.2814951461603548e-19,
    "(((0,), (3,)), ((2,), (1,)))": -2.4554125102596075e-20,
    "(((0,), (3,)), ((2,), (2,)))": 0.000906260116561354,
    "(((0,), (3,)), ((2,), (3,)))": 8.701154402418195e-18,
    "(((1,), (0,)), ((0,), (0,)))": 0.003193523068356975,
    "(((1,), (0,)), ((0,), (1,)))": 2.925505625083144e-19,
    "(((1,), (0,)), ((0,), (2,)))": 1.9654270804372586e-18,
    "(((1,), (0,)), ((0,), (3,)))": 2.9852433077914967e-18,
    "(((1,), (0,)), ((1,), (0,)))": -0.057347863664178864,
    "(((1,), (0,)), ((1,), (1,)))": -4.303940789018224e-18,
    "(((1,), (0,)), ((1,), (2,)))": -3.506104437083312e-17,
    "(((1,), (0,)), ((1,), (3,)))": -3.2590775465038236e-17,
    "(((1,), (0,)), ((2,), (0,)))": -1.7552770744444058e-16,
    "(((1,), (0,)), ((2,), (1,)))": 1.7913692190385354e-19,
    "(((1,), (0,)), ((2,), (2,)))": -1.1579337104836836e-17,
    "(((1,), (0,)), ((2,), (3,)))": -9.8333247816091e-19,
    "(((1,), (1,)), ((0,), (0,)))": 4.379876646024352e-20,
    "(((1,), (1,)), ((0,), (1,)))": 0.0031935230683569774,
    "(((1,), (1,)), ((0,), (2,)))": 1.3531811926181907e-18,
    "(((1,), (1,)), ((0,), (3,)))": 3.6782556935973444e-19,
    "(((1,), (1,)), ((1,), (0,)))": -6.786305045514276e-18,
    "(((1,), (1,)), ((1,), (1,)))": -0.05734786366417896,
    "(((1,), (1,)), ((1,), (2,)))": -4.665794232737287e-17,
    "(((1,), (1,)), ((1,), (3,)))": -6.81779807354647e-18,
    "(((1,), (1,)), ((2,), (0,)))": -2.1086761039675845e-19,
    "(((1,), (1,)), ((2,), (1,)))": -1.775904108759555e-16,
    "(((1,), (1,)), ((2,), (2,)))": 9.964219303804062e-18,
    "(((1,), (1,)), ((2,), (3,)))": -9.730067280553925e-18,
    "(((1,), (2,)), ((0,), (0,)))": 1.6983417563509e-18,
    "(((1,), (2,)), ((0,), (1,)))": 2.782405953703192e-18,
    "(((1,), (2,)), ((0,), (2,)))": -7.275852133152721e-05,
    "(((1,), (2,)), ((0,), (3,)))": -8.57729774739495e-18,
    "(((1,), (2,)), ((1,), (0,)))": -3.506104437083313e-17,
    "(((1,), (2,)), ((1,), (1,)))": -4.665794232737283e-17,
    "(((1,), (2,)), ((1,), (2,)))": -0.04404050368026789,
    "(((1,), (2,)), ((1,), (3,)))": -4.745922067617961e-16,
    "(((1,), (2,)), ((2,), (0,)))": -5.775111779451228e-18,
    "(((1,), (2,)), ((2,), (1,)))": 7.734902694404538e-18,
    "(((1,), (2,)), ((2,), (2,)))": -4.0726572776177017e-16,
    "(((1,), (2,)), ((2,), (3,)))": 0.033030353721893835,
    "(((1,), (3,)), ((0,), (0,)))": 2.9263517217388402e-18,
    "(((1,), (3,)), ((0,), (1,)))": 4.861691637609281e-19,
    "(((1,), (3,)), ((0,), (2,)))": 7.376898326850647e-18,
    "(((1,), (3,)), ((0,), (3,)))": 0.0007542433629948509,
    "(((1,), (3,)), ((1,), (0,)))": -3.2590775465038236e-17,
    "(((1,), (3,)), ((1,), (1,)))": -6.817798073546462e-18,
    "(((1,), (3,)), ((1,), (2,)))": -4.837566739352015e-16,
    "(((1,), (3,)), ((1,), (3,)))": -0.018960451042971182,
    "(((1,), (3,)), ((2,), (0,)))": 2.449822413764967e-18,
    "(((1,), (3,)), ((2,), (1,)))": -1.0040477575995035e-17,
    "(((1,), (3,)), ((2,), (2,)))": 0.03056105340429958,
    "(((1,), (3,)), ((2,), (3,)))": 7.403601602611691e-16,
    "(((2,), (0,)), ((0,), (0,)))": 9.728193923358763e-18,
    "(((2,), (0,)), ((0,), (1,)))": 9.599355428054062e-20,
    "(((2,), (0,)), ((0,), (2,)))": -4.4206077850084543e-20,
    "(((2,), (0,)), ((0,), (3,)))": 3.281495146160348e-19,
    "(((2,), (0,)), ((1,), (0,)))": -1.7643123533195239e-16,
    "(((2,), (0,)), ((1,), (1,)))": 5.649374187932165e-20,
    "(((2,), (0,)), ((1,), (2,)))": -5.775111779451213e-18,
    "(((2,), (0,)), ((1,), (3,)))": 2.449822413764963e-18,
    "(((2,), (0,)), ((2,), (0,)))": -0.00472502186085361,
    "(((2,), (0,)), ((2,), (1,)))": 3.8495040780538985e-19,
    "(((2,), (0,)), ((2,), (2,)))": -1.0976484867182777e-17,
    "(((2,), (0,)), ((2,), (3,)))": 3.991740188272088e-18,
    "(((2,), (1,)), ((0,), (0,)))": -8.69037431229108e-20,
    "(((2,), (1,)), ((0,), (1,)))": 9.661983594063843e-18,