{
  "E": -14.533356374914678,
  "sol": {
    "((1, 1, 1), (1, 1, 1))": 0.8631491770360007,
    "((1, 1, 1), (1, 1, 0, 1))": -5.551115123125783e-15,
    "((1, 1, 1), (1, 0, 1, 1))": 9.507789288446409e-17,
    "((1, 1, 1), (0, 1, 1, 1))": 9.576726648007939e-17,
    "((1, 1, 1), (1, 1, 0, 0, 1))": 8.871137722049031e-16,
    "((1, 1, 1), (1, 0, 1, 0, 1))": 8.158035676758136e-17,
    "((1, 1, 1), (0, 1, 1, 0, 1))": -8.064782340249251e-17,
    "((1, 1, 1), (1, 0, 0, 1, 1))": 5.1883381685691504e-20,
    "((1, 1, 1), (0, 1, 0, 1, 1))": 6.371086289728113e-19,
    "((1, 1, 1), (0, 0, 1, 1, 1))": -7.297637232512993e-21,
    "((1, 1, 0, 1), (1, 1, 1))": 3.946851804179676e-15,
    "((1, 1, 0, 1), (1, 1, 0, 1))": -0.35703211578511407,
    "((1, 1, 0, 1), (1, 0, 1, 1))": 1.4574352319504044e-17,
    "((1, 1, 0, 1), (0, 1, 1, 1))": -0.0026386918715308673,
    "((1, 1, 0, 1), (1, 1, 0, 0, 1))": -1.8688916815075785e-16,
    "((1, 1, 0, 1), (1, 0, 1, 0, 1))": -4.34642543840619e-19,
    "((1, 1, 0, 1), (0, 1, 1, 0, 1))": 4.611526046129848e-19,
    "((1, 1, 0, 1), (1, 0, 0, 1, 1))": -3.60670504001249e-17,
    "((1, 1, 0, 1), (0, 1, 0, 1, 1))": 3.5540715756626836e-17,
    "((1, 1, 0, 1), (0, 0, 1, 1, 1))": 1.83798152339812e-19,
    "((1, 0, 1, 1), (1, 1, 1))": 3.213213826648619e-17,
    "((1, 0, 1, 1), (1, 1, 0, 1))": 1.196461711505518e-17,
    "((1, 0, 1, 1), (1, 0, 1, 1))": 0.0006953458932827202,
    "((1, 0, 1, 1), (0, 1, 1, 1))": -2.196897379355312e-18,
    "((1, 0, 1, 1), (1, 1, 0, 0, 1))": -5.661866144119644e-19,
    "((1, 0, 1, 1), (1, 0, 1, 0, 1))": 7.596879286337228e-19,
    "((1, 0, 1, 1), (0, 1, 1, 0, 1))": -6.092482213278886e-19,
    "((1, 0, 1, 1), (1, 0, 0, 1, 1))": -1.9308657139049242e-19,
    "((1, 0, 1, 1), (0, 1, 0, 1, 1))": -1.6283700167067289e-18,
    "((1, 0, 1, 1), (0, 0, 1, 1, 1))": -6.125232971456945e-20,
    "((0, 1, 1, 1), (1, 1, 1))": -2.7517388722105518e-17,
    "((0, 1, 1, 1), (1, 1, 0, 1))": -0.002638691871530909,
    "((0, 1, 1, 1), (1, 0, 1, 1))": -2.0099695588122918e-18,
    "((0, 1, 1, 1), (0, 1, 1, 1))": 0.00013997584377784328,
    "((0, 1, 1, 1), (1, 1, 0, 0, 1))": 8.532182295274239e-19,
    "((0, 1, 1, 1), (1, 0, 1, 0, 1))": -5.549690745529719e-19,
    "((0, 1, 1, 1), (0, 1, 1, 0, 1))": 7.8354012578709345e-19,
    "((0, 1, 1, 1), (1, 0, 0, 1, 1))": -1.8122279432564767e-18,
    "((0, 1, 1, 1), (0, 1, 0, 1, 1))": 6.450565705207119e-19,
    "((0, 1, 1, 1), (0, 0, 1, 1, 1))": -2.9773076212494745e-20,
    "((1, 1, 0, 0, 1), (1, 1, 1))": -2.527837650264517e-17,
    "((1, 1, 0, 0, 1), (1, 1, 0, 1))": -3.1010018596584394e-16,
    "((1, 1, 0, 0, 1), (1, 0, 1, 1))": -6.56476050869408e-19,
    "((1, 1, 0, 0, 1), (0, 1, 1, 1))": 1.107552667863777e-18,
    "((1, 1, 0, 0, 1), (1, 1, 0, 0, 1))": -0.3570321157851252,
    "((1, 1, 0, 0, 1), (1, 0, 1, 0, 1))": 1.4533308618833014e-17,
    "((1, 1, 0, 0, 1), (0, 1, 1, 0, 1))": -0.0026386918715308114,
    "((1, 1, 0, 0, 1), (1, 0, 0, 1, 1))": 1.419194404965229e-17,
    "((1, 1, 0, 0, 1), (0, 1, 0, 1, 1))": 1.9385478664254714e-17,
    "((1, 1, 0, 0, 1), (0, 0, 1, 1, 1))": -9.454446938655853e-20,
    "((1, 0, 1, 0, 1), (1, 1, 1))": 8.148957411103116e-17,
    "((1, 0, 1, 0, 1), (1, 1, 0, 1))": -5.078717091507191e-19,
    "((1, 0, 1, 0, 1), (1, 0, 1, 1))": 1.311935154814129e-18,
    "((1, 0, 1, 0, 1), (0, 1, 1, 1))": -5.576259198277395e-19,
    "((1, 0, 1, 0, 1), (1, 1, 0, 0, 1))": 1.3803724537210867e-17,
    "((1, 0, 1, 0, 1), (1, 0, 1, 0, 1))": 0.0006953458932827827,
    "((1, 0, 1, 0, 1), (0, 1, 1, 0, 1))": -1.077998283763192e-18,
    "((1, 0, 1, 0, 1), (1, 0, 0, 1, 1))": 3.5575892330412105e-18,
    "((1, 0, 1, 0, 1), (0, 1, 0, 1, 1))": 1.4279126825663437e-19,
    "((1, 0, 1, 0, 1), (0, 0, 1, 1, 1))": 4.792676306688504e-20,
    "((0, 1, 1, 0, 1), (1, 1, 1))": -7.94723187299078e-17,
    "((0, 1, 1, 0, 1), (1, 1, 0, 1))": 1.431382000621884e-18,
    "((0, 1, 1, 0, 1), (1, 0, 1, 1))": -5.647199176428857e-19,
    "((0, 1, 1, 0, 1), (0, 1, 1, 1))": 1.2440997884040483e-18,
    "((0, 1, 1, 0, 1), (1, 1, 0, 0, 1))": -0.0026386918715308114,
    "((0, 1, 1, 0, 1), (1, 0, 1, 0, 1))": -9.654211372490681e-19,
    "((0, 1, 1, 0, 1), (0, 1, 1, 0, 1))": 0.00013997584377789212,
    "((0, 1, 1, 0, 1), (1, 0, 0, 1, 1))": 3.259449350472652e-19,
    "((0, 1, 1, 0, 1), (0, 1, 0, 1, 1))": 6.764743978607228e-18,
    "((0, 1, 1, 0, 1), (0, 0, 1, 1, 1))": -4.664678534482461e-20,
    "((1, 0, 0, 1, 1), (1, 1, 1))": 2.1986894942069114e-19,
    "((1, 0, 0, 1, 1), (1, 1, 0, 1))": -3.606500072099281e-17,
    "((1, 0, 0, 1, 1), (1, 0, 1, 1))": -8.420463469576734e-19,
    "((1, 0, 0, 1, 1), (0, 1, 1, 1))": -1.8122507928698603e-18,
    "((1, 0, 0, 1, 1), (1, 1, 0, 0, 1))": 1.3626657672077742e-17,
    "((1, 0, 0, 1, 1), (1, 0, 1, 0, 1))": -3.1860323083390957e-18,
    "((1, 0, 0, 1, 1), (0, 1, 1, 0, 1))": 2.0265965005892497e-19,
    "((1, 0, 0, 1, 1), (1, 0, 0, 1, 1))": 0.00041872272815693726,
    "((1, 0, 0, 1, 1), (0, 1, 0, 1, 1))": -1.9714352263558344e-18,
    "((1, 0, 0, 1, 1), (0, 0, 1, 1, 1))": 5.392027184972368e-06,
    "((0, 1, 0, 1, 1), (1, 1, 1))": -6.418748128435491e-19,
    "((0, 1, 0, 1, 1), (1, 1, 0, 1))": 3.088425706000615e-17,
    "((0, 1, 0, 1, 1), (1, 0, 1, 1))": -1.6283297390942154e-18,
    "((0, 1, 0, 1, 1), (0, 1, 1, 1))": -4.645763369779603e-19,
    "((0, 1, 0, 1, 1), (1, 1, 0, 0, 1))": -3.19531753579736e-17,
    "((0, 1, 0, 1, 1), (1, 0, 1, 0, 1))": 1.4749533434135923e-19,
    "((0, 1, 0, 1, 1), (0, 1, 1, 0, 1))": -5.1920540142228975e-18,
    "((0, 1, 0, 1, 1), (1, 0, 0, 1, 1))": -1.936876124496092e-18,
    "((0, 1, 0, 1, 1), (0, 1, 0, 1, 1))": 0.0007761465416584822,
    "((0, 1, 0, 1, 1), (0, 0, 1, 1, 1))": 9.873082107790412e-21,
    "((0, 0, 1, 1, 1), (1, 1, 1))": -6.944444282744565e-21,
    "((0, 0, 1, 1, 1), (1, 1, 0, 1))": 1.8392742810856406e-19,
    "((0, 0, 1, 1, 1), (1, 0, 1, 1))": -5.66541247193438e-20,
    "((0, 0, 1, 1, 1), (0, 1, 1, 1))": -2.966169410925411e-20,
    "((0, 0, 1, 1, 1), (1, 1, 0, 0, 1))": -5.495349350974058e-20,
    "((0, 0, 1, 1, 1), (1, 0, 1, 0, 1))": 4.904043420441817e-20,
    "((0, 0, 1, 1, 1), (0, 1, 1, 0, 1))": 8.830691777306028e-21,
    "((0, 0, 1, 1, 1), (1, 0, 0, 1, 1))": 5.3920271849725214e-06,
    "((0, 0, 1, 1, 1), (0, 1, 0, 1, 1))": 1.710782480134156e-20,
    "((0, 0, 1, 1, 1), (0, 0, 1, 1, 1))": -3.2068131686595607e-06
  }
}