{
  "E": -14.53335190559239,
  "sol": {
    "(((), ()), ((), ()))": 0.8631719047290809,
    "(((0,), (0,)), ((), ()))": -2.786856740289772e-17,
    "(((), ()), ((0,), (0,)))": -2.786856740289772e-17,
    "(((0,), (1,)), ((), ()))": -7.876160047495329e-17,
    "(((), ()), ((0,), (1,)))": -7.876160047495329e-17,
    "(((1,), (0,)), ((), ()))": 3.189145691862178e-17,
    "(((), ()), ((1,), (0,)))": 3.189145691862178e-17,
    "(((1,), (1,)), ((), ()))": 8.060405060294115e-17,
    "(((), ()), ((1,), (1,)))": 8.060405060294115e-17,
    "(((2,), (0,)), ((), ()))": -1.9871300224436702e-16,
    "(((), ()), ((2,), (0,)))": -1.9871300224436702e-16,
    "(((2,), (1,)), ((), ()))": 3.5781159416576677e-16,
    "(((), ()), ((2,), (1,)))": 3.5781159416576677e-16,
    "(((0,), (0,)), ((0,), (0,)))": 0.00014744189703074775,
    "(((0,), (0,)), ((0,), (1,)))": -3.2086362118132143e-19,
    "(((0,), (0,)), ((1,), (0,)))": 3.4712104913715954e-19,
    "(((0,), (0,)), ((1,), (1,)))": -5.310956333892639e-19,
    "(((0,), (0,)), ((2,), (0,)))": -0.0026424340459206353,
    "(((0,), (0,)), ((2,), (1,)))": -1.6042942405003973e-19,
    "(((0,), (1,)), ((0,), (0,)))": -2.0536591063379593e-19,
    "(((0,), (1,)), ((0,), (1,)))": 0.00014744189703074775,
    "(((0,), (1,)), ((1,), (0,)))": -5.22840487529674e-19,
    "(((0,), (1,)), ((1,), (1,)))": 1.1293902230117672e-18,
    "(((0,), (1,)), ((2,), (0,)))": -3.625586517263285e-19,
    "(((0,), (1,)), ((2,), (1,)))": -0.002642434045920636,
    "(((1,), (0,)), ((0,), (0,)))": 2.62596353960746e-19,
    "(((1,), (0,)), ((0,), (1,)))": -6.066449927334331e-19,
    "(((1,), (0,)), ((1,), (0,)))": 0.000698603357409633,
    "(((1,), (0,)), ((1,), (1,)))": -3.810464082821954e-19,
    "(((1,), (0,)), ((2,), (0,)))": 4.7164117550087654e-17,
    "(((1,), (0,)), ((2,), (1,)))": -5.910558463700792e-19,
    "(((1,), (1,)), ((0,), (0,)))": -5.523523891235185e-19,
    "(((1,), (1,)), ((0,), (1,)))": 1.4900289224311293e-18,
    "(((1,), (1,)), ((1,), (0,)))": -3.856569226851175e-19,
    "(((1,), (1,)), ((1,), (1,)))": 0.0006986033574096327,
    "(((1,), (1,)), ((2,), (0,)))": -5.562537263868895e-19,
    "(((1,), (1,)), ((2,), (1,)))": 4.8037429671212944e-17,
    "(((2,), (0,)), ((0,), (0,)))": -0.0026424340459206353,
    "(((2,), (0,)), ((0,), (1,)))": 3.3542962595409283e-19,
    "(((2,), (0,)), ((1,), (0,)))": 4.691158274778039e-17,
    "(((2,), (0,)), ((1,), (1,)))": -3.342484173877149e-19,
    "(((2,), (0,)), ((2,), (0,)))": -0.35700512145072594,
    "(((2,), (0,)), ((2,), (1,)))": 1.1584258090550058e-16,
    "(((2,), (1,)), ((0,), (0,)))": -1.0423676598637313e-18,
    "(((2,), (1,)), ((0,), (1,)))": -0.002642434045920636,
    "(((2,), (1,)), ((1,), (0,)))": -8.936617963279458e-19,
    "(((2,), (1,)), ((1,), (1,)))": 4.7875807397736304e-17,
    "(((2,), (1,)), ((2,), (0,)))": 1.145682845681189e-16,
    "(((2,), (1,)), ((2,), (1,)))": -0.3570051214507259
  }
}