{
  "E": -147.64438971678146,
  "sol": {
    "(((), ()), ((), ()))": 0.8706470530926244,
    "(((0,), (0,)), ((), ()))": -3.617116907235809e-19,
    "(((), ()), ((0,), (0,)))": -3.617116907235809e-19,
    "(((0,), (1,)), ((), ()))": -3.535907998965971e-05,
    "(((), ()), ((0,), (1,)))": -3.535907998965971e-05,
    "(((1,), (0,)), ((), ()))": -1.4481797101693596e-17,
    "(((), ()), ((1,), (0,)))": -1.4481797101693596e-17,
    "(((1,), (1,)), ((), ()))": -2.240466875786632e-14,
    "(((), ()), ((1,), (1,)))": -2.240466875786632e-14,
    "(((2,), (0,)), ((), ()))": -9.138509297542914e-16,
    "(((), ()), ((2,), (0,)))": -9.138509297542914e-16,
    "(((2,), (1,)), ((), ()))": -4.435577123657864e-13,
    "(((), ()), ((2,), (1,)))": -4.435577123657864e-13,
    "(((3,), (0,)), ((), ()))": -4.2015801610834156e-17,
    "(((), ()), ((3,), (0,)))": -4.2015801610834156e-17,
    "(((3,), (1,)), ((), ()))": 0.015415145386532053,
    "(((), ()), ((3,), (1,)))": 0.015415145386532053,
    "(((4,), (0,)), ((), ()))": -4.0965140356491093e-13,
    "(((), ()), ((4,), (0,)))": -4.0965140356491093e-13,
    "(((4,), (1,)), ((), ()))": 5.637273429426898e-16,
    "(((), ()), ((4,), (1,)))": 5.637273429426898e-16,
    "(((5,), (0,)), ((), ()))": -1.0492288442440992e-14,
    "(((), ()), ((5,), (0,)))": -1.0492288442440992e-14,
    "(((5,), (1,)), ((), ()))": -5.317575493329509e-12,
    "(((), ()), ((5,), (1,)))": -5.317575493329509e-12,
    "(((6,), (0,)), ((), ()))": 2.5037048442294485e-14,
    "(((), ()), ((6,), (0,)))": 2.5037048442294485e-14,
    "(((6,), (1,)), ((), ()))": -1.6729333092626558e-16,
    "(((), ()), ((6,), (1,)))": -1.6729333092626558e-16,
    "(((7,), (0,)), ((), ()))": 9.108588441190448e-12,
    "(((), ()), ((7,), (0,)))": 9.108588441190448e-12,
    "(((7,), (1,)), ((), ()))": 7.193340900419082e-15,
    "(((), ()), ((7,), (1,)))": 7.193340900419082e-15,
    "(((0,), (0,)), ((0,), (0,)))": -0.00011787871051577727,
    "(((0,), (0,)), ((0,), (1,)))": 4.851086852360282e-20,
    "(((0,), (0,)), ((1,), (0,)))": -7.97825211406808e-15,
    "(((0,), (0,)), ((1,), (1,)))": -1.529937053191412e-19,
    "(((0,), (0,)), ((2,), (0,)))": -1.0933985902338008e-13,
    "(((0,), (0,)), ((2,), (1,)))": 7.83411063307509e-19,
    "(((0,), (0,)), ((3,), (0,)))": -0.00040893965875626317,
    "(((0,), (0,)), ((3,), (1,)))": 4.3033684407860244e-20,
    "(((0,), (0,)), ((4,), (0,)))": 1.0661204410605062e-19,
    "(((0,), (0,)), ((4,), (1,)))": -2.482975492573185e-17,
    "(((0,), (0,)), ((5,), (0,)))": 2.437182213719623e-14,
    "(((0,), (0,)), ((5,), (1,)))": -2.5724613858624754e-19,
    "(((0,), (0,)), ((6,), (0,)))": 9.4996801880444e-20,
    "(((0,), (0,)), ((6,), (1,)))": 6.333586065630539e-19,
    "(((0,), (0,)), ((7,), (0,)))": -4.37491183031986e-19,
    "(((0,), (0,)), ((7,), (1,)))": 1.171726457396535e-13,
    "(((0,), (1,)), ((0,), (0,)))": 4.8510868523602416e-20,
    "(((0,), (1,)), ((0,), (1,)))": -0.00028903471673662846,
    "(((0,), (1,)), ((1,), (0,)))": -1.4515951352926298e-19,
    "(((0,), (1,)), ((1,), (1,)))": -5.9938221981170565e-15,
    "(((0,), (1,)), ((2,), (0,)))": 7.017432613957606e-19,
    "(((0,), (1,)), ((2,), (1,)))": -2.0739125588526723e-13,
    "(((0,), (1,)), ((3,), (0,)))": 6.7316189214065e-20,
    "(((0,), (1,)), ((3,), (1,)))": -0.0006486996010814075,
    "(((0,), (1,)), ((4,), (0,)))": -2.0635189850245214e-17,
    "(((0,), (1,)), ((4,), (1,)))": 3.095126788978897e-19,
    "(((0,), (1,)), ((5,), (0,)))": -1.997542325233799e-19,
    "(((0,), (1,)), ((5,), (1,)))": -6.097922558420526e-16,
    "(((0,), (1,)), ((6,), (0,)))": 1.080319061216389e-18,
    "(((0,), (1,)), ((6,), (1,)))": 8.708811346137911e-20,
    "(((0,), (1,)), ((7,), (0,)))": 1.630794337102666e-14,
    "(((0,), (1,)), ((7,), (1,)))": 6.252832107716146e-19,
    "(((1,), (0,)), ((0,), (0,)))": -7.978248489295868e-15,
    "(((1,), (0,)), ((0,), (1,)))": -1.4515951352925913e-19,
    "(((1,), (0,)), ((1,), (0,)))": -0.00011213796307833094,
    "(((1,), (0,)), ((1,), (1,)))": 5.460589955104593e-20,
    "(((1,), (0,)), ((2,), (0,)))": 0.00031092363134368334,
    "(((1,), (0,)), ((2,), (1,)))": -1.2103808681984172e-19,
    "(((1,), (0,)), ((3,), (0,)))": -1.7423335453741198e-13,
    "(((1,), (0,)), ((3,), (1,)))": -7.62132424384601e-19,
    "(((1,), (0,)), ((4,), (0,)))": -1.173495898509245e-19,
    "(((1,), (0,)), ((4,), (1,)))": 6.039354366607711e-19,
    "(((1,), (0,)), ((5,), (0,)))": -7.381741300576999e-05,
    "(((1,), (0,)), ((5,), (1,)))": -6.156846897452387e-19,
    "(((1,), (0,)), ((6,), (0,)))": 4.122644228478193e-19,
    "(((1,), (0,)), ((6,), (1,)))": -8.951450629874008e-18,
    "(((1,), (0,)), ((7,), (0,)))": 1.3119444337335132e-18,
    "(((1,), (0,)), ((7,), (1,)))": -0.00029711059373845674,
    "(((1,), (1,)), ((0,), (0,)))": -1.5299370531914582e-19,
    "(((1,), (1,)), ((0,), (1,)))": -5.9938207956359496e-15,
    "(((1,), (1,)), ((1,), (0,)))": 5.460589955104523e-20,
    "(((1,), (1,)), ((1,), (1,)))": -0.0002804573788200205,
    "(((1,), (1,)), ((2,), (0,)))": -1.6252037827862097e-19,
    "(((1,), (1,)), ((2,), (1,)))": 0.000544769847159438,
    "(((1,), (1,)), ((3,), (0,)))": -3.843150973379792e-19,
    "(((1,), (1,)), ((3,), (1,)))": -2.621578288372063e-13,
    "(((1,), (1,)), ((4,), (0,)))": 1.0871645711898663e-17,
    "(((1,), (1,)), ((4,), (1,)))": -3.021679427607039e-19,
    "(((1,), (1,)), ((5,), (0,)))": -3.0088903179709515e-19,
    "(((1,), (1,)), ((5,), (1,)))": -8.090562565580097e-06,
    "(((1,), (1,)), ((6,), (0,)))": -3.502772853402763e-16,
    "(((1,), (1,)), ((6,), (1,)))": 7.065854602267593e-19,
    "(((1,), (1,)), ((7,), (0,)))": -3.9812329534479366e-05,
    "(((1,), (1,)), ((7,), (1,)))": -4.7996200471068734e-20,
    "(((2,), (0,)), ((0,), (0,)))": -1.0933987882408569e-13,
    "(((2,), (0,)), ((0,), (1,)))": 7.017432613957621e-19,
    "(((2,), (0,)), ((1,), (0,)))": 0.00031092363134368334,
    "(((2,), (0,)), ((1,), (1,)))": -1.6252037827862152e-19,
    "(((2,), (0,)), ((2,), (0,)))": -0.008008720538808531,
    "(((2,), (0,)), ((2,), (1,)))": 4.34691869646596e-18,
    "(((2,), (0,)), ((3,), (0,)))": 7.491348784537288e-13,
    "(((2,), (0,)), ((3,), (1,)))": 9.221477023452731e-17,
    "(((2,), (0,)), ((4,), (0,)))": 1.1647286401655357e-17,
    "(((2,), (0,)), ((4,), (1,)))": -6.551425220083522e-17,
    "(((2,), (0,)), ((5,), (0,)))": 0.003649210056295791,
    "(((2,), (0,)), ((5,), (1,)))": 5.0212173039793676e-17,
    "(((2,), (0,)), ((6,), (0,)))": -3.2675453173838983e-17,
    "(((2,), (0,)), ((6,), (1,)))": 9.061918624358886e-16,
    "(((2,), (0,)), ((7,), (0,)))": -2.0155208164882583e-17,
    "(((2,), (0,)), ((7,), (1,)))": 0.02694250165225618,
    "(((2,), (1,)), ((0,), (0,)))": 7.83411063307509e-19,
    "(((2,), (1,)), ((0,), (1,)))": -2.0739126822755867e-13,
    "(((2,), (1,)), ((1,), (0,)))": -1.210380868198404e-19,
    "(((2,), (1,)), ((1,), (1,)))": 0.000544769847159438,
    "(((2,), (1,)), ((2,), (0,)))": 4.346918696465945e-18,
    "(((2,), (1,)), ((2,), (1,)))": -0.02115404850099656,
    "(((2,), (1,)), ((3,), (0,)))": 1.3202952522159345e-16,
    "(((2,), (1,)), ((3,), (1,)))": 2.5742478217482737e-13,
    "(((2,), (1,)), ((4,), (0,)))": 6.797723511189568e-16,
    "(((2,), (1,)), ((4,), (1,)))": -5.2908381269633566e-17,
    "(((2,), (1,)), ((5,), (0,)))": 4.1881367709369856e-17,
    "(((2,), (1,)), ((5,), (1,)))": -0.02829117867385082,
    "(((2,), (1,)), ((6,), (0,)))": -2.316336001214847e-14,
    "(((2,), (1,)), ((6,), (1,)))": 1.0797202398191444e-16,
    "(((2,), (1,)), ((7,), (0,)))": 0.020469145860012465,
    "(((2,), (1,)), ((7,), (1,)))": 5.735723726288044e-17,
    "(((3,), (0,)), ((0,), (0,)))": -0.00040893965875626306,
    "(((3,), (0,)), ((0,), (1,)))": 6.731618921406502e-20,
    "(((3,), (0,)), ((1,), (0,)))": -1.7423335430331578e-13,
    "(((3,), (0,)), ((1,), (1,)))": -3.843150973379823e-19,
    "(((3,), (0,)), ((2,), (0,)))": 7.491348213202918e-13,
    "(((3,), (0,)), ((2,), (1,)))": 1.3202952522159358e-16,