{
  "E": -14.639150129427396,
  "sol": {
    "((1, 1, 1), (1, 1, 1))": 0.9085441584619999,
    "((1, 1, 1), (1, 1, 0, 1))": -1.2995160503237457e-13,
    "((1, 1, 1), (1, 0, 1, 1))": 5.472272185177633e-16,
    "((1, 1, 1), (0, 1, 1, 1))": 0.0005063109611665025,
    "((1, 1, 1), (1, 1, 0, 0, 1))": 0.13687601604742974,
    "((1, 1, 1), (1, 0, 1, 0, 1))": 0.0009368145680329864,
    "((1, 1, 1), (0, 1, 1, 0, 1))": -1.5272577056589388e-15,
    "((1, 1, 1), (1, 0, 0, 1, 1))": -1.8103047742694122e-16,
    "((1, 1, 1), (0, 1, 0, 1, 1))": 6.415754145010126e-05,
    "((1, 1, 1), (0, 0, 1, 1, 1))": -1.1464663934738052e-05,
    "((1, 1, 0, 1), (1, 1, 1))": 1.0170411302100688e-13,
    "((1, 1, 0, 1), (1, 1, 0, 1))": -0.36522393575263523,
    "((1, 1, 0, 1), (1, 0, 1, 1))": -0.0019461975256211833,
    "((1, 1, 0, 1), (0, 1, 1, 1))": 3.5254722652358206e-15,
    "((1, 1, 0, 1), (1, 1, 0, 0, 1))": 1.510003377945499e-14,
    "((1, 1, 0, 1), (1, 0, 1, 0, 1))": 8.916380562660834e-18,
    "((1, 1, 0, 1), (0, 1, 1, 0, 1))": -0.00024996661430424155,
    "((1, 1, 0, 1), (1, 0, 0, 1, 1))": -0.0020482246245807963,
    "((1, 1, 0, 1), (0, 1, 0, 1, 1))": 3.727873676747474e-15,
    "((1, 1, 0, 1), (0, 0, 1, 1, 1))": -1.903349542397926e-18,
    "((1, 0, 1, 1), (1, 1, 1))": 1.2940423756086969e-15,
    "((1, 0, 1, 1), (1, 1, 0, 1))": -0.0019461975256211267,
    "((1, 0, 1, 1), (1, 0, 1, 1))": -0.00148669361491635,
    "((1, 0, 1, 1), (0, 1, 1, 1))": 9.625492250861691e-17,
    "((1, 0, 1, 1), (1, 1, 0, 0, 1))": -4.645374270241437e-16,
    "((1, 0, 1, 1), (1, 0, 1, 0, 1))": 2.1722257962643174e-15,
    "((1, 0, 1, 1), (0, 1, 1, 0, 1))": 0.0006037581844527699,
    "((1, 0, 1, 1), (1, 0, 0, 1, 1))": 0.00015497573692821887,
    "((1, 0, 1, 1), (0, 1, 0, 1, 1))": -8.933442920158097e-17,
    "((1, 0, 1, 1), (0, 0, 1, 1, 1))": -3.1503109435648567e-18,
    "((0, 1, 1, 1), (1, 1, 1))": 0.0005063109611662969,
    "((0, 1, 1, 1), (1, 1, 0, 1))": 3.3393148133701567e-15,
    "((0, 1, 1, 1), (1, 0, 1, 1))": 9.534885356350907e-17,
    "((0, 1, 1, 1), (0, 1, 1, 1))": -0.001482513338804866,
    "((0, 1, 1, 1), (1, 1, 0, 0, 1))": -0.0003141241557544123,
    "((0, 1, 1, 1), (1, 0, 1, 0, 1))": 0.0006152228483874613,
    "((0, 1, 1, 1), (0, 1, 1, 0, 1))": -2.143395016825997e-15,
    "((0, 1, 1, 1), (1, 0, 0, 1, 1))": -9.177871759654141e-17,
    "((0, 1, 1, 1), (0, 1, 0, 1, 1))": 0.00015808824593859544,
    "((0, 1, 1, 1), (0, 0, 1, 1, 1))": -1.424167287702899e-06,
    "((1, 1, 0, 0, 1), (1, 1, 1))": 0.13687601604741928,
    "((1, 1, 0, 0, 1), (1, 1, 0, 1))": -1.729251939001433e-15,
    "((1, 1, 0, 0, 1), (1, 0, 1, 1))": -6.258075881122011e-16,
    "((1, 1, 0, 0, 1), (0, 1, 1, 1))": -0.00031412415575442226,
    "((1, 1, 0, 0, 1), (1, 1, 0, 0, 1))": -0.06037010183104959,
    "((1, 1, 0, 0, 1), (1, 0, 1, 0, 1))": 0.002791151532111458,
    "((1, 1, 0, 0, 1), (0, 1, 1, 0, 1))": -5.241925860649066e-15,
    "((1, 1, 0, 0, 1), (1, 0, 0, 1, 1))": 1.6594764746382571e-15,
    "((1, 1, 0, 0, 1), (0, 1, 0, 1, 1))": 0.001148916652500911,
    "((1, 1, 0, 0, 1), (0, 0, 1, 1, 1))": 2.881441808260008e-07,
    "((1, 0, 1, 0, 1), (1, 1, 1))": 0.0009368145680330155,
    "((1, 0, 1, 0, 1), (1, 1, 0, 1))": -9.06549879924046e-16,
    "((1, 0, 1, 0, 1), (1, 0, 1, 1))": 2.0939993385524626e-15,
    "((1, 0, 1, 0, 1), (0, 1, 1, 1))": 0.0006152228483875065,
    "((1, 0, 1, 0, 1), (1, 1, 0, 0, 1))": 0.002791151532111292,
    "((1, 0, 1, 0, 1), (1, 0, 1, 0, 1))": -0.0006320549777586943,
    "((1, 0, 1, 0, 1), (0, 1, 1, 0, 1))": 3.758829111540152e-17,
    "((1, 0, 1, 0, 1), (1, 0, 0, 1, 1))": -7.554794369227205e-16,
    "((1, 0, 1, 0, 1), (0, 1, 0, 1, 1))": -0.0002497908681367871,
    "((1, 0, 1, 0, 1), (0, 0, 1, 1, 1))": 3.6199868202836524e-06,
    "((0, 1, 1, 0, 1), (1, 1, 1))": -1.7834353959664004e-15,
    "((0, 1, 1, 0, 1), (1, 1, 0, 1))": -0.0002499666143042581,
    "((0, 1, 1, 0, 1), (1, 0, 1, 1))": 0.0006037581844527796,
    "((0, 1, 1, 0, 1), (0, 1, 1, 1))": -2.221635930852891e-15,
    "((0, 1, 1, 0, 1), (1, 1, 0, 0, 1))": -4.651062256918314e-15,
    "((0, 1, 1, 0, 1), (1, 0, 1, 0, 1))": 4.0096274042287436e-17,
    "((0, 1, 1, 0, 1), (0, 1, 1, 0, 1))": -0.0006124859054243915,
    "((0, 1, 1, 0, 1), (1, 0, 0, 1, 1))": -0.0002500790123176104,
    "((0, 1, 1, 0, 1), (0, 1, 0, 1, 1))": 1.0106343875224159e-15,
    "((0, 1, 1, 0, 1), (0, 0, 1, 1, 1))": -5.807147990811716e-18,
    "((1, 0, 0, 1, 1), (1, 1, 1))": 4.063445142463067e-16,
    "((1, 0, 0, 1, 1), (1, 1, 0, 1))": -0.0020482246245808115,
    "((1, 0, 0, 1, 1), (1, 0, 1, 1))": 0.00015497573692819502,
    "((1, 0, 0, 1, 1), (0, 1, 1, 1))": 9.71884703278542e-17,
    "((1, 0, 0, 1, 1), (1, 1, 0, 0, 1))": 2.377445537660946e-15,
    "((1, 0, 0, 1, 1), (1, 0, 1, 0, 1))": -9.79280599866503e-16,
    "((1, 0, 0, 1, 1), (0, 1, 1, 0, 1))": -0.00025007901231760305,
    "((1, 0, 0, 1, 1), (1, 0, 0, 1, 1))": 0.0005304156333315005,
    "((1, 0, 0, 1, 1), (0, 1, 0, 1, 1))": -3.984657938933808e-17,
    "((1, 0, 0, 1, 1), (0, 0, 1, 1, 1))": -3.4331688832217918e-18,
    "((0, 1, 0, 1, 1), (1, 1, 1))": 6.415754145012728e-05,
    "((0, 1, 0, 1, 1), (1, 1, 0, 1))": 3.504689557818938e-15,
    "((0, 1, 0, 1, 1), (1, 0, 1, 1))": 9.551154364365066e-17,
    "((0, 1, 0, 1, 1), (0, 1, 1, 1))": 0.0001580882459385656,
    "((0, 1, 0, 1, 1), (1, 1, 0, 0, 1))": 0.0011489166525009108,
    "((0, 1, 0, 1, 1), (1, 0, 1, 0, 1))": -0.0002497908681367602,
    "((0, 1, 0, 1, 1), (0, 1, 1, 0, 1))": 7.936867455332851e-16,
    "((0, 1, 0, 1, 1), (1, 0, 0, 1, 1))": -3.916181382366165e-17,
    "((0, 1, 0, 1, 1), (0, 1, 0, 1, 1))": 0.0005181186400166528,
    "((0, 1, 0, 1, 1), (0, 0, 1, 1, 1))": -1.8685820405667197e-06,
    "((0, 0, 1, 1, 1), (1, 1, 1))": -1.1464663934736735e-05,
    "((0, 0, 1, 1, 1), (1, 1, 0, 1))": 2.556197857493518e-18,
    "((0, 0, 1, 1, 1), (1, 0, 1, 1))": -2.055764372427029e-18,
    "((0, 0, 1, 1, 1), (0, 1, 1, 1))": -1.4241672877017599e-06,
    "((0, 0, 1, 1, 1), (1, 1, 0, 0, 1))": 2.881441808261658e-07,
    "((0, 0, 1, 1, 1), (1, 0, 1, 0, 1))": 3.619986820282769e-06,
    "((0, 0, 1, 1, 1), (0, 1, 1, 0, 1))": -7.139395314130831e-18,
    "((0, 0, 1, 1, 1), (1, 0, 0, 1, 1))": -3.0308866275739156e-18,
    "((0, 0, 1, 1, 1), (0, 1, 0, 1, 1))": -1.8685820405667881e-06,
    "((0, 0, 1, 1, 1), (0, 0, 1, 1, 1))": 1.8936907900283053e-06
  }
}