{
  "E": -14.639120136064967,
  "sol": {
    "(((), ()), ((), ()))": 0.9087541882624688,
    "(((0,), (0,)), ((), ()))": 0.0004895602805484283,
    "(((), ()), ((0,), (0,)))": 0.0004895602805484283,
    "(((0,), (1,)), ((), ()))": -1.6012843502140342e-15,
    "(((), ()), ((0,), (1,)))": -1.6012843502140342e-15,
    "(((1,), (0,)), ((), ()))": 1.0706320009378837e-15,
    "(((), ()), ((1,), (0,)))": 1.0706320009378837e-15,
    "(((1,), (1,)), ((), ()))": 0.0008918471420278948,
    "(((), ()), ((1,), (1,)))": 0.0008918471420278948,
    "(((2,), (0,)), ((), ()))": 1.388195589901594e-15,
    "(((), ()), ((2,), (0,)))": 1.388195589901594e-15,
    "(((2,), (1,)), ((), ()))": 0.13673681332466478,
    "(((), ()), ((2,), (1,)))": 0.13673681332466478,
    "(((0,), (0,)), ((0,), (0,)))": -0.001480409814170017,
    "(((0,), (0,)), ((0,), (1,)))": -2.1737726883789486e-15,
    "(((0,), (0,)), ((1,), (0,)))": 2.023929845917792e-17,
    "(((0,), (0,)), ((1,), (1,)))": 0.0006186899731198028,
    "(((0,), (0,)), ((2,), (0,)))": 3.3313024382300476e-15,
    "(((0,), (0,)), ((2,), (1,)))": -0.0003141022461536897,
    "(((0,), (1,)), ((0,), (0,)))": -2.1736712912750073e-15,
    "(((0,), (1,)), ((0,), (1,)))": -0.0006220549733021905,
    "(((0,), (1,)), ((1,), (0,)))": 0.0006086187775405567,
    "(((0,), (1,)), ((1,), (1,)))": 4.446439313437418e-17,
    "(((0,), (1,)), ((2,), (0,)))": -0.0003035650495347679,
    "(((0,), (1,)), ((2,), (1,)))": -5.008037472066216e-15,
    "(((1,), (0,)), ((0,), (0,)))": 2.1357497202768392e-17,
    "(((1,), (0,)), ((0,), (1,)))": 0.0006086187775405567,
    "(((1,), (0,)), ((1,), (0,)))": -0.0014861886114817576,
    "(((1,), (0,)), ((1,), (1,)))": 2.172491575354889e-15,
    "(((1,), (0,)), ((2,), (0,)))": -0.0019295540734998698,
    "(((1,), (0,)), ((2,), (1,)))": -5.202392467685509e-16,
    "(((1,), (1,)), ((0,), (0,)))": 0.0006186899731198028,
    "(((1,), (1,)), ((0,), (1,)))": 4.4564574277815004e-17,
    "(((1,), (1,)), ((1,), (0,)))": 2.172177799581138e-15,
    "(((1,), (1,)), ((1,), (1,)))": -0.000644224208076846,
    "(((1,), (1,)), ((2,), (0,)))": -5.206155491066055e-16,
    "(((1,), (1,)), ((2,), (1,)))": 0.0028072101561929293,
    "(((2,), (0,)), ((0,), (0,)))": 3.330283111970499e-15,
    "(((2,), (0,)), ((0,), (1,)))": -0.0003035650495347683,
    "(((2,), (0,)), ((1,), (0,)))": -0.0019295540734998735,
    "(((2,), (0,)), ((1,), (1,)))": -5.217947977174541e-16,
    "(((2,), (0,)), ((2,), (0,)))": -0.3648273388146029,
    "(((2,), (0,)), ((2,), (1,)))": 1.3105819471932894e-15,
    "(((2,), (1,)), ((0,), (0,)))": -0.0003141022461536885,
    "(((2,), (1,)), ((0,), (1,)))": -5.007685730242742e-15,
    "(((2,), (1,)), ((1,), (0,)))": -5.184241586340999e-16,
    "(((2,), (1,)), ((1,), (1,)))": 0.00280721015619293,
    "(((2,), (1,)), ((2,), (0,)))": 1.292108275997737e-15,
    "(((2,), (1,)), ((2,), (1,)))": -0.06033703515823164
  }
}