{
  "E": -145.62823848583957,
  "sol": {
    "(((), ()), ((), ()))": 0.8322629178529756,
    "(((0,), (0,)), ((), ()))": 2.6197836840537342e-17,
    "(((), ()), ((0,), (0,)))": 2.6197836840537342e-17,
    "(((0,), (1,)), ((), ()))": 6.024293344880427e-17,
    "(((), ()), ((0,), (1,)))": 6.024293344880427e-17,
    "(((1,), (0,)), ((), ()))": 1.0158481938623153e-16,
    "(((), ()), ((1,), (0,)))": 1.0158481938623153e-16,
    "(((1,), (1,)), ((), ()))": -5.529569489276745e-05,
    "(((), ()), ((1,), (1,)))": -5.529569489276745e-05,
    "(((2,), (0,)), ((), ()))": -1.1456547177981043e-16,
    "(((), ()), ((2,), (0,)))": -1.1456547177981043e-16,
    "(((2,), (1,)), ((), ()))": -1.0392260515645076e-15,
    "(((), ()), ((2,), (1,)))": -1.0392260515645076e-15,
    "(((3,), (0,)), ((), ()))": -6.298165359309861e-17,
    "(((), ()), ((3,), (0,)))": -6.298165359309861e-17,
    "(((3,), (1,)), ((), ()))": -5.41817935830035e-18,
    "(((), ()), ((3,), (1,)))": -5.41817935830035e-18,
    "(((4,), (0,)), ((), ()))": -2.0910985263362498e-15,
    "(((), ()), ((4,), (0,)))": -2.0910985263362498e-15,
    "(((4,), (1,)), ((), ()))": 1.9455070710172902e-17,
    "(((), ()), ((4,), (1,)))": 1.9455070710172902e-17,
    "(((5,), (0,)), ((), ()))": 1.3575447905319708e-16,
    "(((), ()), ((5,), (0,)))": 1.3575447905319708e-16,
    "(((5,), (1,)), ((), ()))": -0.001697749886369175,
    "(((), ()), ((5,), (1,)))": -0.001697749886369175,
    "(((6,), (0,)), ((), ()))": -1.319897441083977e-16,
    "(((), ()), ((6,), (0,)))": -1.319897441083977e-16,
    "(((6,), (1,)), ((), ()))": -4.2019399444474225e-15,
    "(((), ()), ((6,), (1,)))": -4.2019399444474225e-15,
    "(((7,), (0,)), ((), ()))": -1.1281299915776471e-10,
    "(((), ()), ((7,), (0,)))": -1.1281299915776471e-10,
    "(((7,), (1,)), ((), ()))": -1.5666102208729042e-17,
    "(((), ()), ((7,), (1,)))": -1.5666102208729042e-17,
    "(((0,), (0,)), ((0,), (0,)))": -9.710952074457426e-05,
    "(((0,), (0,)), ((0,), (1,)))": 1.032420393384635e-19,
    "(((0,), (0,)), ((1,), (0,)))": -5.0793067275481494e-18,
    "(((0,), (0,)), ((1,), (1,)))": -5.881970647476322e-20,
    "(((0,), (0,)), ((2,), (0,)))": -0.00017768952242985564,
    "(((0,), (0,)), ((2,), (1,)))": 3.919468379210753e-19,
    "(((0,), (0,)), ((3,), (0,)))": -3.5319051507989255e-20,
    "(((0,), (0,)), ((3,), (1,)))": 1.3319063651635466e-14,
    "(((0,), (0,)), ((4,), (0,)))": 2.861247606613513e-18,
    "(((0,), (0,)), ((4,), (1,)))": -0.0004650517114524609,
    "(((0,), (0,)), ((5,), (0,)))": -1.2558058543319942e-16,
    "(((0,), (0,)), ((5,), (1,)))": 7.212798831503677e-19,
    "(((0,), (0,)), ((6,), (0,)))": -0.00011299142853942861,
    "(((0,), (0,)), ((6,), (1,)))": -7.234195818658407e-19,
    "(((0,), (0,)), ((7,), (0,)))": -6.4234869121955595e-18,
    "(((0,), (0,)), ((7,), (1,)))": 1.0497615157818079e-19,
    "(((0,), (1,)), ((0,), (0,)))": 1.0324203933846439e-19,
    "(((0,), (1,)), ((0,), (1,)))": -0.0007262532779213223,
    "(((0,), (1,)), ((1,), (0,)))": -3.97246550953242e-20,
    "(((0,), (1,)), ((1,), (1,)))": -1.7040457820022368e-17,
    "(((0,), (1,)), ((2,), (0,)))": 9.256561102323473e-19,
    "(((0,), (1,)), ((2,), (1,)))": -6.739906849141699e-05,
    "(((0,), (1,)), ((3,), (0,)))": -1.306772539450352e-14,
    "(((0,), (1,)), ((3,), (1,)))": 9.748506958591642e-20,
    "(((0,), (1,)), ((4,), (0,)))": 0.00036356434166521113,
    "(((0,), (1,)), ((4,), (1,)))": 6.404516829260246e-19,
    "(((0,), (1,)), ((5,), (0,)))": -6.350788759912934e-19,
    "(((0,), (1,)), ((5,), (1,)))": -2.413525814085235e-16,
    "(((0,), (1,)), ((6,), (0,)))": 5.712642748104573e-19,
    "(((0,), (1,)), ((6,), (1,)))": -0.0005301521914671085,
    "(((0,), (1,)), ((7,), (0,)))": -8.91892873479825e-19,
    "(((0,), (1,)), ((7,), (1,)))": 9.719040556548446e-19,
    "(((1,), (0,)), ((0,), (0,)))": -5.090373555675795e-18,
    "(((1,), (0,)), ((0,), (1,)))": -3.972465509532492e-20,
    "(((1,), (0,)), ((1,), (0,)))": -0.00010842954172578131,
    "(((1,), (0,)), ((1,), (1,)))": 1.0062365953491404e-19,
    "(((1,), (0,)), ((2,), (0,)))": 8.637286915971023e-17,
    "(((1,), (0,)), ((2,), (1,)))": -1.1012888340599767e-20,
    "(((1,), (0,)), ((3,), (0,)))": 3.431497112099145e-19,
    "(((1,), (0,)), ((3,), (1,)))": -9.509911269700708e-20,
    "(((1,), (0,)), ((4,), (0,)))": -4.993816466490435e-19,
    "(((1,), (0,)), ((4,), (1,)))": 2.2771258732123385e-16,
    "(((1,), (0,)), ((5,), (0,)))": -0.00027045414974190415,
    "(((1,), (0,)), ((5,), (1,)))": 1.3849907879109738e-19,
    "(((1,), (0,)), ((6,), (0,)))": 4.547463098007165e-17,
    "(((1,), (0,)), ((6,), (1,)))": -2.4418686447378085e-19,
    "(((1,), (0,)), ((7,), (0,)))": -1.578111244429162e-17,
    "(((1,), (0,)), ((7,), (1,)))": -2.838405460381004e-17,
    "(((1,), (1,)), ((0,), (0,)))": -5.881970647476238e-20,
    "(((1,), (1,)), ((0,), (1,)))": -1.6987882583119937e-17,
    "(((1,), (1,)), ((1,), (0,)))": 1.0062365953491522e-19,
    "(((1,), (1,)), ((1,), (1,)))": -0.0007764679889838407,
    "(((1,), (1,)), ((2,), (0,)))": -1.004617632716146e-19,
    "(((1,), (1,)), ((2,), (1,)))": 3.060338054410463e-17,
    "(((1,), (1,)), ((3,), (0,)))": -7.418698964116474e-20,
    "(((1,), (1,)), ((3,), (1,)))": 8.548389543186809e-20,
    "(((1,), (1,)), ((4,), (0,)))": -1.6618834417545009e-16,
    "(((1,), (1,)), ((4,), (1,)))": -1.3222027308004102e-18,
    "(((1,), (1,)), ((5,), (0,)))": 3.277650821505673e-19,
    "(((1,), (1,)), ((5,), (1,)))": -0.0005920086425982886,
    "(((1,), (1,)), ((6,), (0,)))": -4.6896195989636176e-20,
    "(((1,), (1,)), ((6,), (1,)))": 2.5531400538841077e-16,
    "(((1,), (1,)), ((7,), (0,)))": 1.3010008182081546e-16,
    "(((1,), (1,)), ((7,), (1,)))": -1.6931543449958605e-19,
    "(((2,), (0,)), ((0,), (0,)))": -0.00017768952242985564,
    "(((2,), (0,)), ((0,), (1,)))": 9.256561102323475e-19,
    "(((2,), (0,)), ((1,), (0,)))": 8.63783029420506e-17,
    "(((2,), (0,)), ((1,), (1,)))": -1.0046176327161604e-19,
    "(((2,), (0,)), ((2,), (0,)))": -0.0026782899670657855,
    "(((2,), (0,)), ((2,), (1,)))": -2.2279956534819105e-17,
    "(((2,), (0,)), ((3,), (0,)))": -2.4365186072961044e-18,
    "(((2,), (0,)), ((3,), (1,)))": 1.940310613412205e-13,
    "(((2,), (0,)), ((4,), (0,)))": -5.91810033368764e-17,
    "(((2,), (0,)), ((4,), (1,)))": -0.00737101636679644,
    "(((2,), (0,)), ((5,), (0,)))": 7.045444048906508e-17,
    "(((2,), (0,)), ((5,), (1,)))": 1.250223361541061e-17,
    "(((2,), (0,)), ((6,), (0,)))": -0.0018917298318911818,
    "(((2,), (0,)), ((6,), (1,)))": 1.1591282891590185e-17,
    "(((2,), (0,)), ((7,), (0,)))": 5.232334084163969e-16,
    "(((2,), (0,)), ((7,), (1,)))": 3.541930672692326e-18,
    "(((2,), (1,)), ((0,), (0,)))": 3.919468379210746e-19,
    "(((2,), (1,)), ((0,), (1,)))": -6.739906849141733e-05,
    "(((2,), (1,)), ((1,), (0,)))": -1.1012888340600537e-20,
    "(((2,), (1,)), ((1,), (1,)))": 3.0235318171812157e-17,
    "(((2,), (1,)), ((2,), (0,)))": -2.2279956534819068e-17,
    "(((2,), (1,)), ((2,), (1,)))": -0.010705620130267077,
    "(((2,), (1,)), ((3,), (0,)))": 5.429665647460373e-13,
    "(((2,), (1,)), ((3,), (1,)))": 1.228284205910409e-18,
    "(((2,), (1,)), ((4,), (0,)))": -0.01706610411983328,
    "(((2,), (1,)), ((4,), (1,)))": 1.0552236146458669e-17,
    "(((2,), (1,)), ((5,), (0,)))": 2.981073846049718e-17,
    "(((2,), (1,)), ((5,), (1,)))": -1.4960495147790724e-16,
    "(((2,), (1,)), ((6,), (0,)))": -1.3886739155543146e-17,
    "(((2,), (1,)), ((6,), (1,)))": 0.00643662595801696,
    "(((2,), (1,)), ((7,), (0,)))": 1.924898566295573e-17,
    "(((2,), (1,)), ((7,), (1,)))": -1.749555096131769e-17,
    "(((3,), (0,)), ((0,), (0,)))": -3.531905150798918e-20,
    "(((3,), (0,)), ((0,), (1,)))": -1.306729609954316e-14,
    "(((3,), (0,)), ((1,), (0,)))": 3.4314971120991447e-19,
    "(((3,), (0,)), ((1,), (1,)))": -3.165012321672749e-19,
    "(((3,), (0,)), ((2,), (0,)))": -2.436518607296105e-18,
    "(((3,), (0,)), ((2,), (1,)))": 5.429580132462434e-13,