{
  "E": -195.98481174256668,
  "sol": {
    "(((), ()), ((), ()))": 0.8196554554844062,
    "(((0,), (0,)), ((), ()))": -1.315749253105471e-05,
    "(((), ()), ((0,), (0,)))": -1.315749253105471e-05,
    "(((1,), (0,)), ((), ()))": -4.505611376938047e-15,
    "(((), ()), ((1,), (0,)))": -4.505611376938047e-15,
    "(((2,), (0,)), ((), ()))": 5.869772936306415e-15,
    "(((), ()), ((2,), (0,)))": 5.869772936306415e-15,
    "(((3,), (0,)), ((), ()))": 0.018967213648399112,
    "(((), ()), ((3,), (0,)))": 0.018967213648399112,
    "(((4,), (0,)), ((), ()))": 3.5942862566051655e-16,
    "(((), ()), ((4,), (0,)))": 3.5942862566051655e-16,
    "(((5,), (0,)), ((), ()))": -1.023485726857102e-15,
    "(((), ()), ((5,), (0,)))": -1.023485726857102e-15,
    "(((6,), (0,)), ((), ()))": -3.5731599907758044e-16,
    "(((), ()), ((6,), (0,)))": -3.5731599907758044e-16,
    "(((7,), (0,)), ((), ()))": -5.231389536729214e-17,
    "(((), ()), ((7,), (0,)))": -5.231389536729214e-17,
    "(((8,), (0,)), ((), ()))": -4.706849847798768e-14,
    "(((), ()), ((8,), (0,)))": -4.706849847798768e-14,
    "(((0,), (0,)), ((0,), (0,)))": -6.735674699992152e-05,
    "(((0,), (0,)), ((1,), (0,)))": -9.786963848991411e-16,
    "(((0,), (0,)), ((2,), (0,)))": -5.824454365489787e-14,
    "(((0,), (0,)), ((3,), (0,)))": -0.00021806754785370192,
    "(((0,), (0,)), ((4,), (0,)))": -9.355789504177234e-20,
    "(((0,), (0,)), ((5,), (0,)))": -5.390724713031957e-20,
    "(((0,), (0,)), ((6,), (0,)))": 1.2069624646866923e-19,
    "(((0,), (0,)), ((7,), (0,)))": -9.874728427766697e-22,
    "(((0,), (0,)), ((8,), (0,)))": 4.683464561484804e-14,
    "(((1,), (0,)), ((0,), (0,)))": -9.787021096050248e-16,
    "(((1,), (0,)), ((1,), (0,)))": -6.423603298324142e-05,
    "(((1,), (0,)), ((2,), (0,)))": 0.00016984546979348673,
    "(((1,), (0,)), ((3,), (0,)))": -7.42876703191152e-14,
    "(((1,), (0,)), ((4,), (0,)))": 2.515803246940562e-20,
    "(((1,), (0,)), ((5,), (0,)))": -8.534044322727534e-20,
    "(((1,), (0,)), ((6,), (0,)))": 2.4611753590475214e-18,
    "(((1,), (0,)), ((7,), (0,)))": -3.3364857775776685e-18,
    "(((1,), (0,)), ((8,), (0,)))": -0.00013728063351280362,
    "(((2,), (0,)), ((0,), (0,)))": -5.824449700994006e-14,
    "(((2,), (0,)), ((1,), (0,)))": 0.00016984546979348678,
    "(((2,), (0,)), ((2,), (0,)))": -0.004627282606512607,
    "(((2,), (0,)), ((3,), (0,)))": -1.3917409710853084e-14,
    "(((2,), (0,)), ((4,), (0,)))": 3.751169700698103e-18,
    "(((2,), (0,)), ((5,), (0,)))": 1.0554642932488285e-17,
    "(((2,), (0,)), ((6,), (0,)))": -5.65285913313715e-17,
    "(((2,), (0,)), ((7,), (0,)))": -3.6351061389469734e-17,
    "(((2,), (0,)), ((8,), (0,)))": 0.015308190116874947,
    "(((3,), (0,)), ((0,), (0,)))": -0.00021806754785370214,
    "(((3,), (0,)), ((1,), (0,)))": -7.428755845302924e-14,
    "(((3,), (0,)), ((2,), (0,)))": -1.3917397704027203e-14,
    "(((3,), (0,)), ((3,), (0,)))": -0.011766840219915087,
    "(((3,), (0,)), ((4,), (0,)))": 4.432532195060382e-18,
    "(((3,), (0,)), ((5,), (0,)))": -2.2247949901797812e-17,
    "(((3,), (0,)), ((6,), (0,)))": -8.837105192708102e-18,
    "(((3,), (0,)), ((7,), (0,)))": 2.4356433064330734e-19,
    "(((3,), (0,)), ((8,), (0,)))": -8.793486588122405e-15,
    "(((4,), (0,)), ((0,), (0,)))": -9.355789504177231e-20,
    "(((4,), (0,)), ((1,), (0,)))": 2.515803246940562e-20,
    "(((4,), (0,)), ((2,), (0,)))": 3.7511697006981e-18,
    "(((4,), (0,)), ((3,), (0,)))": 4.432532195060383e-18,
    "(((4,), (0,)), ((4,), (0,)))": 0.01620763067120375,
    "(((4,), (0,)), ((5,), (0,)))": 3.689725543526167e-16,
    "(((4,), (0,)), ((6,), (0,)))": 8.815595603689534e-14,
    "(((4,), (0,)), ((7,), (0,)))": -2.0079023449043066e-14,
    "(((4,), (0,)), ((8,), (0,)))": 8.919821485466875e-17,
    "(((5,), (0,)), ((0,), (0,)))": -5.390724713031955e-20,
    "(((5,), (0,)), ((1,), (0,)))": -8.534044322727533e-20,
    "(((5,), (0,)), ((2,), (0,)))": 1.0554642932488282e-17,
    "(((5,), (0,)), ((3,), (0,)))": -2.2247949901797812e-17,
    "(((5,), (0,)), ((4,), (0,)))": 3.689846845397313e-16,
    "(((5,), (0,)), ((5,), (0,)))": 0.01620763067120333,
    "(((5,), (0,)), ((6,), (0,)))": 4.0930079822219404e-14,
    "(((5,), (0,)), ((7,), (0,)))": 9.139896789358673e-14,
    "(((5,), (0,)), ((8,), (0,)))": -4.142645513969135e-16,
    "(((6,), (0,)), ((0,), (0,)))": 1.2069624646866937e-19,
    "(((6,), (0,)), ((1,), (0,)))": 2.4611753590475207e-18,
    "(((6,), (0,)), ((2,), (0,)))": -5.65285913313715e-17,
    "(((6,), (0,)), ((3,), (0,)))": -8.837105192708108e-18,
    "(((6,), (0,)), ((4,), (0,)))": 8.815596470713863e-14,
    "(((6,), (0,)), ((5,), (0,)))": 4.093008506810225e-14,
    "(((6,), (0,)), ((6,), (0,)))": -0.03216480113976579,
    "(((6,), (0,)), ((7,), (0,)))": 1.3907738676499301e-16,
    "(((6,), (0,)), ((8,), (0,)))": 2.827990499840261e-16,
    "(((7,), (0,)), ((0,), (0,)))": -9.874728427766832e-22,
    "(((7,), (0,)), ((1,), (0,)))": -3.3364857775776685e-18,
    "(((7,), (0,)), ((2,), (0,)))": -3.635106138946974e-17,
    "(((7,), (0,)), ((3,), (0,)))": 2.435643306433126e-19,
    "(((7,), (0,)), ((4,), (0,)))": -2.007902365889842e-14,
    "(((7,), (0,)), ((5,), (0,)))": 9.139898606345299e-14,
    "(((7,), (0,)), ((6,), (0,)))": 1.3907727034534135e-16,
    "(((7,), (0,)), ((7,), (0,)))": -0.03216480113976493,
    "(((7,), (0,)), ((8,), (0,)))": 4.349097156386868e-16,
    "(((8,), (0,)), ((0,), (0,)))": 4.683457757577189e-14,
    "(((8,), (0,)), ((1,), (0,)))": -0.00013728063351280356,
    "(((8,), (0,)), ((2,), (0,)))": 0.015308190116874945,
    "(((8,), (0,)), ((3,), (0,)))": -8.79482199347462e-15,
    "(((8,), (0,)), ((4,), (0,)))": 8.91982148546688e-17,
    "(((8,), (0,)), ((5,), (0,)))": -4.1426455139691353e-16,
    "(((8,), (0,)), ((6,), (0,)))": 2.8279904998402616e-16,
    "(((8,), (0,)), ((7,), (0,)))": 4.349097156386868e-16,
    "(((8,), (0,)), ((8,), (0,)))": -0.5694050836734432
  }
}