{
  "E": -75.0120513019012,
  "sol": {
    "(((), ()), ((), ()))": 0.9871385575439656,
    "(((0,), (0,)), ((), ()))": -2.9353372389002838e-05,
    "(((), ()), ((0,), (0,)))": -2.9353372389002838e-05,
    "(((0,), (1,)), ((), ()))": 7.300242160543704e-17,
    "(((), ()), ((0,), (1,)))": 7.300242160543704e-17,
    "(((1,), (0,)), ((), ()))": 0.00015471940377796754,
    "(((), ()), ((1,), (0,)))": 0.00015471940377796754,
    "(((1,), (1,)), ((), ()))": 1.1879199728075059e-15,
    "(((), ()), ((1,), (1,)))": 1.1879199728075059e-15,
    "(((2,), (0,)), ((), ()))": 5.746178741614707e-16,
    "(((), ()), ((2,), (0,)))": 5.746178741614707e-16,
    "(((2,), (1,)), ((), ()))": -0.003018679393208027,
    "(((), ()), ((2,), (1,)))": -0.003018679393208027,
    "(((3,), (0,)), ((), ()))": 0.012420193910272407,
    "(((), ()), ((3,), (0,)))": 0.012420193910272407,
    "(((3,), (1,)), ((), ()))": 1.4082993442179692e-15,
    "(((), ()), ((3,), (1,)))": 1.4082993442179692e-15,
    "(((4,), (0,)), ((), ()))": -1.6507444804616102e-17,
    "(((), ()), ((4,), (0,)))": -1.6507444804616102e-17,
    "(((4,), (1,)), ((), ()))": 4.6266837199584216e-17,
    "(((), ()), ((4,), (1,)))": 4.6266837199584216e-17,
    "(((0,), (0,)), ((0,), (0,)))": -0.0006426524471109003,
    "(((0,), (0,)), ((0,), (1,)))": -3.2118469462039877e-19,
    "(((0,), (0,)), ((1,), (0,)))": 0.0002816983635113536,
    "(((0,), (0,)), ((1,), (1,)))": 3.216770586809215e-19,
    "(((0,), (0,)), ((2,), (0,)))": -6.188047497435866e-19,
    "(((0,), (0,)), ((2,), (1,)))": 0.0002450153092311639,
    "(((0,), (0,)), ((3,), (0,)))": 0.00011437113072442875,
    "(((0,), (0,)), ((3,), (1,)))": 5.584371110070147e-19,
    "(((0,), (0,)), ((4,), (0,)))": -7.716799914711751e-20,
    "(((0,), (0,)), ((4,), (1,)))": 1.8779245398957944e-19,
    "(((0,), (1,)), ((0,), (0,)))": -2.4039728807913584e-19,
    "(((0,), (1,)), ((0,), (1,)))": -0.00042038680112934686,
    "(((0,), (1,)), ((1,), (0,)))": -2.9089423886176073e-19,
    "(((0,), (1,)), ((1,), (1,)))": 0.000724249225677462,
    "(((0,), (1,)), ((2,), (0,)))": -0.00023243117775805178,
    "(((0,), (1,)), ((2,), (1,)))": -1.7321011249782324e-18,
    "(((0,), (1,)), ((3,), (0,)))": 1.6269003589774752e-18,
    "(((0,), (1,)), ((3,), (1,)))": -0.0005151103685148255,
    "(((0,), (1,)), ((4,), (0,)))": -4.829208780438234e-19,
    "(((0,), (1,)), ((4,), (1,)))": 8.223826093986089e-20,
    "(((1,), (0,)), ((0,), (0,)))": 0.0002816983635113536,
    "(((1,), (0,)), ((0,), (1,)))": -1.8427749517033167e-20,
    "(((1,), (0,)), ((1,), (0,)))": -0.03169286573107773,
    "(((1,), (0,)), ((1,), (1,)))": -1.4001639151448147e-17,
    "(((1,), (0,)), ((2,), (0,)))": -2.3962588783611596e-17,
    "(((1,), (0,)), ((2,), (1,)))": 0.03070678427289336,
    "(((1,), (0,)), ((3,), (0,)))": -0.032397950498143105,
    "(((1,), (0,)), ((3,), (1,)))": -7.641201623684696e-17,
    "(((1,), (0,)), ((4,), (0,)))": 1.4143891255046235e-17,
    "(((1,), (0,)), ((4,), (1,)))": 3.212522757775731e-17,
    "(((1,), (1,)), ((0,), (0,)))": -2.2793893195813728e-20,
    "(((1,), (1,)), ((0,), (1,)))": 0.0007242492256774616,
    "(((1,), (1,)), ((1,), (0,)))": -1.108748065636188e-17,
    "(((1,), (1,)), ((1,), (1,)))": -0.016302262839872215,
    "(((1,), (1,)), ((2,), (0,)))": 0.02014908755152357,
    "(((1,), (1,)), ((2,), (1,)))": -1.8287227710587106e-18,
    "(((1,), (1,)), ((3,), (0,)))": -2.8910838048627135e-18,
    "(((1,), (1,)), ((3,), (1,)))": 0.0037311947400073195,
    "(((1,), (1,)), ((4,), (0,)))": 4.035436403837058e-18,
    "(((1,), (1,)), ((4,), (1,)))": -1.0868082651300383e-18,
    "(((2,), (0,)), ((0,), (0,)))": -6.399461737217327e-19,
    "(((2,), (0,)), ((0,), (1,)))": -0.00023243117775805156,
    "(((2,), (0,)), ((1,), (0,)))": -2.3642008201064905e-17,
    "(((2,), (0,)), ((1,), (1,)))": 0.020149087551523583,
    "(((2,), (0,)), ((2,), (0,)))": -0.04256198155593281,
    "(((2,), (0,)), ((2,), (1,)))": 6.240286969731484e-17,
    "(((2,), (0,)), ((3,), (0,)))": 2.6338665075671217e-17,
    "(((2,), (0,)), ((3,), (1,)))": 0.033832850777153284,
    "(((2,), (0,)), ((4,), (0,)))": 2.9422008898718573e-17,
    "(((2,), (0,)), ((4,), (1,)))": -9.271867601279492e-18,
    "(((2,), (1,)), ((0,), (0,)))": 0.000245015309231164,
    "(((2,), (1,)), ((0,), (1,)))": -1.779229196473687e-18,
    "(((2,), (1,)), ((1,), (0,)))": 0.03070678427289335,
    "(((2,), (1,)), ((1,), (1,)))": -1.4382785410773447e-18,
    "(((2,), (1,)), ((2,), (0,)))": 8.358140586331753e-17,
    "(((2,), (1,)), ((2,), (1,)))": -0.07624320625407657,
    "(((2,), (1,)), ((3,), (0,)))": 0.04611817766211273,
    "(((2,), (1,)), ((3,), (1,)))": 5.3039906190888785e-17,
    "(((2,), (1,)), ((4,), (0,)))": -1.9275598625924265e-17,
    "(((2,), (1,)), ((4,), (1,)))": -6.05178475029686e-17,
    "(((3,), (0,)), ((0,), (0,)))": 0.0001143711307244276,
    "(((3,), (0,)), ((0,), (1,)))": 2.530382953248875e-18,
    "(((3,), (0,)), ((1,), (0,)))": -0.03239795049814312,
    "(((3,), (0,)), ((1,), (1,)))": -7.765155943061819e-18,
    "(((3,), (0,)), ((2,), (0,)))": 1.7612686835531034e-17,
    "(((3,), (0,)), ((2,), (1,)))": 0.046118177662112764,
    "(((3,), (0,)), ((3,), (0,)))": -0.044875279808427655,
    "(((3,), (0,)), ((3,), (1,)))": -1.0683161570446594e-16,
    "(((3,), (0,)), ((4,), (0,)))": 1.0985388017299507e-17,
    "(((3,), (0,)), ((4,), (1,)))": 2.803079049891048e-17,
    "(((3,), (1,)), ((0,), (0,)))": -2.3217572200329306e-19,
    "(((3,), (1,)), ((0,), (1,)))": -0.0005151103685148253,
    "(((3,), (1,)), ((1,), (0,)))": -7.046158209128058e-17,
    "(((3,), (1,)), ((1,), (1,)))": 0.0037311947400073117,
    "(((3,), (1,)), ((2,), (0,)))": 0.03383285077715329,
    "(((3,), (1,)), ((2,), (1,)))": 5.638596363425574e-17,
    "(((3,), (1,)), ((3,), (0,)))": -1.0637036197884417e-16,
    "(((3,), (1,)), ((3,), (1,)))": -0.040891371447216524,
    "(((3,), (1,)), ((4,), (0,)))": -2.364848067450519e-17,
    "(((3,), (1,)), ((4,), (1,)))": 6.213111922425038e-18,
    "(((4,), (0,)), ((0,), (0,)))": -7.716799914711696e-20,
    "(((4,), (0,)), ((0,), (1,)))": -4.829208780438242e-19,
    "(((4,), (0,)), ((1,), (0,)))": 1.414389125504624e-17,
    "(((4,), (0,)), ((1,), (1,)))": 4.035436403837046e-18,
    "(((4,), (0,)), ((2,), (0,)))": 2.9422008898718573e-17,
    "(((4,), (0,)), ((2,), (1,)))": -1.9275598625924283e-17,
    "(((4,), (0,)), ((3,), (0,)))": 1.0985388017299498e-17,
    "(((4,), (0,)), ((3,), (1,)))": -2.364848067450521e-17,
    "(((4,), (0,)), ((4,), (0,)))": -0.025468992228917645,
    "(((4,), (0,)), ((4,), (1,)))": -3.3028347377432986e-17,
    "(((4,), (1,)), ((0,), (0,)))": 1.8779245398958137e-19,
    "(((4,), (1,)), ((0,), (1,)))": 8.223826093986067e-20,
    "(((4,), (1,)), ((1,), (0,)))": 3.212522757775732e-17,
    "(((4,), (1,)), ((1,), (1,)))": -1.0868082651300385e-18,
    "(((4,), (1,)), ((2,), (0,)))": -9.271867601279473e-18,
    "(((4,), (1,)), ((2,), (1,)))": -6.051784750296857e-17,
    "(((4,), (1,)), ((3,), (0,)))": 2.803079049891052e-17,
    "(((4,), (1,)), ((3,), (1,)))": 6.2131119224250325e-18,
    "(((4,), (1,)), ((4,), (0,)))": -2.813685462389763e-17,
    "(((4,), (1,)), ((4,), (1,)))": -0.010273791316146804
  },