{
  "E": -74.96420790739461,
  "sol": {
    "(((), ()), ((), ()))": 0.96576219807504,
    "(((0,), (0,)), ((), ()))": 4.9065492531636195e-05,
    "(((), ()), ((0,), (0,)))": 4.9065492531636195e-05,
    "(((0,), (1,)), ((), ()))": 1.7820286108018023e-05,
    "(((), ()), ((0,), (1,)))": 1.7820286108018023e-05,
    "(((1,), (0,)), ((), ()))": 0.005023012112755818,
    "(((), ()), ((1,), (0,)))": 0.005023012112755818,
    "(((1,), (1,)), ((), ()))": 0.00026685352259458696,
    "(((), ()), ((1,), (1,)))": 0.00026685352259458696,
    "(((2,), (0,)), ((), ()))": 0.009674367240689884,
    "(((), ()), ((2,), (0,)))": 0.009674367240689884,
    "(((2,), (1,)), ((), ()))": 0.0029922687501694103,
    "(((), ()), ((2,), (1,)))": 0.0029922687501694103,
    "(((3,), (0,)), ((), ()))": -0.023117576494178744,
    "(((), ()), ((3,), (0,)))": -0.023117576494178744,
    "(((3,), (1,)), ((), ()))": -0.004938314193181433,
    "(((), ()), ((3,), (1,)))": -0.004938314193181433,
    "(((4,), (0,)), ((), ()))": -3.01772577671487e-16,
    "(((), ()), ((4,), (0,)))": -3.01772577671487e-16,
    "(((4,), (1,)), ((), ()))": 1.659083907426944e-18,
    "(((), ()), ((4,), (1,)))": 1.659083907426944e-18,
    "(((0,), (0,)), ((0,), (0,)))": -0.0003410045086678719,
    "(((0,), (0,)), ((0,), (1,)))": -8.905258199974728e-05,
    "(((0,), (0,)), ((1,), (0,)))": 0.0005045280416210139,
    "(((0,), (0,)), ((1,), (1,)))": -0.000152647499647208,
    "(((0,), (0,)), ((2,), (0,)))": 0.000146800892931629,
    "(((0,), (0,)), ((2,), (1,)))": 7.962693155449111e-05,
    "(((0,), (0,)), ((3,), (0,)))": 2.267221248278308e-05,
    "(((0,), (0,)), ((3,), (1,)))": 0.00030936687972693956,
    "(((0,), (0,)), ((4,), (0,)))": -3.7055954786131457e-19,
    "(((0,), (0,)), ((4,), (1,)))": -6.02014871842788e-19,
    "(((0,), (1,)), ((0,), (0,)))": -8.905258199974714e-05,
    "(((0,), (1,)), ((0,), (1,)))": -0.0004939229347276932,
    "(((0,), (1,)), ((1,), (0,)))": -0.00013896279783410606,
    "(((0,), (1,)), ((1,), (1,)))": 0.0005607452297150845,
    "(((0,), (1,)), ((2,), (0,)))": -0.00021466089174221851,
    "(((0,), (1,)), ((2,), (1,)))": 0.0001577042446848508,
    "(((0,), (1,)), ((3,), (0,)))": 0.00010622130640993615,
    "(((0,), (1,)), ((3,), (1,)))": -0.00020105899775142133,
    "(((0,), (1,)), ((4,), (0,)))": 1.3626863022771757e-19,
    "(((0,), (1,)), ((4,), (1,)))": 6.174607987681698e-21,
    "(((1,), (0,)), ((0,), (0,)))": 0.0005045280416210137,
    "(((1,), (0,)), ((0,), (1,)))": -0.00013896279783410565,
    "(((1,), (0,)), ((1,), (0,)))": -0.02202927818635974,
    "(((1,), (0,)), ((1,), (1,)))": -0.0059801446607156,
    "(((1,), (0,)), ((2,), (0,)))": -0.014753810027974629,
    "(((1,), (0,)), ((2,), (1,)))": 0.0125427138874948,
    "(((1,), (0,)), ((3,), (0,)))": -0.027833690064396073,
    "(((1,), (0,)), ((3,), (1,)))": -0.01593432852769764,
    "(((1,), (0,)), ((4,), (0,)))": 6.817843138394507e-17,
    "(((1,), (0,)), ((4,), (1,)))": 9.556582953309423e-18,
    "(((1,), (1,)), ((0,), (0,)))": -0.0001526474996472086,
    "(((1,), (1,)), ((0,), (1,)))": 0.0005607452297150844,
    "(((1,), (1,)), ((1,), (0,)))": -0.0059801446607156,
    "(((1,), (1,)), ((1,), (1,)))": -0.02575276056975828,
    "(((1,), (1,)), ((2,), (0,)))": 0.005464476380340855,
    "(((1,), (1,)), ((2,), (1,)))": 0.027089386147337545,
    "(((1,), (1,)), ((3,), (0,)))": -0.019008689663338425,
    "(((1,), (1,)), ((3,), (1,)))": -0.0011521708234739367,
    "(((1,), (1,)), ((4,), (0,)))": 2.5796960448428493e-17,
    "(((1,), (1,)), ((4,), (1,)))": -3.6782890756307057e-17,
    "(((2,), (0,)), ((0,), (0,)))": 0.00014680089293162907,
    "(((2,), (0,)), ((0,), (1,)))": -0.00021466089174221813,
    "(((2,), (0,)), ((1,), (0,)))": -0.014753810027974629,
    "(((2,), (0,)), ((1,), (1,)))": 0.005464476380340861,
    "(((2,), (0,)), ((2,), (0,)))": -0.042702473171525236,
    "(((2,), (0,)), ((2,), (1,)))": 0.00989369978567319,
    "(((2,), (0,)), ((3,), (0,)))": -0.0744047916361373,
    "(((2,), (0,)), ((3,), (1,)))": 0.017341512061143868,
    "(((2,), (0,)), ((4,), (0,)))": 1.331375785288332e-16,
    "(((2,), (0,)), ((4,), (1,)))": -4.2815232552777e-17,
    "(((2,), (1,)), ((0,), (0,)))": 7.962693155449127e-05,
    "(((2,), (1,)), ((0,), (1,)))": 0.00015770424468485082,
    "(((2,), (1,)), ((1,), (0,)))": 0.012542713887494804,
    "(((2,), (1,)), ((1,), (1,)))": 0.027089386147337538,
    "(((2,), (1,)), ((2,), (0,)))": 0.009893699785673182,
    "(((2,), (1,)), ((2,), (1,)))": -0.0813760849836066,
    "(((2,), (1,)), ((3,), (0,)))": 0.03265481680265717,
    "(((2,), (1,)), ((3,), (1,)))": 0.021277748290788233,
    "(((2,), (1,)), ((4,), (0,)))": -7.549983877515575e-17,
    "(((2,), (1,)), ((4,), (1,)))": 7.000241251937571e-17,
    "(((3,), (0,)), ((0,), (0,)))": 2.2672212482782944e-05,
    "(((3,), (0,)), ((0,), (1,)))": 0.00010622130640993598,
    "(((3,), (0,)), ((1,), (0,)))": -0.027833690064396073,
    "(((3,), (0,)), ((1,), (1,)))": -0.019008689663338428,
    "(((3,), (0,)), ((2,), (0,)))": -0.07440479163613728,
    "(((3,), (0,)), ((2,), (1,)))": 0.032654816802657166,
    "(((3,), (0,)), ((3,), (0,)))": -0.18466293496445724,
    "(((3,), (0,)), ((3,), (1,)))": 0.017091378522929992,
    "(((3,), (0,)), ((4,), (0,)))": 3.456007304756312e-16,
    "(((3,), (0,)), ((4,), (1,)))": -7.029941805341798e-17,
    "(((3,), (1,)), ((0,), (0,)))": 0.0003093668797269394,
    "(((3,), (1,)), ((0,), (1,)))": -0.00020105899775142174,
    "(((3,), (1,)), ((1,), (0,)))": -0.01593432852769764,
    "(((3,), (1,)), ((1,), (1,)))": -0.0011521708234739324,
    "(((3,), (1,)), ((2,), (0,)))": 0.01734151206114386,
    "(((3,), (1,)), ((2,), (1,)))": 0.021277748290788233,
    "(((3,), (1,)), ((3,), (0,)))": 0.017091378522929995,
    "(((3,), (1,)), ((3,), (1,)))": -0.017137069577627714,
    "(((3,), (1,)), ((4,), (0,)))": -4.932951684514294e-17,
    "(((3,), (1,)), ((4,), (1,)))": -3.07844381219634e-17,
    "(((4,), (0,)), ((0,), (0,)))": -3.7055954786131414e-19,
    "(((4,), (0,)), ((0,), (1,)))": 1.3626863022771834e-19,
    "(((4,), (0,)), ((1,), (0,)))": 6.81784313839451e-17,
    "(((4,), (0,)), ((1,), (1,)))": 2.5796960448428512e-17,
    "(((4,), (0,)), ((2,), (0,)))": 1.331375785288332e-16,
    "(((4,), (0,)), ((2,), (1,)))": -7.54998387751557e-17,
    "(((4,), (0,)), ((3,), (0,)))": 3.4560073047563126e-16,
    "(((4,), (0,)), ((3,), (1,)))": -4.932951684514294e-17,
    "(((4,), (0,)), ((4,), (0,)))": -0.021047017538550303,
    "(((4,), (0,)), ((4,), (1,)))": -0.005008101789289146,
    "(((4,), (1,)), ((0,), (0,)))": -6.02014871842788e-19,
    "(((4,), (1,)), ((0,), (1,)))": 6.174607987682225e-21,
    "(((4,), (1,)), ((1,), (0,)))": 9.556582953309416e-18,
    "(((4,), (1,)), ((1,), (1,)))": -3.6782890756307044e-17,
    "(((4,), (1,)), ((2,), (0,)))": -4.2815232552777014e-17,
    "(((4,), (1,)), ((2,), (1,)))": 7.000241251937572e-17,
    "(((4,), (1,)), ((3,), (0,)))": -7.029941805341801e-17,
    "(((4,), (1,)), ((3,), (1,)))": -3.078443812196339e-17,
    "(((4,), (1,)), ((4,), (0,)))": -0.005008101789289146,
    "(((4,), (1,)), ((4,), (1,)))": -0.01533325481621589
  }
}