{
  "E": -74.92566448363013,
  "sol": {
    "(((), ()), ((), ()))": 0.9476483817407053,
    "(((0,), (0,)), ((), ()))": -5.777612448934015e-05,
    "(((), ()), ((0,), (0,)))": -5.777612448934015e-05,
    "(((0,), (1,)), ((), ()))": 9.777571063686072e-17,
    "(((), ()), ((0,), (1,)))": 9.777571063686072e-17,
    "(((1,), (0,)), ((), ()))": -0.010191079774897594,
    "(((), ()), ((1,), (0,)))": -0.010191079774897594,
    "(((1,), (1,)), ((), ()))": -1.3688660176915698e-15,
    "(((), ()), ((1,), (1,)))": -1.3688660176915698e-15,
    "(((2,), (0,)), ((), ()))": 2.1286578968369662e-16,
    "(((), ()), ((2,), (0,)))": 2.1286578968369662e-16,
    "(((2,), (1,)), ((), ()))": 0.002278622310840306,
    "(((), ()), ((2,), (1,)))": 0.002278622310840306,
    "(((3,), (0,)), ((), ()))": 0.030261122673372783,
    "(((), ()), ((3,), (0,)))": 0.030261122673372783,
    "(((3,), (1,)), ((), ()))": -9.517893933518252e-16,
    "(((), ()), ((3,), (1,)))": -9.517893933518252e-16,
    "(((4,), (0,)), ((), ()))": -1.7807788532366126e-15,
    "(((), ()), ((4,), (0,)))": -1.7807788532366126e-15,
    "(((4,), (1,)), ((), ()))": -6.090693649586391e-19,
    "(((), ()), ((4,), (1,)))": -6.090693649586391e-19,
    "(((0,), (0,)), ((0,), (0,)))": -0.0003375505227444957,
    "(((0,), (0,)), ((0,), (1,)))": -1.1528761016764835e-18,
    "(((0,), (0,)), ((1,), (0,)))": 0.00048442743355435095,
    "(((0,), (0,)), ((1,), (1,)))": -4.043621807760991e-18,
    "(((0,), (0,)), ((2,), (0,)))": 4.018498034341654e-18,
    "(((0,), (0,)), ((2,), (1,)))": 6.187367533561203e-05,
    "(((0,), (0,)), ((3,), (0,)))": 0.00010500674359975803,
    "(((0,), (0,)), ((3,), (1,)))": 6.023814518024763e-18,
    "(((0,), (0,)), ((4,), (0,)))": -6.423213817113824e-18,
    "(((0,), (0,)), ((4,), (1,)))": -1.2522005529099274e-19,
    "(((0,), (1,)), ((0,), (0,)))": -1.1350252861030099e-18,
    "(((0,), (1,)), ((0,), (1,)))": -0.0002792164877933241,
    "(((0,), (1,)), ((1,), (0,)))": -5.196772456597206e-18,
    "(((0,), (1,)), ((1,), (1,)))": 0.0006779473089957424,
    "(((0,), (1,)), ((2,), (0,)))": -0.00018222543237987582,
    "(((0,), (1,)), ((2,), (1,)))": -6.924821888158375e-18,
    "(((0,), (1,)), ((3,), (0,)))": 1.3390143212551901e-17,
    "(((0,), (1,)), ((3,), (1,)))": -0.00024355428625060698,
    "(((0,), (1,)), ((4,), (0,)))": 6.590738105978862e-19,
    "(((0,), (1,)), ((4,), (1,)))": 1.4983221962945546e-17,
    "(((1,), (0,)), ((0,), (0,)))": 0.00048442743355435095,
    "(((1,), (0,)), ((0,), (1,)))": -5.1628948556612595e-18,
    "(((1,), (0,)), ((1,), (0,)))": -0.026604171905360106,
    "(((1,), (0,)), ((1,), (1,)))": -8.177950000739723e-17,
    "(((1,), (0,)), ((2,), (0,)))": -1.6625102872495373e-15,
    "(((1,), (0,)), ((2,), (1,)))": 0.02470676403990405,
    "(((1,), (0,)), ((3,), (0,)))": -0.03741493769983702,
    "(((1,), (0,)), ((3,), (1,)))": -1.1807314734561541e-15,
    "(((1,), (0,)), ((4,), (0,)))": 2.2936421933912708e-15,
    "(((1,), (0,)), ((4,), (1,)))": -8.75246190630263e-17,
    "(((1,), (1,)), ((0,), (0,)))": -4.138299705087103e-18,
    "(((1,), (1,)), ((0,), (1,)))": 0.0006779473089957424,
    "(((1,), (1,)), ((1,), (0,)))": -8.149629783556643e-17,
    "(((1,), (1,)), ((1,), (1,)))": -0.020314631919811733,
    "(((1,), (1,)), ((2,), (0,)))": 0.020148929611620122,
    "(((1,), (1,)), ((2,), (1,)))": 8.97430306239969e-16,
    "(((1,), (1,)), ((3,), (0,)))": -1.135762722402297e-15,
    "(((1,), (1,)), ((3,), (1,)))": 0.00319356427290856,
    "(((1,), (1,)), ((4,), (0,)))": -7.492567812204405e-17,
    "(((1,), (1,)), ((4,), (1,)))": -1.9396566035719944e-16,
    "(((2,), (0,)), ((0,), (0,)))": 4.099493510627667e-18,
    "(((2,), (0,)), ((0,), (1,)))": -0.0001822254323798758,
    "(((2,), (0,)), ((1,), (0,)))": -1.6610316322832616e-15,
    "(((2,), (0,)), ((1,), (1,)))": 0.02014892961162012,
    "(((2,), (0,)), ((2,), (0,)))": -0.08025321281548838,
    "(((2,), (0,)), ((2,), (1,)))": 4.8815104980601546e-15,
    "(((2,), (0,)), ((3,), (0,)))": -5.337501479477679e-15,
    "(((2,), (0,)), ((3,), (1,)))": 0.09554475493120516,
    "(((2,), (0,)), ((4,), (0,)))": 2.2049305094518301e-16,
    "(((2,), (0,)), ((4,), (1,)))": -5.903148314882748e-15,
    "(((2,), (1,)), ((0,), (0,)))": 6.187367533561208e-05,
    "(((2,), (1,)), ((0,), (1,)))": -6.948177855957946e-18,
    "(((2,), (1,)), ((1,), (0,)))": 0.02470676403990405,
    "(((2,), (1,)), ((1,), (1,)))": 8.951971193603898e-16,
    "(((2,), (1,)), ((2,), (0,)))": 4.8873312073897084e-15,
    "(((2,), (1,)), ((2,), (1,)))": -0.1362782826099788,
    "(((2,), (1,)), ((3,), (0,)))": 0.10950717988184155,
    "(((2,), (1,)), ((3,), (1,)))": 5.296699123084133e-15,
    "(((2,), (1,)), ((4,), (0,)))": -6.7352377786317e-15,
    "(((2,), (1,)), ((4,), (1,)))": 4.3267985285243297e-16,
    "(((3,), (0,)), ((0,), (0,)))": 0.00010500674359975789,
    "(((3,), (0,)), ((0,), (1,)))": 1.3375820885766812e-17,
    "(((3,), (0,)), ((1,), (0,)))": -0.03741493769983703,
    "(((3,), (0,)), ((1,), (1,)))": -1.1385872423611147e-15,
    "(((3,), (0,)), ((2,), (0,)))": -5.337296688935729e-15,
    "(((3,), (0,)), ((2,), (1,)))": 0.10950717988184155,
    "(((3,), (0,)), ((3,), (0,)))": -0.14077471848142653,
    "(((3,), (0,)), ((3,), (1,)))": -5.058243465349345e-15,
    "(((3,), (0,)), ((4,), (0,)))": 7.290701630172434e-15,
    "(((3,), (0,)), ((4,), (1,)))": -3.931820475275586e-16,
    "(((3,), (1,)), ((0,), (0,)))": 6.071386637364396e-18,
    "(((3,), (1,)), ((0,), (1,)))": -0.00024355428625060709,
    "(((3,), (1,)), ((1,), (0,)))": -1.1791282606966076e-15,
    "(((3,), (1,)), ((1,), (1,)))": 0.00319356427290856,
    "(((3,), (1,)), ((2,), (0,)))": 0.09554475493120515,
    "(((3,), (1,)), ((2,), (1,)))": 5.297181324537285e-15,
    "(((3,), (1,)), ((3,), (0,)))": -5.055888572717272e-15,
    "(((3,), (1,)), ((3,), (1,)))": -0.07574213120265692,
    "(((3,), (1,)), ((4,), (0,)))": -3.4972054018976665e-16,
    "(((3,), (1,)), ((4,), (1,)))": 3.815767583775594e-15,
    "(((4,), (0,)), ((0,), (0,)))": -6.423213817113826e-18,
    "(((4,), (0,)), ((0,), (1,)))": 6.59073810597893e-19,
    "(((4,), (0,)), ((1,), (0,)))": 2.2936421933912708e-15,
    "(((4,), (0,)), ((1,), (1,)))": -7.492567812204397e-17,
    "(((4,), (0,)), ((2,), (0,)))": 2.2049305094518297e-16,
    "(((4,), (0,)), ((2,), (1,)))": -6.735237778631701e-15,
    "(((4,), (0,)), ((3,), (0,)))": 7.290701630172434e-15,
    "(((4,), (0,)), ((3,), (1,)))": -3.497205401897665e-16,
    "(((4,), (0,)), ((4,), (0,)))": -0.022353467464135673,
    "(((4,), (0,)), ((4,), (1,)))": -1.6235499124168235e-16,
    "(((4,), (1,)), ((0,), (0,)))": -1.2522005529099948e-19,
    "(((4,), (1,)), ((0,), (1,)))": 1.4983221962945537e-17,
    "(((4,), (1,)), ((1,), (0,)))": -8.752461906302634e-17,
    "(((4,), (1,)), ((1,), (1,)))": -1.939656603571995e-16,
    "(((4,), (1,)), ((2,), (0,)))": -5.903148314882748e-15,
    "(((4,), (1,)), ((2,), (1,)))": 4.3267985285243287e-16,
    "(((4,), (1,)), ((3,), (0,)))": -3.931820475275587e-16,
    "(((4,), (1,)), ((3,), (1,)))": 3.815767583775594e-15,
    "(((4,), (1,)), ((4,), (0,)))": -1.6277181742229853e-16,
    "(((4,), (1,)), ((4,), (1,)))": -0.014089584686603759
  }
}