{
  "E": -147.68131247381282,
  "sol": {
    "(((), ()), ((), ()))": 0.9060125959687916,
    "(((0,), (0,)), ((), ()))": 1.041000442410445e-19,
    "(((), ()), ((0,), (0,)))": 1.041000442410445e-19,
    "(((0,), (1,)), ((), ()))": 3.7003064348659035e-05,
    "(((), ()), ((0,), (1,)))": 3.7003064348659035e-05,
    "(((1,), (0,)), ((), ()))": -4.129066598716602e-17,
    "(((), ()), ((1,), (0,)))": -4.129066598716602e-17,
    "(((1,), (1,)), ((), ()))": 5.662649400742823e-16,
    "(((), ()), ((1,), (1,)))": 5.662649400742823e-16,
    "(((2,), (0,)), ((), ()))": 6.159974710602082e-16,
    "(((), ()), ((2,), (0,)))": 6.159974710602082e-16,
    "(((2,), (1,)), ((), ()))": 5.749563642666854e-15,
    "(((), ()), ((2,), (1,)))": 5.749563642666854e-15,
    "(((3,), (0,)), ((), ()))": -6.044944905974734e-19,
    "(((), ()), ((3,), (0,)))": -6.044944905974734e-19,
    "(((3,), (1,)), ((), ()))": -0.015317629779688681,
    "(((), ()), ((3,), (1,)))": -0.015317629779688681,
    "(((4,), (0,)), ((), ()))": 1.9377069680572101e-13,
    "(((), ()), ((4,), (0,)))": 1.9377069680572101e-13,
    "(((4,), (1,)), ((), ()))": -2.9146390317992986e-17,
    "(((), ()), ((4,), (1,)))": -2.9146390317992986e-17,
    "(((5,), (0,)), ((), ()))": -4.3100067769754667e-16,
    "(((), ()), ((5,), (0,)))": -4.3100067769754667e-16,
    "(((5,), (1,)), ((), ()))": -3.7221621171594056e-14,
    "(((), ()), ((5,), (1,)))": -3.7221621171594056e-14,
    "(((6,), (0,)), ((), ()))": -6.458008529399699e-14,
    "(((), ()), ((6,), (0,)))": -6.458008529399699e-14,
    "(((6,), (1,)), ((), ()))": 1.9457726254644976e-17,
    "(((), ()), ((6,), (1,)))": 1.9457726254644976e-17,
    "(((7,), (0,)), ((), ()))": -4.744293605697982e-14,
    "(((), ()), ((7,), (0,)))": -4.744293605697982e-14,
    "(((7,), (1,)), ((), ()))": 4.9782926093127584e-17,
    "(((), ()), ((7,), (1,)))": 4.9782926093127584e-17,
    "(((0,), (0,)), ((0,), (0,)))": -0.00014233884488460167,
    "(((0,), (0,)), ((0,), (1,)))": -3.0105929092633456e-21,
    "(((0,), (0,)), ((1,), (0,)))": -1.2600757493875623e-16,
    "(((0,), (0,)), ((1,), (1,)))": 4.340075326234276e-21,
    "(((0,), (0,)), ((2,), (0,)))": -4.42151753754161e-15,
    "(((0,), (0,)), ((2,), (1,)))": 2.2155840130033826e-20,
    "(((0,), (0,)), ((3,), (0,)))": -0.0004854183285717291,
    "(((0,), (0,)), ((3,), (1,)))": -4.518504582558579e-20,
    "(((0,), (0,)), ((4,), (0,)))": -1.80789269066856e-19,
    "(((0,), (0,)), ((4,), (1,)))": -1.5137348887334044e-17,
    "(((0,), (0,)), ((5,), (0,)))": -1.1772797491999855e-15,
    "(((0,), (0,)), ((5,), (1,)))": 7.241395039606916e-20,
    "(((0,), (0,)), ((6,), (0,)))": 3.879087360625608e-20,
    "(((0,), (0,)), ((6,), (1,)))": 4.0509244754395335e-15,
    "(((0,), (0,)), ((7,), (0,)))": -2.745489629369538e-20,
    "(((0,), (0,)), ((7,), (1,)))": 8.3958115559471365e-19,
    "(((0,), (1,)), ((0,), (0,)))": -3.010592909263412e-21,
    "(((0,), (1,)), ((0,), (1,)))": -0.0003622876090936855,
    "(((0,), (1,)), ((1,), (0,)))": -9.726886365247892e-21,
    "(((0,), (1,)), ((1,), (1,)))": -1.495152706851093e-16,
    "(((0,), (1,)), ((2,), (0,)))": 7.718413582773117e-20,
    "(((0,), (1,)), ((2,), (1,)))": -7.005967241616023e-15,
    "(((0,), (1,)), ((3,), (0,)))": -7.196671627601055e-20,
    "(((0,), (1,)), ((3,), (1,)))": -0.0007005581571556797,
    "(((0,), (1,)), ((4,), (0,)))": -8.774562037677651e-18,
    "(((0,), (1,)), ((4,), (1,)))": 2.2670656606574352e-20,
    "(((0,), (1,)), ((5,), (0,)))": -5.183529149276475e-20,
    "(((0,), (1,)), ((5,), (1,)))": -8.085126831718733e-16,
    "(((0,), (1,)), ((6,), (0,)))": 5.708670918261005e-17,
    "(((0,), (1,)), ((6,), (1,)))": 1.8118473172824707e-19,
    "(((0,), (1,)), ((7,), (0,)))": 1.6921035654887356e-18,
    "(((0,), (1,)), ((7,), (1,)))": -8.662481480956732e-20,
    "(((1,), (0,)), ((0,), (0,)))": -1.2600026215665934e-16,
    "(((1,), (0,)), ((0,), (1,)))": -9.726886365247916e-21,
    "(((1,), (0,)), ((1,), (0,)))": -0.00013517515579784397,
    "(((1,), (0,)), ((1,), (1,)))": 1.4133785097910737e-21,
    "(((1,), (0,)), ((2,), (0,)))": 0.0003673131907687533,
    "(((1,), (0,)), ((2,), (1,)))": 1.0714951200836368e-19,
    "(((1,), (0,)), ((3,), (0,)))": -6.027611964874302e-15,
    "(((1,), (0,)), ((3,), (1,)))": 7.501278746831403e-19,
    "(((1,), (0,)), ((4,), (0,)))": 2.9760564372106174e-19,
    "(((1,), (0,)), ((4,), (1,)))": -3.6902592450886604e-18,
    "(((1,), (0,)), ((5,), (0,)))": 0.00010020463392142821,
    "(((1,), (0,)), ((5,), (1,)))": 4.530872605155095e-19,
    "(((1,), (0,)), ((6,), (0,)))": 1.3553368704548241e-18,
    "(((1,), (0,)), ((6,), (1,)))": -0.0003316857079327607,
    "(((1,), (0,)), ((7,), (0,)))": -1.0873692589580344e-17,
    "(((1,), (0,)), ((7,), (1,)))": -8.37966916650624e-17,
    "(((1,), (1,)), ((0,), (0,)))": 4.3400753262343e-21,
    "(((1,), (1,)), ((0,), (1,)))": -1.495021000342495e-16,
    "(((1,), (1,)), ((1,), (0,)))": 1.4133785097909654e-21,
    "(((1,), (1,)), ((1,), (1,)))": -0.0003513240255949392,
    "(((1,), (1,)), ((2,), (0,)))": 2.2244201488307418e-20,
    "(((1,), (1,)), ((2,), (1,)))": 0.0005741746080221669,
    "(((1,), (1,)), ((3,), (0,)))": 1.1153984346218074e-19,
    "(((1,), (1,)), ((3,), (1,)))": -8.617756517107782e-15,
    "(((1,), (1,)), ((4,), (0,)))": -1.8799397515227366e-17,
    "(((1,), (1,)), ((4,), (1,)))": 2.763643414781915e-19,
    "(((1,), (1,)), ((5,), (0,)))": 1.573594848055462e-19,
    "(((1,), (1,)), ((5,), (1,)))": 7.111788808100773e-05,
    "(((1,), (1,)), ((6,), (0,)))": -3.3915020781285794e-06,
    "(((1,), (1,)), ((6,), (1,)))": -5.739453126083755e-20,
    "(((1,), (1,)), ((7,), (0,)))": 2.0858263285023814e-16,
    "(((1,), (1,)), ((7,), (1,)))": -2.416679607414207e-18,
    "(((2,), (0,)), ((0,), (0,)))": -4.421513038619114e-15,
    "(((2,), (0,)), ((0,), (1,)))": 7.718413582773117e-20,
    "(((2,), (0,)), ((1,), (0,)))": 0.0003673131907687533,
    "(((2,), (0,)), ((1,), (1,)))": 2.224420148830758e-20,
    "(((2,), (0,)), ((2,), (0,)))": -0.00927113586744086,
    "(((2,), (0,)), ((2,), (1,)))": -6.621802733802522e-19,
    "(((2,), (0,)), ((3,), (0,)))": 3.4301692436823294e-15,
    "(((2,), (0,)), ((3,), (1,)))": 2.7011372906621552e-18,
    "(((2,), (0,)), ((4,), (0,)))": -1.0794397270887908e-17,
    "(((2,), (0,)), ((4,), (1,)))": 3.083181620987306e-16,
    "(((2,), (0,)), ((5,), (0,)))": -0.003805296846487598,
    "(((2,), (0,)), ((5,), (1,)))": -4.413967914925016e-17,
    "(((2,), (0,)), ((6,), (0,)))": -1.1243672055984147e-17,
    "(((2,), (0,)), ((6,), (1,)))": 0.025834030814776532,
    "(((2,), (0,)), ((7,), (0,)))": -1.7409422264641662e-17,
    "(((2,), (0,)), ((7,), (1,)))": 6.472190949084733e-15,
    "(((2,), (1,)), ((0,), (0,)))": 2.2155840130033826e-20,
    "(((2,), (1,)), ((0,), (1,)))": -7.005923722859164e-15,
    "(((2,), (1,)), ((1,), (0,)))": 1.0714951200836343e-19,
    "(((2,), (1,)), ((1,), (1,)))": 0.0005741746080221669,
    "(((2,), (1,)), ((2,), (0,)))": -6.621802733802499e-19,
    "(((2,), (1,)), ((2,), (1,)))": -0.023260703591445477,
    "(((2,), (1,)), ((3,), (0,)))": 8.292833699851884e-18,
    "(((2,), (1,)), ((3,), (1,)))": 1.5683826919439654e-15,
    "(((2,), (1,)), ((4,), (0,)))": -9.129379426493116e-16,
    "(((2,), (1,)), ((4,), (1,)))": 9.157956926903789e-17,
    "(((2,), (1,)), ((5,), (0,)))": -4.416026450403382e-17,
    "(((2,), (1,)), ((5,), (1,)))": 0.027723758404367305,
    "(((2,), (1,)), ((6,), (0,)))": 0.02515242894420875,
    "(((2,), (1,)), ((6,), (1,)))": 5.618713749450337e-17,
    "(((2,), (1,)), ((7,), (0,)))": 2.047185538105453e-14,
    "(((2,), (1,)), ((7,), (1,)))": 1.4977657215774731e-16,
    "(((3,), (0,)), ((0,), (0,)))": -0.0004854183285717291,
    "(((3,), (0,)), ((0,), (1,)))": -7.19667162760106e-20,
    "(((3,), (0,)), ((1,), (0,)))": -6.027573059222801e-15,
    "(((3,), (0,)), ((1,), (1,)))": 1.115398434621808e-19,
    "(((3,), (0,)), ((2,), (0,)))": 3.429899252385019e-15,
    "(((3,), (0,)), ((2,), (1,)))": 8.292833699851885e-18,