{
  "E": -14.643247431655135,
  "sol": {
    "((1, 1, 1), (1, 1, 1))": 0.9328100594752622,
    "((1, 1, 1), (1, 1, 0, 1))": 4.6407322429331543e-14,
    "((1, 1, 1), (1, 0, 1, 1))": -2.71028352190898e-15,
    "((1, 1, 1), (0, 1, 1, 1))": -0.00039901788547675766,
    "((1, 1, 1), (1, 1, 0, 0, 1))": -0.12165206640187436,
    "((1, 1, 1), (1, 0, 1, 0, 1))": -0.0008324361317215025,
    "((1, 1, 1), (0, 1, 1, 0, 1))": 5.930940567357977e-15,
    "((1, 1, 1), (1, 0, 0, 1, 1))": 1.0600885737824341e-15,
    "((1, 1, 1), (0, 1, 0, 1, 1))": 0.00015404894855738718,
    "((1, 1, 1), (0, 0, 1, 1, 1))": -1.728091941761048e-05,
    "((1, 1, 0, 1), (1, 1, 1))": -2.4030384710020124e-14,
    "((1, 1, 0, 1), (1, 1, 0, 1))": -0.3080650114347116,
    "((1, 1, 0, 1), (1, 0, 1, 1))": -0.0017818472612072486,
    "((1, 1, 0, 1), (0, 1, 1, 1))": 1.3233963084201606e-14,
    "((1, 1, 0, 1), (1, 1, 0, 0, 1))": 4.709239891439628e-15,
    "((1, 1, 0, 1), (1, 0, 1, 0, 1))": -2.4333609230671914e-15,
    "((1, 1, 0, 1), (0, 1, 1, 0, 1))": -0.00034726009433080023,
    "((1, 1, 0, 1), (1, 0, 0, 1, 1))": 0.0019107911452207593,
    "((1, 1, 0, 1), (0, 1, 0, 1, 1))": -1.4138429568534761e-14,
    "((1, 1, 0, 1), (0, 0, 1, 1, 1))": 1.0058619902116106e-18,
    "((1, 0, 1, 1), (1, 1, 1))": -2.9704834475587984e-15,
    "((1, 0, 1, 1), (1, 1, 0, 1))": -0.0017818472612072382,
    "((1, 0, 1, 1), (1, 0, 1, 1))": -0.0016351030047596948,
    "((1, 0, 1, 1), (0, 1, 1, 1))": 4.30203242297711e-17,
    "((1, 0, 1, 1), (1, 1, 0, 0, 1))": -3.686671614387648e-15,
    "((1, 0, 1, 1), (1, 0, 1, 0, 1))": 1.0356814656070156e-14,
    "((1, 0, 1, 1), (0, 1, 1, 0, 1))": 0.0006914426463169498,
    "((1, 0, 1, 1), (1, 0, 0, 1, 1))": -0.00013694959003243652,
    "((1, 0, 1, 1), (0, 1, 0, 1, 1))": 7.280861671872909e-18,
    "((1, 0, 1, 1), (0, 0, 1, 1, 1))": 5.948672006610237e-18,
    "((0, 1, 1, 1), (1, 1, 1))": -0.0003990178854770628,
    "((0, 1, 1, 1), (1, 1, 0, 1))": 1.3195391362614383e-14,
    "((0, 1, 1, 1), (1, 0, 1, 1))": 4.2875640209153745e-17,
    "((0, 1, 1, 1), (0, 1, 1, 1))": -0.00163418578600864,
    "((0, 1, 1, 1), (1, 1, 0, 0, 1))": -0.0005013090428881671,
    "((0, 1, 1, 1), (1, 0, 1, 0, 1))": 0.0007087235657345771,
    "((0, 1, 1, 1), (0, 1, 1, 0, 1))": -1.034611864900517e-14,
    "((0, 1, 1, 1), (1, 0, 0, 1, 1))": 7.850976523558617e-18,
    "((0, 1, 1, 1), (0, 1, 0, 1, 1))": -0.00014069672689629898,
    "((0, 1, 1, 1), (0, 0, 1, 1, 1))": 7.25263774455968e-07,
    "((1, 1, 0, 0, 1), (1, 1, 1))": -0.12165206640187687,
    "((1, 1, 0, 0, 1), (1, 1, 0, 1))": 1.1158903954901057e-15,
    "((1, 1, 0, 0, 1), (1, 0, 1, 1))": -3.7326656774575155e-15,
    "((1, 1, 0, 0, 1), (0, 1, 1, 1))": -0.0005013090428882149,
    "((1, 1, 0, 0, 1), (1, 1, 0, 0, 1))": -0.0729319637282386,
    "((1, 1, 0, 0, 1), (1, 0, 1, 0, 1))": 0.0028765529704732644,
    "((1, 1, 0, 0, 1), (0, 1, 1, 0, 1))": -2.1330158432717857e-14,
    "((1, 1, 0, 0, 1), (1, 0, 0, 1, 1))": -7.49633455302168e-15,
    "((1, 1, 0, 0, 1), (0, 1, 0, 1, 1))": -0.0010316663855909794,
    "((1, 1, 0, 0, 1), (0, 0, 1, 1, 1))": -4.6371755601112504e-07,
    "((1, 0, 1, 0, 1), (1, 1, 1))": -0.0008324361317213856,
    "((1, 0, 1, 0, 1), (1, 1, 0, 1))": -2.726789579917342e-15,
    "((1, 0, 1, 0, 1), (1, 0, 1, 1))": 1.0331957024107901e-14,
    "((1, 0, 1, 0, 1), (0, 1, 1, 1))": 0.0007087235657345291,
    "((1, 0, 1, 0, 1), (1, 1, 0, 0, 1))": 0.0028765529704732756,
    "((1, 0, 1, 0, 1), (1, 0, 1, 0, 1))": -0.000662737548242274,
    "((1, 0, 1, 0, 1), (0, 1, 1, 0, 1))": 2.293926588886412e-16,
    "((1, 0, 1, 0, 1), (1, 0, 0, 1, 1))": 3.816823416387551e-15,
    "((1, 0, 1, 0, 1), (0, 1, 0, 1, 1))": 0.000261077083073222,
    "((1, 0, 1, 0, 1), (0, 0, 1, 1, 1))": -3.680703757282314e-06,
    "((0, 1, 1, 0, 1), (1, 1, 1))": 6.1395984459380165e-15,
    "((0, 1, 1, 0, 1), (1, 1, 0, 1))": -0.00034726009433080256,
    "((0, 1, 1, 0, 1), (1, 0, 1, 1))": 0.0006914426463169897,
    "((0, 1, 1, 0, 1), (0, 1, 1, 1))": -1.0371193197307636e-14,
    "((0, 1, 1, 0, 1), (1, 1, 0, 0, 1))": -2.1144675611087168e-14,
    "((0, 1, 1, 0, 1), (1, 0, 1, 0, 1))": 2.303048506921231e-16,
    "((0, 1, 1, 0, 1), (0, 1, 1, 0, 1))": -0.0006310925557692695,
    "((0, 1, 1, 0, 1), (1, 0, 0, 1, 1))": 0.000261540800629226,
    "((0, 1, 1, 0, 1), (0, 1, 0, 1, 1))": -3.908535460898101e-15,
    "((0, 1, 1, 0, 1), (0, 0, 1, 1, 1))": 2.6884835965524882e-17,
    "((1, 0, 0, 1, 1), (1, 1, 1))": 1.2326499131932784e-15,
    "((1, 0, 0, 1, 1), (1, 1, 0, 1))": 0.0019107911452207625,
    "((1, 0, 0, 1, 1), (1, 0, 1, 1))": -0.00013694959003243738,
    "((1, 0, 0, 1, 1), (0, 1, 1, 1))": -5.471127324635487e-17,
    "((1, 0, 0, 1, 1), (1, 1, 0, 0, 1))": -7.717524826557455e-15,
    "((1, 0, 0, 1, 1), (1, 0, 1, 0, 1))": 3.886806691024666e-15,
    "((1, 0, 0, 1, 1), (0, 1, 1, 0, 1))": 0.000261540800629231,
    "((1, 0, 0, 1, 1), (1, 0, 0, 1, 1))": 0.000505823288569743,
    "((1, 0, 0, 1, 1), (0, 1, 0, 1, 1))": -8.382138372551708e-17,
    "((1, 0, 0, 1, 1), (0, 0, 1, 1, 1))": -2.1293942119426128e-17,
    "((0, 1, 0, 1, 1), (1, 1, 1))": 0.00015404894855738544,
    "((0, 1, 0, 1, 1), (1, 1, 0, 1))": -1.4061702402404246e-14,
    "((0, 1, 0, 1, 1), (1, 0, 1, 1))": -5.389128793550511e-17,
    "((0, 1, 0, 1, 1), (0, 1, 1, 1))": -0.00014069672689630313,
    "((0, 1, 0, 1, 1), (1, 1, 0, 0, 1))": -0.0010316663855909835,
    "((0, 1, 0, 1, 1), (1, 0, 1, 0, 1))": 0.00026107708307321874,
    "((0, 1, 0, 1, 1), (0, 1, 1, 0, 1))": -3.841228708258809e-15,
    "((0, 1, 0, 1, 1), (1, 0, 0, 1, 1))": -8.378278928917718e-17,
    "((0, 1, 0, 1, 1), (0, 1, 0, 1, 1))": 0.0004950868893550699,
    "((0, 1, 0, 1, 1), (0, 0, 1, 1, 1))": -2.8860351566410943e-06,
    "((0, 0, 1, 1, 1), (1, 1, 1))": -1.728091941761089e-05,
    "((0, 0, 1, 1, 1), (1, 1, 0, 1))": -8.155932097170431e-19,
    "((0, 0, 1, 1, 1), (1, 0, 1, 1))": 5.41555122854104e-18,
    "((0, 0, 1, 1, 1), (0, 1, 1, 1))": 7.25263774456842e-07,
    "((0, 0, 1, 1, 1), (1, 1, 0, 0, 1))": -4.637175560100253e-07,
    "((0, 0, 1, 1, 1), (1, 0, 1, 0, 1))": -3.6807037572805637e-06,
    "((0, 0, 1, 1, 1), (0, 1, 1, 0, 1))": 2.7379361547887543e-17,
    "((0, 0, 1, 1, 1), (1, 0, 0, 1, 1))": -2.1091431463207125e-17,
    "((0, 0, 1, 1, 1), (0, 1, 0, 1, 1))": -2.886035156643668e-06,
    "((0, 0, 1, 1, 1), (0, 0, 1, 1, 1))": 2.350707265078131e-06
  }
}