{
  "E": -14.64322125493148,
  "sol": {
    "(((), ()), ((), ()))": 0.9329952754816381,
    "(((0,), (0,)), ((), ()))": -0.00038324100787103096,
    "(((), ()), ((0,), (0,)))": -0.00038324100787103096,
    "(((0,), (1,)), ((), ()))": 5.813433068693345e-15,
    "(((), ()), ((0,), (1,)))": 5.813433068693345e-15,
    "(((1,), (0,)), ((), ()))": -2.689746490946415e-15,
    "(((), ()), ((1,), (0,)))": -2.689746490946415e-15,
    "(((1,), (1,)), ((), ()))": -0.0007929128992777745,
    "(((), ()), ((1,), (1,)))": -0.0007929128992777745,
    "(((2,), (0,)), ((), ()))": 1.4686399357162342e-15,
    "(((), ()), ((2,), (0,)))": 1.4686399357162342e-15,
    "(((2,), (1,)), ((), ()))": -0.12149471123130012,
    "(((), ()), ((2,), (1,)))": -0.12149471123130012,
    "(((0,), (0,)), ((0,), (0,)))": -0.001632609220950754,
    "(((0,), (0,)), ((0,), (1,)))": -1.0392786285964833e-14,
    "(((0,), (0,)), ((1,), (0,)))": 1.9022152168934547e-17,
    "(((0,), (0,)), ((1,), (1,)))": 0.0007112582656645613,
    "(((0,), (0,)), ((2,), (0,)))": 1.3048214821412977e-14,
    "(((0,), (0,)), ((2,), (1,)))": -0.0005026384449263008,
    "(((0,), (1,)), ((0,), (0,)))": -1.03897805652133e-14,
    "(((0,), (1,)), ((0,), (1,)))": -0.0006412412293546345,
    "(((0,), (1,)), ((1,), (0,)))": 0.0006953064806076906,
    "(((0,), (1,)), ((1,), (1,)))": 2.478211061607462e-16,
    "(((0,), (1,)), ((2,), (0,)))": -0.00039284322614044944,
    "(((0,), (1,)), ((2,), (1,)))": -2.1338625494206954e-14,
    "(((1,), (0,)), ((0,), (0,)))": 1.697757210278752e-17,
    "(((1,), (0,)), ((0,), (1,)))": 0.0006953064806076893,
    "(((1,), (0,)), ((1,), (0,)))": -0.0016350815665817071,
    "(((1,), (0,)), ((1,), (1,)))": 1.0405094802463947e-14,
    "(((1,), (0,)), ((2,), (0,)))": -0.0017611817232678893,
    "(((1,), (0,)), ((2,), (1,)))": -3.7195766437461515e-15,
    "(((1,), (1,)), ((0,), (0,)))": 0.0007112582656645618,
    "(((1,), (1,)), ((0,), (1,)))": 2.4761759140619176e-16,
    "(((1,), (1,)), ((1,), (0,)))": 1.0406609976289026e-14,
    "(((1,), (1,)), ((1,), (1,)))": -0.0006753417313404023,
    "(((1,), (1,)), ((2,), (0,)))": -2.899518273542495e-15,
    "(((1,), (1,)), ((2,), (1,)))": 0.0028887143192809885,
    "(((2,), (0,)), ((0,), (0,)))": 1.3046918673118881e-14,
    "(((2,), (0,)), ((0,), (1,)))": -0.0003928432261404505,
    "(((2,), (0,)), ((1,), (0,)))": -0.0017611817232678901,
    "(((2,), (0,)), ((1,), (1,)))": -2.8993715875028053e-15,
    "(((2,), (0,)), ((2,), (0,)))": -0.30764831531251735,
    "(((2,), (0,)), ((2,), (1,)))": 4.924215430030367e-16,
    "(((2,), (1,)), ((0,), (0,)))": -0.0005026384449263004,
    "(((2,), (1,)), ((0,), (1,)))": -2.1339162632559205e-14,
    "(((2,), (1,)), ((1,), (0,)))": -3.721388444391118e-15,
    "(((2,), (1,)), ((1,), (1,)))": 0.002888714319280989,
    "(((2,), (1,)), ((2,), (0,)))": 4.818619602954589e-16,
    "(((2,), (1,)), ((2,), (1,)))": -0.07291730142018131
  }
}