{
  "E": -193.1787643907664,
  "sol": {
    "(((), ()), ((), ()))": 0.9992580409559475,
    "(((0,), (0,)), ((), ()))": -1.6004934206767847e-16,
    "(((), ()), ((0,), (0,)))": -1.6004934206767847e-16,
    "(((1,), (0,)), ((), ()))": -1.1078914111743622e-06,
    "(((), ()), ((1,), (0,)))": -1.1078914111743622e-06,
    "(((2,), (0,)), ((), ()))": 7.413507263188875e-16,
    "(((), ()), ((2,), (0,)))": 7.413507263188875e-16,
    "(((3,), (0,)), ((), ()))": 3.7471979282551953e-19,
    "(((), ()), ((3,), (0,)))": 3.7471979282551953e-19,
    "(((4,), (0,)), ((), ()))": -6.7798557718334605e-18,
    "(((), ()), ((4,), (0,)))": -6.7798557718334605e-18,
    "(((5,), (0,)), ((), ()))": 0.00039692090312112735,
    "(((), ()), ((5,), (0,)))": 0.00039692090312112735,
    "(((6,), (0,)), ((), ()))": -2.8608009396234713e-15,
    "(((), ()), ((6,), (0,)))": -2.8608009396234713e-15,
    "(((7,), (0,)), ((), ()))": 1.438416135836032e-17,
    "(((), ()), ((7,), (0,)))": 1.438416135836032e-17,
    "(((8,), (0,)), ((), ()))": 1.08862744486237e-17,
    "(((), ()), ((8,), (0,)))": 1.08862744486237e-17,
    "(((0,), (0,)), ((0,), (0,)))": -0.0008292703684024622,
    "(((0,), (0,)), ((1,), (0,)))": -1.738973639789197e-16,
    "(((0,), (0,)), ((2,), (0,)))": -7.294150830742246e-05,
    "(((0,), (0,)), ((3,), (0,)))": -3.6253120755346786e-19,
    "(((0,), (0,)), ((4,), (0,)))": -3.529213793901898e-19,
    "(((0,), (0,)), ((5,), (0,)))": 2.408430893613111e-15,
    "(((0,), (0,)), ((6,), (0,)))": 0.0005216490408196464,
    "(((0,), (0,)), ((7,), (0,)))": 5.837047250591416e-20,
    "(((0,), (0,)), ((8,), (0,)))": -1.0894055309486636e-18,
    "(((1,), (0,)), ((0,), (0,)))": -1.7405981185021103e-16,
    "(((1,), (0,)), ((1,), (0,)))": -0.0008720384999179962,
    "(((1,), (0,)), ((2,), (0,)))": 3.0316454051441344e-16,
    "(((1,), (0,)), ((3,), (0,)))": 1.106850467318146e-19,
    "(((1,), (0,)), ((4,), (0,)))": 6.540082114298449e-19,
    "(((1,), (0,)), ((5,), (0,)))": 0.0005901989257308118,
    "(((1,), (0,)), ((6,), (0,)))": -2.14608284473178e-15,
    "(((1,), (0,)), ((7,), (0,)))": 7.522131521814537e-19,
    "(((1,), (0,)), ((8,), (0,)))": 5.493340391907627e-20,
    "(((2,), (0,)), ((0,), (0,)))": -7.294150830742482e-05,
    "(((2,), (0,)), ((1,), (0,)))": 3.047056439613712e-16,
    "(((2,), (0,)), ((2,), (0,)))": -0.014973721507397637,
    "(((2,), (0,)), ((3,), (0,)))": 9.837975317717086e-18,
    "(((2,), (0,)), ((4,), (0,)))": -1.3002188013740468e-18,
    "(((2,), (0,)), ((5,), (0,)))": -4.5974730199193354e-17,
    "(((2,), (0,)), ((6,), (0,)))": -0.010446326509882656,
    "(((2,), (0,)), ((7,), (0,)))": -7.658489848079161e-18,
    "(((2,), (0,)), ((8,), (0,)))": -1.7549834945122785e-17,
    "(((3,), (0,)), ((0,), (0,)))": -3.625312075534692e-19,
    "(((3,), (0,)), ((1,), (0,)))": 1.1068504673182124e-19,
    "(((3,), (0,)), ((2,), (0,)))": 9.837975317717062e-18,
    "(((3,), (0,)), ((3,), (0,)))": -0.006674577864843596,
    "(((3,), (0,)), ((4,), (0,)))": 3.82806226274714e-20,
    "(((3,), (0,)), ((5,), (0,)))": 7.285768716390652e-19,
    "(((3,), (0,)), ((6,), (0,)))": 9.86096898530514e-18,
    "(((3,), (0,)), ((7,), (0,)))": 1.0455226296986661e-17,
    "(((3,), (0,)), ((8,), (0,)))": 5.819954434173e-17,
    "(((4,), (0,)), ((0,), (0,)))": -3.529213793901952e-19,
    "(((4,), (0,)), ((1,), (0,)))": 6.540082114298554e-19,
    "(((4,), (0,)), ((2,), (0,)))": -1.3002188013740683e-18,
    "(((4,), (0,)), ((3,), (0,)))": -3.0859095923067117e-19,
    "(((4,), (0,)), ((4,), (0,)))": -0.00667457786484359,
    "(((4,), (0,)), ((5,), (0,)))": -6.624633385818416e-18,
    "(((4,), (0,)), ((6,), (0,)))": 3.570430119646939e-18,
    "(((4,), (0,)), ((7,), (0,)))": 3.599970769923982e-17,
    "(((4,), (0,)), ((8,), (0,)))": -4.980776857524704e-17,
    "(((5,), (0,)), ((0,), (0,)))": 2.4025848724942105e-15,
    "(((5,), (0,)), ((1,), (0,)))": 0.0005901989257308134,
    "(((5,), (0,)), ((2,), (0,)))": -6.328339976396019e-17,
    "(((5,), (0,)), ((3,), (0,)))": 7.285768716390222e-19,
    "(((5,), (0,)), ((4,), (0,)))": -6.624633385818428e-18,
    "(((5,), (0,)), ((5,), (0,)))": -0.00902914893176705,
    "(((5,), (0,)), ((6,), (0,)))": 9.910974949393642e-17,
    "(((5,), (0,)), ((7,), (0,)))": -9.250762092620621e-18,
    "(((5,), (0,)), ((8,), (0,)))": 5.897367025806162e-18,
    "(((6,), (0,)), ((0,), (0,)))": 0.000521649040819645,
    "(((6,), (0,)), ((1,), (0,)))": -2.1533829549471536e-15,
    "(((6,), (0,)), ((2,), (0,)))": -0.010446326509882642,
    "(((6,), (0,)), ((3,), (0,)))": 9.860968985305111e-18,
    "(((6,), (0,)), ((4,), (0,)))": 3.5704301196468585e-18,
    "(((6,), (0,)), ((5,), (0,)))": 5.393496671088862e-17,
    "(((6,), (0,)), ((6,), (0,)))": -0.01897299936126919,
    "(((6,), (0,)), ((7,), (0,)))": 3.24325543952654e-18,
    "(((6,), (0,)), ((8,), (0,)))": 5.408420442297678e-18,
    "(((7,), (0,)), ((0,), (0,)))": 5.837047250591411e-20,
    "(((7,), (0,)), ((1,), (0,)))": 7.522131521814476e-19,
    "(((7,), (0,)), ((2,), (0,)))": -7.658489848079155e-18,
    "(((7,), (0,)), ((3,), (0,)))": 1.3059266612928267e-17,
    "(((7,), (0,)), ((4,), (0,)))": 5.0020187322109944e-17,
    "(((7,), (0,)), ((5,), (0,)))": -9.250762092620638e-18,
    "(((7,), (0,)), ((6,), (0,)))": 3.243255439526565e-18,
    "(((7,), (0,)), ((7,), (0,)))": -0.015926217036550856,
    "(((7,), (0,)), ((8,), (0,)))": -2.5825139566571616e-18,
    "(((8,), (0,)), ((0,), (0,)))": -1.0894055309486653e-18,
    "(((8,), (0,)), ((1,), (0,)))": 5.493340391906202e-20,
    "(((8,), (0,)), ((2,), (0,)))": -1.754983494512274e-17,
    "(((8,), (0,)), ((3,), (0,)))": 6.852707093395154e-17,
    "(((8,), (0,)), ((4,), (0,)))": -5.273293933866689e-17,
    "(((8,), (0,)), ((5,), (0,)))": 5.89736702580601e-18,
    "(((8,), (0,)), ((6,), (0,)))": 5.4084204422977365e-18,
    "(((8,), (0,)), ((7,), (0,)))": -2.2132195890017325e-18,
    "(((8,), (0,)), ((8,), (0,)))": -0.01592621703655092
  }
}