{
  "E": -195.99545229701536,
  "sol": {
    "(((), ()), ((), ()))": 0.8588268684740374,
    "(((0,), (0,)), ((), ()))": -2.2176652525005697e-05,
    "(((), ()), ((0,), (0,)))": -2.2176652525005697e-05,
    "(((1,), (0,)), ((), ()))": -4.093876813150882e-15,
    "(((), ()), ((1,), (0,)))": -4.093876813150882e-15,
    "(((2,), (0,)), ((), ()))": 2.344067059413279e-15,
    "(((), ()), ((2,), (0,)))": 2.344067059413279e-15,
    "(((3,), (0,)), ((), ()))": 0.0211200642682499,
    "(((), ()), ((3,), (0,)))": 0.0211200642682499,
    "(((4,), (0,)), ((), ()))": 2.7373560572775413e-17,
    "(((), ()), ((4,), (0,)))": 2.7373560572775413e-17,
    "(((5,), (0,)), ((), ()))": -1.1770555744100435e-16,
    "(((), ()), ((5,), (0,)))": -1.1770555744100435e-16,
    "(((6,), (0,)), ((), ()))": 1.381794437005266e-16,
    "(((), ()), ((6,), (0,)))": 1.381794437005266e-16,
    "(((7,), (0,)), ((), ()))": -1.6993002010305356e-16,
    "(((), ()), ((7,), (0,)))": -1.6993002010305356e-16,
    "(((8,), (0,)), ((), ()))": 6.372225614984311e-15,
    "(((), ()), ((8,), (0,)))": 6.372225614984311e-15,
    "(((0,), (0,)), ((0,), (0,)))": -9.703663304905146e-05,
    "(((0,), (0,)), ((1,), (0,)))": -6.922909256386708e-16,
    "(((0,), (0,)), ((2,), (0,)))": -4.444960553526481e-14,
    "(((0,), (0,)), ((3,), (0,)))": -0.0003004289230808774,
    "(((0,), (0,)), ((4,), (0,)))": -4.047038446606322e-20,
    "(((0,), (0,)), ((5,), (0,)))": 9.739197211336938e-22,
    "(((0,), (0,)), ((6,), (0,)))": 7.837953375901896e-20,
    "(((0,), (0,)), ((7,), (0,)))": -6.70121717538817e-20,
    "(((0,), (0,)), ((8,), (0,)))": -2.6487360363493538e-14,
    "(((1,), (0,)), ((0,), (0,)))": -6.923020877426821e-16,
    "(((1,), (0,)), ((1,), (0,)))": -9.312082521270064e-05,
    "(((1,), (0,)), ((2,), (0,)))": 0.00024063725608834945,
    "(((1,), (0,)), ((3,), (0,)))": -5.531957692180198e-14,
    "(((1,), (0,)), ((4,), (0,)))": 1.466042011757624e-19,
    "(((1,), (0,)), ((5,), (0,)))": -6.534604599344908e-20,
    "(((1,), (0,)), ((6,), (0,)))": -1.4429202397039298e-19,
    "(((1,), (0,)), ((7,), (0,)))": 9.547141235899137e-19,
    "(((1,), (0,)), ((8,), (0,)))": 0.00014381569668490718,
    "(((2,), (0,)), ((0,), (0,)))": -4.4449546564406926e-14,
    "(((2,), (0,)), ((1,), (0,)))": 0.00024063725608834956,
    "(((2,), (0,)), ((2,), (0,)))": -0.007262045404511624,
    "(((2,), (0,)), ((3,), (0,)))": -5.36445345954316e-15,
    "(((2,), (0,)), ((4,), (0,)))": -1.9670326416383366e-17,
    "(((2,), (0,)), ((5,), (0,)))": 2.140195312873292e-18,
    "(((2,), (0,)), ((6,), (0,)))": 2.5848318732074212e-17,
    "(((2,), (0,)), ((7,), (0,)))": -2.84236132354074e-17,
    "(((2,), (0,)), ((8,), (0,)))": -0.01908839784355956,
    "(((3,), (0,)), ((0,), (0,)))": -0.0003004289230808774,
    "(((3,), (0,)), ((1,), (0,)))": -5.5319585064291006e-14,
    "(((3,), (0,)), ((2,), (0,)))": -5.363301973990665e-15,
    "(((3,), (0,)), ((3,), (0,)))": -0.015335848604179896,
    "(((3,), (0,)), ((4,), (0,)))": -3.528406690203026e-18,
    "(((3,), (0,)), ((5,), (0,)))": -2.983535993322381e-18,
    "(((3,), (0,)), ((6,), (0,)))": 3.9523465956651926e-20,
    "(((3,), (0,)), ((7,), (0,)))": -8.173683020123757e-18,
    "(((3,), (0,)), ((8,), (0,)))": 6.242170446815295e-15,
    "(((4,), (0,)), ((0,), (0,)))": -4.0470384466063197e-20,
    "(((4,), (0,)), ((1,), (0,)))": 1.466042011757623e-19,
    "(((4,), (0,)), ((2,), (0,)))": -1.9670326416383363e-17,
    "(((4,), (0,)), ((3,), (0,)))": -3.528406690203026e-18,
    "(((4,), (0,)), ((4,), (0,)))": 0.007405108570397768,
    "(((4,), (0,)), ((5,), (0,)))": 1.9992313701413084e-16,
    "(((4,), (0,)), ((6,), (0,)))": 2.901355024677423e-14,
    "(((4,), (0,)), ((7,), (0,)))": -1.1188564622748917e-14,
    "(((4,), (0,)), ((8,), (0,)))": -6.224538669378423e-16,
    "(((5,), (0,)), ((0,), (0,)))": 9.73919721133748e-22,
    "(((5,), (0,)), ((1,), (0,)))": -6.534604599344906e-20,
    "(((5,), (0,)), ((2,), (0,)))": 2.1401953128732923e-18,
    "(((5,), (0,)), ((3,), (0,)))": -2.983535993322381e-18,
    "(((5,), (0,)), ((4,), (0,)))": 1.9994675651963896e-16,
    "(((5,), (0,)), ((5,), (0,)))": 0.007405108570397754,
    "(((5,), (0,)), ((6,), (0,)))": 1.017031534256116e-14,
    "(((5,), (0,)), ((7,), (0,)))": 2.86826554153065e-14,
    "(((5,), (0,)), ((8,), (0,)))": 2.0419627081314885e-17,
    "(((6,), (0,)), ((0,), (0,)))": 7.837953375901893e-20,
    "(((6,), (0,)), ((1,), (0,)))": -1.4429202397039283e-19,
    "(((6,), (0,)), ((2,), (0,)))": 2.5848318732074212e-17,
    "(((6,), (0,)), ((3,), (0,)))": 3.9523465956652696e-20,
    "(((6,), (0,)), ((4,), (0,)))": 2.90135862930328e-14,
    "(((6,), (0,)), ((5,), (0,)))": 1.0170258467672545e-14,
    "(((6,), (0,)), ((6,), (0,)))": -0.029251911657443404,
    "(((6,), (0,)), ((7,), (0,)))": -4.2160801422172997e-16,
    "(((6,), (0,)), ((8,), (0,)))": 8.290714062243032e-16,
    "(((7,), (0,)), ((0,), (0,)))": -6.701217175388196e-20,
    "(((7,), (0,)), ((1,), (0,)))": 9.54714123589913e-19,
    "(((7,), (0,)), ((2,), (0,)))": -2.84236132354074e-17,
    "(((7,), (0,)), ((3,), (0,)))": -8.17368302012376e-18,
    "(((7,), (0,)), ((4,), (0,)))": -1.1188596622931915e-14,
    "(((7,), (0,)), ((5,), (0,)))": 2.868249932462756e-14,
    "(((7,), (0,)), ((6,), (0,)))": -4.215946518268501e-16,
    "(((7,), (0,)), ((7,), (0,)))": -0.029251911657442935,
    "(((7,), (0,)), ((8,), (0,)))": 4.311327114472719e-16,
    "(((8,), (0,)), ((0,), (0,)))": -2.64873370074097e-14,
    "(((8,), (0,)), ((1,), (0,)))": 0.00014381569668490718,
    "(((8,), (0,)), ((2,), (0,)))": -0.01908839784355956,
    "(((8,), (0,)), ((3,), (0,)))": 6.242005440241569e-15,
    "(((8,), (0,)), ((4,), (0,)))": -6.224538669378423e-16,
    "(((8,), (0,)), ((5,), (0,)))": 2.0419627081314885e-17,
    "(((8,), (0,)), ((6,), (0,)))": 8.290714062243033e-16,
    "(((8,), (0,)), ((7,), (0,)))": 4.311327114472719e-16,
    "(((8,), (0,)), ((8,), (0,)))": -0.508612091515211
  }
}