{
  "E": -15.163753010565292,
  "sol": {
    "(((), ()), ((), ()))": 0.9882270791273859,
    "(((0,), (0,)), ((), ()))": 2.894055834249372e-17,
    "(((), ()), ((0,), (0,)))": 2.894055834249372e-17,
    "(((0,), (1,)), ((), ()))": 6.33300687102116e-18,
    "(((), ()), ((0,), (1,)))": 6.33300687102116e-18,
    "(((0,), (2,)), ((), ()))": 0.0003734414798804819,
    "(((), ()), ((0,), (2,)))": 0.0003734414798804819,
    "(((0,), (3,)), ((), ()))": 7.179983315655438e-05,
    "(((), ()), ((0,), (3,)))": 7.179983315655438e-05,
    "(((1,), (0,)), ((), ()))": 1.2054593426416615e-15,
    "(((), ()), ((1,), (0,)))": 1.2054593426416615e-15,
    "(((1,), (1,)), ((), ()))": 4.008965537611946e-17,
    "(((), ()), ((1,), (1,)))": 4.008965537611946e-17,
    "(((1,), (2,)), ((), ()))": -0.009727468700827474,
    "(((), ()), ((1,), (2,)))": -0.009727468700827474,
    "(((1,), (3,)), ((), ()))": -0.00022353660670043401,
    "(((), ()), ((1,), (3,)))": -0.00022353660670043401,
    "(((2,), (0,)), ((), ()))": -1.7984801049095732e-15,
    "(((), ()), ((2,), (0,)))": -1.7984801049095732e-15,
    "(((2,), (1,)), ((), ()))": -1.3129734383728225e-16,
    "(((), ()), ((2,), (1,)))": -1.3129734383728225e-16,
    "(((2,), (2,)), ((), ()))": 0.004914856148707938,
    "(((), ()), ((2,), (2,)))": 0.004914856148707938,
    "(((2,), (3,)), ((), ()))": -0.0028433166313092924,
    "(((), ()), ((2,), (3,)))": -0.0028433166313092924,
    "(((0,), (0,)), ((0,), (0,)))": -0.0013547990950101205,
    "(((0,), (0,)), ((0,), (1,)))": -2.190701158109687e-19,
    "(((0,), (0,)), ((0,), (2,)))": -1.424272089420982e-20,
    "(((0,), (0,)), ((0,), (3,)))": -9.582967291443097e-20,
    "(((0,), (0,)), ((1,), (0,)))": 0.0026105583788756737,
    "(((0,), (0,)), ((1,), (1,)))": 2.8683536056170934e-19,
    "(((0,), (0,)), ((1,), (2,)))": 3.0132848211981434e-20,
    "(((0,), (0,)), ((1,), (3,)))": 3.9602864864942684e-19,
    "(((0,), (0,)), ((2,), (0,)))": -0.0019331640307382763,
    "(((0,), (0,)), ((2,), (1,)))": -2.696162833596986e-19,
    "(((0,), (0,)), ((2,), (2,)))": -2.6976986758604926e-20,
    "(((0,), (0,)), ((2,), (3,)))": -4.528398658388605e-19,
    "(((0,), (1,)), ((0,), (0,)))": -2.316008869570341e-19,
    "(((0,), (1,)), ((0,), (1,)))": -0.0013547990950101192,
    "(((0,), (1,)), ((0,), (2,)))": 2.3495263749756666e-19,
    "(((0,), (1,)), ((0,), (3,)))": 1.7730079849321775e-19,
    "(((0,), (1,)), ((1,), (0,)))": 3.4155037838045414e-19,
    "(((0,), (1,)), ((1,), (1,)))": 0.002610558378875673,
    "(((0,), (1,)), ((1,), (2,)))": 5.2133524462442735e-20,
    "(((0,), (1,)), ((1,), (3,)))": -8.231940653638627e-19,
    "(((0,), (1,)), ((2,), (0,)))": -2.6623189082999207e-19,
    "(((0,), (1,)), ((2,), (1,)))": -0.001933164030738276,
    "(((0,), (1,)), ((2,), (2,)))": 1.4271976313062005e-18,
    "(((0,), (1,)), ((2,), (3,)))": 5.771991038172263e-19,
    "(((0,), (2,)), ((0,), (0,)))": -1.4242720894216368e-20,
    "(((0,), (2,)), ((0,), (1,)))": 2.349526374975682e-19,
    "(((0,), (2,)), ((0,), (2,)))": -0.0005022988255736079,
    "(((0,), (2,)), ((0,), (3,)))": -0.001093079689117725,
    "(((0,), (2,)), ((1,), (0,)))": 6.495555506405492e-19,
    "(((0,), (2,)), ((1,), (1,)))": -6.0368476188951545e-19,
    "(((0,), (2,)), ((1,), (2,)))": 0.0017289388115281088,
    "(((0,), (2,)), ((1,), (3,)))": -0.0021687551086674497,
    "(((0,), (2,)), ((2,), (0,)))": -1.4482927659359797e-18,
    "(((0,), (2,)), ((2,), (1,)))": 6.927820026262312e-19,
    "(((0,), (2,)), ((2,), (2,)))": 0.00047688069929088643,
    "(((0,), (2,)), ((2,), (3,)))": -0.0008288419110685419,
    "(((0,), (3,)), ((0,), (0,)))": -9.582967291442635e-20,
    "(((0,), (3,)), ((0,), (1,)))": 1.7730079849321707e-19,
    "(((0,), (3,)), ((0,), (2,)))": -0.001093079689117721,
    "(((0,), (3,)), ((0,), (3,)))": -0.00290559099980074,
    "(((0,), (3,)), ((1,), (0,)))": -2.2953194788973754e-19,
    "(((0,), (3,)), ((1,), (1,)))": -1.7306723473482443e-19,
    "(((0,), (3,)), ((1,), (2,)))": -0.00045103284122162564,
    "(((0,), (3,)), ((1,), (3,)))": -0.00036057501332068686,
    "(((0,), (3,)), ((2,), (0,)))": -7.470691977498238e-19,
    "(((0,), (3,)), ((2,), (1,)))": 3.135413500543434e-20,
    "(((0,), (3,)), ((2,), (2,)))": 0.0003026159179989464,
    "(((0,), (3,)), ((2,), (3,)))": 1.579311780870172e-05,
    "(((1,), (0,)), ((0,), (0,)))": 0.0026105583788756733,
    "(((1,), (0,)), ((0,), (1,)))": 6.100917075559729e-19,
    "(((1,), (0,)), ((0,), (2,)))": 6.495555506405184e-19,
    "(((1,), (0,)), ((0,), (3,)))": -2.295319478897283e-19,
    "(((1,), (0,)), ((1,), (0,)))": -0.04586011962516823,
    "(((1,), (0,)), ((1,), (1,)))": -1.0691734095239106e-17,
    "(((1,), (0,)), ((1,), (2,)))": -5.933727710319302e-18,
    "(((1,), (0,)), ((1,), (3,)))": -2.4450627955255776e-18,
    "(((1,), (0,)), ((2,), (0,)))": 0.029328056759646552,
    "(((1,), (0,)), ((2,), (1,)))": 2.2270822313259064e-18,
    "(((1,), (0,)), ((2,), (2,)))": 1.3252426279944002e-17,
    "(((1,), (0,)), ((2,), (3,)))": -9.780263840976753e-19,
    "(((1,), (1,)), ((0,), (0,)))": 1.3088120095822358e-19,
    "(((1,), (1,)), ((0,), (1,)))": 0.002610558378875673,
    "(((1,), (1,)), ((0,), (2,)))": -6.036847618895167e-19,
    "(((1,), (1,)), ((0,), (3,)))": -1.730672347348277e-19,
    "(((1,), (1,)), ((1,), (0,)))": -4.471005472150002e-18,
    "(((1,), (1,)), ((1,), (1,)))": -0.045860119625168186,
    "(((1,), (1,)), ((1,), (2,)))": -3.426541640802887e-18,
    "(((1,), (1,)), ((1,), (3,)))": 8.067490970261966e-18,
    "(((1,), (1,)), ((2,), (0,)))": 5.188428052438471e-18,
    "(((1,), (1,)), ((2,), (1,)))": 0.029328056759646542,
    "(((1,), (1,)), ((2,), (2,)))": -7.943461532780231e-18,
    "(((1,), (1,)), ((2,), (3,)))": 9.743908252325894e-19,
    "(((1,), (2,)), ((0,), (0,)))": 3.013284821200185e-20,
    "(((1,), (2,)), ((0,), (1,)))": 5.2133524462443987e-20,
    "(((1,), (2,)), ((0,), (2,)))": 0.001728938811528106,
    "(((1,), (2,)), ((0,), (3,)))": -0.0004510328412216482,
    "(((1,), (2,)), ((1,), (0,)))": -5.933727710319179e-18,
    "(((1,), (2,)), ((1,), (1,)))": -3.4265416408028997e-18,
    "(((1,), (2,)), ((1,), (2,)))": -0.03056734677543468,
    "(((1,), (2,)), ((1,), (3,)))": 0.029592055464367294,
    "(((1,), (2,)), ((2,), (0,)))": 3.473574906827722e-17,
    "(((1,), (2,)), ((2,), (1,)))": 3.9954492920501664e-19,
    "(((1,), (2,)), ((2,), (2,)))": -0.005901368202315001,
    "(((1,), (2,)), ((2,), (3,)))": 0.007141965872937889,
    "(((1,), (3,)), ((0,), (0,)))": 3.960286486494384e-19,
    "(((1,), (3,)), ((0,), (1,)))": -8.231940653638622e-19,
    "(((1,), (3,)), ((0,), (2,)))": -0.0021687551086674323,
    "(((1,), (3,)), ((0,), (3,)))": -0.0003605750133206918,
    "(((1,), (3,)), ((1,), (0,)))": -2.445062795525633e-18,
    "(((1,), (3,)), ((1,), (1,)))": 8.067490970261966e-18,
    "(((1,), (3,)), ((1,), (2,)))": 0.029592055464367273,
    "(((1,), (3,)), ((1,), (3,)))": -0.03076454894748438,
    "(((1,), (3,)), ((2,), (0,)))": -2.280239573974482e-18,
    "(((1,), (3,)), ((2,), (1,)))": -4.228003682742071e-18,
    "(((1,), (3,)), ((2,), (2,)))": 0.008552279261517758,
    "(((1,), (3,)), ((2,), (3,)))": -0.0034456466564959784,
    "(((2,), (0,)), ((0,), (0,)))": -0.0019331640307382763,
    "(((2,), (0,)), ((0,), (1,)))": -2.6802961514032647e-19,
    "(((2,), (0,)), ((0,), (2,)))": -1.4482927659359705e-18,
    "(((2,), (0,)), ((0,), (3,)))": -7.470691977498407e-19,
    "(((2,), (0,)), ((1,), (0,)))": 0.029328056759646545,
    "(((2,), (0,)), ((1,), (1,)))": 4.541770461748284e-18,
    "(((2,), (0,)), ((1,), (2,)))": 3.473574906827728e-17,
    "(((2,), (0,)), ((1,), (3,)))": -2.2802395739746175e-18,
    "(((2,), (0,)), ((2,), (0,)))": -0.024323629512691722,
    "(((2,), (0,)), ((2,), (1,)))": -4.354029265699186e-18,
    "(((2,), (0,)), ((2,), (2,)))": 1.8709170266709522e-17,
    "(((2,), (0,)), ((2,), (3,)))": 8.371951341445016e-18,
    "(((2,), (1,)), ((0,), (0,)))": -2.374738195677141e-19,
    "(((2,), (1,)), ((0,), (1,)))": -0.001933164030738276,