{
  "E": -14.738441888522484,
  "sol": {
    "(((), ()), ((), ()))": 0.9883876732892387,
    "(((0,), (0,)), ((), ()))": -2.048455490798793e-17,
    "(((), ()), ((0,), (0,)))": -2.048455490798793e-17,
    "(((0,), (1,)), ((), ()))": -4.15654187207528e-17,
    "(((), ()), ((0,), (1,)))": -4.15654187207528e-17,
    "(((0,), (2,)), ((), ()))": 0.0003335826600039961,
    "(((), ()), ((0,), (2,)))": 0.0003335826600039961,
    "(((0,), (3,)), ((), ()))": -1.4538712945787894e-16,
    "(((), ()), ((0,), (3,)))": -1.4538712945787894e-16,
    "(((1,), (0,)), ((), ()))": 2.5691320426544655e-18,
    "(((), ()), ((1,), (0,)))": 2.5691320426544655e-18,
    "(((1,), (1,)), ((), ()))": 3.833513741367661e-18,
    "(((), ()), ((1,), (1,)))": 3.833513741367661e-18,
    "(((1,), (2,)), ((), ()))": 4.711789776470964e-16,
    "(((), ()), ((1,), (2,)))": 4.711789776470964e-16,
    "(((1,), (3,)), ((), ()))": -0.0028230705028202997,
    "(((), ()), ((1,), (3,)))": -0.0028230705028202997,
    "(((2,), (0,)), ((), ()))": 2.4331174269085685e-16,
    "(((), ()), ((2,), (0,)))": 2.4331174269085685e-16,
    "(((2,), (1,)), ((), ()))": -1.327201356677811e-15,
    "(((), ()), ((2,), (1,)))": -1.327201356677811e-15,
    "(((2,), (2,)), ((), ()))": 0.010232831479461411,
    "(((), ()), ((2,), (2,)))": 0.010232831479461411,
    "(((2,), (3,)), ((), ()))": -3.0434184283602136e-16,
    "(((), ()), ((2,), (3,)))": -3.0434184283602136e-16,
    "(((0,), (0,)), ((0,), (0,)))": -0.0011174433954367386,
    "(((0,), (0,)), ((0,), (1,)))": -2.1062703254292052e-19,
    "(((0,), (0,)), ((0,), (2,)))": -3.6616127209109176e-19,
    "(((0,), (0,)), ((0,), (3,)))": -3.3300634948999935e-19,
    "(((0,), (0,)), ((1,), (0,)))": 4.6056661507642033e-17,
    "(((0,), (0,)), ((1,), (1,)))": -4.6640555916950515e-20,
    "(((0,), (0,)), ((1,), (2,)))": 1.549306037932488e-20,
    "(((0,), (0,)), ((1,), (3,)))": -4.670420687015677e-19,
    "(((0,), (0,)), ((2,), (0,)))": -0.0035625395439893,
    "(((0,), (0,)), ((2,), (1,)))": -8.843022097322005e-19,
    "(((0,), (0,)), ((2,), (2,)))": -9.790822230394998e-19,
    "(((0,), (0,)), ((2,), (3,)))": -8.070708061709695e-19,
    "(((0,), (1,)), ((0,), (0,)))": -2.4789043162188476e-19,
    "(((0,), (1,)), ((0,), (1,)))": -0.0011174433954367394,
    "(((0,), (1,)), ((0,), (2,)))": 3.810506498536478e-19,
    "(((0,), (1,)), ((0,), (3,)))": 2.515266716761623e-19,
    "(((0,), (1,)), ((1,), (0,)))": 3.104076218601168e-20,
    "(((0,), (1,)), ((1,), (1,)))": 4.6047583819849154e-17,
    "(((0,), (1,)), ((1,), (2,)))": -5.377980779827168e-19,
    "(((0,), (1,)), ((1,), (3,)))": -7.671855230333077e-19,
    "(((0,), (1,)), ((2,), (0,)))": -8.486991572925677e-19,
    "(((0,), (1,)), ((2,), (1,)))": -0.003562539543989304,
    "(((0,), (1,)), ((2,), (2,)))": -1.2060034831172159e-19,
    "(((0,), (1,)), ((2,), (3,)))": 4.2096901537596377e-19,
    "(((0,), (2,)), ((0,), (0,)))": -3.6616127209109195e-19,
    "(((0,), (2,)), ((0,), (1,)))": 3.8105064985364933e-19,
    "(((0,), (2,)), ((0,), (2,)))": -0.0012923154168492956,
    "(((0,), (2,)), ((0,), (3,)))": -2.1426330413116822e-17,
    "(((0,), (2,)), ((1,), (0,)))": 4.7028266119942296e-21,
    "(((0,), (2,)), ((1,), (1,)))": -3.229885870207624e-19,
    "(((0,), (2,)), ((1,), (2,)))": -2.7510150556849108e-17,
    "(((0,), (2,)), ((1,), (3,)))": -0.001770878195009576,
    "(((0,), (2,)), ((2,), (0,)))": 8.340735918845242e-20,
    "(((0,), (2,)), ((2,), (1,)))": 2.2830558481205222e-18,
    "(((0,), (2,)), ((2,), (2,)))": -0.0006958200502217723,
    "(((0,), (2,)), ((2,), (3,)))": -5.831036759885385e-17,
    "(((0,), (3,)), ((0,), (0,)))": -3.330063494899942e-19,
    "(((0,), (3,)), ((0,), (1,)))": 2.515266716761963e-19,
    "(((0,), (3,)), ((0,), (2,)))": 4.220337504159859e-18,
    "(((0,), (3,)), ((0,), (3,)))": -0.00026211800329324224,
    "(((0,), (3,)), ((1,), (0,)))": 3.0280141174734494e-20,
    "(((0,), (3,)), ((1,), (1,)))": 3.64964811700596e-19,
    "(((0,), (3,)), ((1,), (2,)))": -0.0011647676944748719,
    "(((0,), (3,)), ((1,), (3,)))": 3.439071948355543e-17,
    "(((0,), (3,)), ((2,), (0,)))": -7.68279697604738e-19,
    "(((0,), (3,)), ((2,), (1,)))": 4.546078915488584e-19,
    "(((0,), (3,)), ((2,), (2,)))": -2.934447786031633e-18,
    "(((0,), (3,)), ((2,), (3,)))": -0.0008781773017636864,
    "(((1,), (0,)), ((0,), (0,)))": 4.626326717699339e-17,
    "(((1,), (0,)), ((0,), (1,)))": -2.221286816650796e-19,
    "(((1,), (0,)), ((0,), (2,)))": 4.702826611995626e-21,
    "(((1,), (0,)), ((0,), (3,)))": 3.0280141174736035e-20,
    "(((1,), (0,)), ((1,), (0,)))": -0.0059023063802376725,
    "(((1,), (0,)), ((1,), (1,)))": 8.75189093163395e-19,
    "(((1,), (0,)), ((1,), (2,)))": -1.2516199195473799e-17,
    "(((1,), (0,)), ((1,), (3,)))": -2.0198787395238786e-18,
    "(((1,), (0,)), ((2,), (0,)))": 1.0518418760169593e-15,
    "(((1,), (0,)), ((2,), (1,)))": 1.1464484090241687e-19,
    "(((1,), (0,)), ((2,), (2,)))": -1.9144394007636396e-18,
    "(((1,), (0,)), ((2,), (3,)))": -4.167652107826527e-18,
    "(((1,), (1,)), ((0,), (0,)))": 2.476490940901816e-19,
    "(((1,), (1,)), ((0,), (1,)))": 4.6277947623878905e-17,
    "(((1,), (1,)), ((0,), (2,)))": -3.229885870207972e-19,
    "(((1,), (1,)), ((0,), (3,)))": 3.649648117005806e-19,
    "(((1,), (1,)), ((1,), (0,)))": -3.830396130838434e-19,
    "(((1,), (1,)), ((1,), (1,)))": -0.005902306380237693,
    "(((1,), (1,)), ((1,), (2,)))": 7.636769282691468e-18,
    "(((1,), (1,)), ((1,), (3,)))": -1.2819531850677907e-18,
    "(((1,), (1,)), ((2,), (0,)))": 1.9129770920305299e-19,
    "(((1,), (1,)), ((2,), (1,)))": 1.0529255242366636e-15,
    "(((1,), (1,)), ((2,), (2,)))": -2.161355074477127e-18,
    "(((1,), (1,)), ((2,), (3,)))": 1.0469474263334363e-18,
    "(((1,), (2,)), ((0,), (0,)))": 1.549306037932414e-20,
    "(((1,), (2,)), ((0,), (1,)))": -5.37798077982702e-19,
    "(((1,), (2,)), ((0,), (2,)))": -1.8339536397616426e-17,
    "(((1,), (2,)), ((0,), (3,)))": -0.0011647676944748497,
    "(((1,), (2,)), ((1,), (0,)))": -1.2516199195473815e-17,
    "(((1,), (2,)), ((1,), (1,)))": 7.636769282691542e-18,
    "(((1,), (2,)), ((1,), (2,)))": -0.05856137219750467,
    "(((1,), (2,)), ((1,), (3,)))": 7.783186654414922e-16,
    "(((1,), (2,)), ((2,), (0,)))": -1.336263903927908e-18,
    "(((1,), (2,)), ((2,), (1,)))": -9.492169284241163e-18,
    "(((1,), (2,)), ((2,), (2,)))": -5.8500741737880975e-16,
    "(((1,), (2,)), ((2,), (3,)))": -0.024351745494305063,
    "(((1,), (3,)), ((0,), (0,)))": -4.670420687015688e-19,
    "(((1,), (3,)), ((0,), (1,)))": -7.671855230333023e-19,
    "(((1,), (3,)), ((0,), (2,)))": -0.0017708781950096226,
    "(((1,), (3,)), ((0,), (3,)))": 4.015925857903308e-17,
    "(((1,), (3,)), ((1,), (0,)))": -2.019878739523865e-18,
    "(((1,), (3,)), ((1,), (1,)))": -1.2819531850677681e-18,
    "(((1,), (3,)), ((1,), (2,)))": 1.0186210445418895e-15,
    "(((1,), (3,)), ((1,), (3,)))": -0.021002534037147885,
    "(((1,), (3,)), ((2,), (0,)))": -5.2072276918728145e-18,
    "(((1,), (3,)), ((2,), (1,)))": -1.7059170475423808e-18,
    "(((1,), (3,)), ((2,), (2,)))": -0.026985665296974905,
    "(((1,), (3,)), ((2,), (3,)))": 2.0843983152297067e-16,
    "(((2,), (0,)), ((0,), (0,)))": -0.0035625395439892998,
    "(((2,), (0,)), ((0,), (1,)))": -9.037415600482612e-19,
    "(((2,), (0,)), ((0,), (2,)))": 8.340735918844693e-20,
    "(((2,), (0,)), ((0,), (3,)))": -7.682796976047407e-19,
    "(((2,), (0,)), ((1,), (0,)))": 1.048837150074564e-15,
    "(((2,), (0,)), ((1,), (1,)))": -1.0225134935345058e-18,
    "(((2,), (0,)), ((1,), (2,)))": -1.3362639039279324e-18,
    "(((2,), (0,)), ((1,), (3,)))": -5.20722769187281e-18,
    "(((2,), (0,)), ((2,), (0,)))": -0.08573841493256616,
    "(((2,), (0,)), ((2,), (1,)))": -3.8429736765104306e-17,
    "(((2,), (0,)), ((2,), (2,)))": -1.4663524180595464e-17,
    "(((2,), (0,)), ((2,), (3,)))": -1.1209647277062682e-17,
    "(((2,), (1,)), ((0,), (0,)))": -7.386131306029412e-19,