{
  "E": -15.589750230648436,
  "sol": {
    "(((), ()), ((), ()))": 0.9849987386120057,
    "(((0,), (0,)), ((), ()))": 7.574623807370855e-18,
    "(((), ()), ((0,), (0,)))": 7.574623807370855e-18,
    "(((0,), (1,)), ((), ()))": 2.9867873522078447e-18,
    "(((), ()), ((0,), (1,)))": 2.9867873522078447e-18,
    "(((0,), (2,)), ((), ()))": 0.0003478445942508516,
    "(((), ()), ((0,), (2,)))": 0.0003478445942508516,
    "(((0,), (3,)), ((), ()))": -9.819246035135113e-18,
    "(((), ()), ((0,), (3,)))": -9.819246035135113e-18,
    "(((1,), (0,)), ((), ()))": -4.816232325385454e-17,
    "(((), ()), ((1,), (0,)))": -4.816232325385454e-17,
    "(((1,), (1,)), ((), ()))": 4.869084461514873e-17,
    "(((), ()), ((1,), (1,)))": 4.869084461514873e-17,
    "(((1,), (2,)), ((), ()))": -0.01080764698620004,
    "(((), ()), ((1,), (2,)))": -0.01080764698620004,
    "(((1,), (3,)), ((), ()))": 1.4169775547439986e-17,
    "(((), ()), ((1,), (3,)))": 1.4169775547439986e-17,
    "(((2,), (0,)), ((), ()))": -1.462349351310571e-17,
    "(((), ()), ((2,), (0,)))": -1.462349351310571e-17,
    "(((2,), (1,)), ((), ()))": 7.375514096405802e-18,
    "(((), ()), ((2,), (1,)))": 7.375514096405802e-18,
    "(((2,), (2,)), ((), ()))": -4.673114497076329e-16,
    "(((), ()), ((2,), (2,)))": -4.673114497076329e-16,
    "(((2,), (3,)), ((), ()))": -0.0035201445535355037,
    "(((), ()), ((2,), (3,)))": -0.0035201445535355037,
    "(((0,), (0,)), ((0,), (0,)))": -0.0015057061972269209,
    "(((0,), (0,)), ((0,), (1,)))": 2.6352145182469172e-20,
    "(((0,), (0,)), ((0,), (2,)))": -2.7394606034352025e-20,
    "(((0,), (0,)), ((0,), (3,)))": 1.2940641458803014e-19,
    "(((0,), (0,)), ((1,), (0,)))": 0.003062391278699571,
    "(((0,), (0,)), ((1,), (1,)))": 1.9347031562226184e-19,
    "(((0,), (0,)), ((1,), (2,)))": -2.859220373184743e-18,
    "(((0,), (0,)), ((1,), (3,)))": -3.491588395355016e-19,
    "(((0,), (0,)), ((2,), (0,)))": 1.718623302859392e-17,
    "(((0,), (0,)), ((2,), (1,)))": -1.8185365879314856e-20,
    "(((0,), (0,)), ((2,), (2,)))": 3.2492868458582663e-19,
    "(((0,), (0,)), ((2,), (3,)))": 3.7128555591333454e-19,
    "(((0,), (1,)), ((0,), (0,)))": -5.395487498411324e-20,
    "(((0,), (1,)), ((0,), (1,)))": -0.0015057061972269207,
    "(((0,), (1,)), ((0,), (2,)))": 4.510676908744413e-19,
    "(((0,), (1,)), ((0,), (3,)))": 1.4537324735847374e-19,
    "(((0,), (1,)), ((1,), (0,)))": -1.2026566990323145e-19,
    "(((0,), (1,)), ((1,), (1,)))": 0.0030623912786995715,
    "(((0,), (1,)), ((1,), (2,)))": 3.424930194151475e-18,
    "(((0,), (1,)), ((1,), (3,)))": -3.2745035604216834e-19,
    "(((0,), (1,)), ((2,), (0,)))": 2.1041851097481922e-20,
    "(((0,), (1,)), ((2,), (1,)))": 1.7202129992643576e-17,
    "(((0,), (1,)), ((2,), (2,)))": -3.6927664500511743e-19,
    "(((0,), (1,)), ((2,), (3,)))": -4.870587580437254e-19,
    "(((0,), (2,)), ((0,), (0,)))": -2.739460603434817e-20,
    "(((0,), (2,)), ((0,), (1,)))": 4.510676908744382e-19,
    "(((0,), (2,)), ((0,), (2,)))": -0.0019824855363743945,
    "(((0,), (2,)), ((0,), (3,)))": 3.3105324476786635e-18,
    "(((0,), (2,)), ((1,), (0,)))": -2.8726888260725113e-18,
    "(((0,), (2,)), ((1,), (1,)))": 2.0190029496894427e-18,
    "(((0,), (2,)), ((1,), (2,)))": -0.0008934008914907258,
    "(((0,), (2,)), ((1,), (3,)))": 6.835523432969524e-18,
    "(((0,), (2,)), ((2,), (0,)))": -6.19816421541492e-20,
    "(((0,), (2,)), ((2,), (1,)))": 1.0809327159046079e-19,
    "(((0,), (2,)), ((2,), (2,)))": -3.142669720077017e-17,
    "(((0,), (2,)), ((2,), (3,)))": 0.0004893490538671955,
    "(((0,), (3,)), ((0,), (0,)))": 1.2940641458803076e-19,
    "(((0,), (3,)), ((0,), (1,)))": 1.4537324735847323e-19,
    "(((0,), (3,)), ((0,), (2,)))": 3.0608287510281e-18,
    "(((0,), (3,)), ((0,), (3,)))": -0.0017025010352514644,
    "(((0,), (3,)), ((1,), (0,)))": -2.6020038865743535e-19,
    "(((0,), (3,)), ((1,), (1,)))": -4.05218109673472e-19,
    "(((0,), (3,)), ((1,), (2,)))": 1.1245312157865983e-17,
    "(((0,), (3,)), ((1,), (3,)))": 0.0013827003561567611,
    "(((0,), (3,)), ((2,), (0,)))": 2.0553890000165359e-19,
    "(((0,), (3,)), ((2,), (1,)))": -1.7486221450760267e-19,
    "(((0,), (3,)), ((2,), (2,)))": 0.0002908983951612353,
    "(((0,), (3,)), ((2,), (3,)))": -2.838792621154426e-18,
    "(((1,), (0,)), ((0,), (0,)))": 0.003062391278699571,
    "(((1,), (0,)), ((0,), (1,)))": 2.295491041268281e-19,
    "(((1,), (0,)), ((0,), (2,)))": -2.8726888260725128e-18,
    "(((1,), (0,)), ((0,), (3,)))": -2.602003886574374e-19,
    "(((1,), (0,)), ((1,), (0,)))": -0.05244356670873525,
    "(((1,), (0,)), ((1,), (1,)))": 8.738526332678213e-18,
    "(((1,), (0,)), ((1,), (2,)))": 3.4582163419660414e-19,
    "(((1,), (0,)), ((1,), (3,)))": 6.883914905794509e-18,
    "(((1,), (0,)), ((2,), (0,)))": -2.5920178714260713e-16,
    "(((1,), (0,)), ((2,), (1,)))": -1.072929821751345e-18,
    "(((1,), (0,)), ((2,), (2,)))": -8.405656366720078e-18,
    "(((1,), (0,)), ((2,), (3,)))": 3.135097176969004e-17,
    "(((1,), (1,)), ((0,), (0,)))": -2.6601457302577836e-19,
    "(((1,), (1,)), ((0,), (1,)))": 0.0030623912786995715,
    "(((1,), (1,)), ((0,), (2,)))": 2.0190029496894435e-18,
    "(((1,), (1,)), ((0,), (3,)))": -4.0521810967347303e-19,
    "(((1,), (1,)), ((1,), (0,)))": 6.890522464023281e-18,
    "(((1,), (1,)), ((1,), (1,)))": -0.05244356670873525,
    "(((1,), (1,)), ((1,), (2,)))": -3.7836031000666936e-17,
    "(((1,), (1,)), ((1,), (3,)))": 1.747550153976568e-18,
    "(((1,), (1,)), ((2,), (0,)))": 9.715625882520613e-19,
    "(((1,), (1,)), ((2,), (1,)))": -2.576921946285516e-16,
    "(((1,), (1,)), ((2,), (2,)))": 1.2415588205013348e-17,
    "(((1,), (1,)), ((2,), (3,)))": -1.1531394409838661e-17,
    "(((1,), (2,)), ((0,), (0,)))": -2.859220373184743e-18,
    "(((1,), (2,)), ((0,), (1,)))": 3.4249301941514764e-18,
    "(((1,), (2,)), ((0,), (2,)))": -0.0008934008914907264,
    "(((1,), (2,)), ((0,), (3,)))": 9.778679439718139e-18,
    "(((1,), (2,)), ((1,), (0,)))": 3.4582163419658873e-19,
    "(((1,), (2,)), ((1,), (1,)))": -3.7836031000666936e-17,
    "(((1,), (2,)), ((1,), (2,)))": -0.062485290229236094,
    "(((1,), (2,)), ((1,), (3,)))": -4.86774553201749e-16,
    "(((1,), (2,)), ((2,), (0,)))": -7.916347868132498e-18,
    "(((1,), (2,)), ((2,), (1,)))": 1.1942022188081769e-17,
    "(((1,), (2,)), ((2,), (2,)))": 2.5796498413846055e-16,
    "(((1,), (2,)), ((2,), (3,)))": 0.05351566900155097,
    "(((1,), (3,)), ((0,), (0,)))": -3.491588395355004e-19,
    "(((1,), (3,)), ((0,), (1,)))": -3.2745035604216666e-19,
    "(((1,), (3,)), ((0,), (2,)))": 6.248108896832185e-18,
    "(((1,), (3,)), ((0,), (3,)))": 0.0013827003561567618,
    "(((1,), (3,)), ((1,), (0,)))": 6.883914905794536e-18,
    "(((1,), (3,)), ((1,), (1,)))": 1.747550153976566e-18,
    "(((1,), (3,)), ((1,), (2,)))": -5.369303415804359e-16,
    "(((1,), (3,)), ((1,), (3,)))": -0.03073312943731724,
    "(((1,), (3,)), ((2,), (0,)))": 2.579044027586961e-17,
    "(((1,), (3,)), ((2,), (1,)))": -1.502225834220865e-17,
    "(((1,), (3,)), ((2,), (2,)))": 0.04601422848705809,
    "(((1,), (3,)), ((2,), (3,)))": -2.847767511432529e-16,
    "(((2,), (0,)), ((0,), (0,)))": 1.7102106685741653e-17,
    "(((2,), (0,)), ((0,), (1,)))": -8.034951315765122e-20,
    "(((2,), (0,)), ((0,), (2,)))": -6.198164215414968e-20,
    "(((2,), (0,)), ((0,), (3,)))": 2.0553890000165272e-19,
    "(((2,), (0,)), ((1,), (0,)))": -2.5934038167578237e-16,
    "(((2,), (0,)), ((1,), (1,)))": 1.3234150827515003e-19,
    "(((2,), (0,)), ((1,), (2,)))": -7.91634786813247e-18,
    "(((2,), (0,)), ((1,), (3,)))": 2.5790440275869598e-17,
    "(((2,), (0,)), ((2,), (0,)))": -4.9493154255043914e-05,
    "(((2,), (0,)), ((2,), (1,)))": -1.8028734741467745e-18,
    "(((2,), (0,)), ((2,), (2,)))": -4.792540841767522e-17,
    "(((2,), (0,)), ((2,), (3,)))": 7.815292817774356e-18,
    "(((2,), (1,)), ((0,), (0,)))": 7.693967945168966e-20,
    "(((2,), (1,)), ((0,), (1,)))": 1.7117430517942252e-17,