{
  "E": -15.591992551399672,
  "sol": {
    "(((), ()), ((), ()))": 0.9859353300176518,
    "(((0,), (0,)), ((), ()))": 1.2639994958382703e-18,
    "(((), ()), ((0,), (0,)))": 1.2639994958382703e-18,
    "(((0,), (1,)), ((), ()))": -3.783016853515945e-17,
    "(((), ()), ((0,), (1,)))": -3.783016853515945e-17,
    "(((0,), (2,)), ((), ()))": 0.00034563042507468697,
    "(((), ()), ((0,), (2,)))": 0.00034563042507468697,
    "(((0,), (3,)), ((), ()))": 2.4031416678935415e-05,
    "(((), ()), ((0,), (3,)))": 2.4031416678935415e-05,
    "(((1,), (0,)), ((), ()))": -2.259026456831292e-16,
    "(((), ()), ((1,), (0,)))": -2.259026456831292e-16,
    "(((1,), (1,)), ((), ()))": -4.9118573700079337e-17,
    "(((), ()), ((1,), (1,)))": -4.9118573700079337e-17,
    "(((1,), (2,)), ((), ()))": -0.010408815746960768,
    "(((), ()), ((1,), (2,)))": -0.010408815746960768,
    "(((1,), (3,)), ((), ()))": 0.0002480454252263366,
    "(((), ()), ((1,), (3,)))": 0.0002480454252263366,
    "(((2,), (0,)), ((), ()))": -2.1500419200449804e-17,
    "(((), ()), ((2,), (0,)))": -2.1500419200449804e-17,
    "(((2,), (1,)), ((), ()))": 2.1500885122023438e-16,
    "(((), ()), ((2,), (1,)))": 2.1500885122023438e-16,
    "(((2,), (2,)), ((), ()))": -0.0016807647355633261,
    "(((), ()), ((2,), (2,)))": -0.0016807647355633261,
    "(((2,), (3,)), ((), ()))": -0.0034468969584685247,
    "(((), ()), ((2,), (3,)))": -0.0034468969584685247,
    "(((0,), (0,)), ((0,), (0,)))": -0.0015060516496530297,
    "(((0,), (0,)), ((0,), (1,)))": -4.535963810408288e-19,
    "(((0,), (0,)), ((0,), (2,)))": 1.911234359644211e-19,
    "(((0,), (0,)), ((0,), (3,)))": 5.92263773661688e-20,
    "(((0,), (0,)), ((1,), (0,)))": 0.003028338697172504,
    "(((0,), (0,)), ((1,), (1,)))": 2.655990233025236e-19,
    "(((0,), (0,)), ((1,), (2,)))": 4.347288884102281e-19,
    "(((0,), (0,)), ((1,), (3,)))": -5.2998240872241135e-20,
    "(((0,), (0,)), ((2,), (0,)))": 0.0005185567360318125,
    "(((0,), (0,)), ((2,), (1,)))": 8.871671229543712e-21,
    "(((0,), (0,)), ((2,), (2,)))": 3.212052055640835e-20,
    "(((0,), (0,)), ((2,), (3,)))": -2.0973772085219178e-19,
    "(((0,), (1,)), ((0,), (0,)))": 8.449680487871159e-20,
    "(((0,), (1,)), ((0,), (1,)))": -0.00150605164965303,
    "(((0,), (1,)), ((0,), (2,)))": -2.7782836082265016e-19,
    "(((0,), (1,)), ((0,), (3,)))": 5.905977652599364e-20,
    "(((0,), (1,)), ((1,), (0,)))": 2.457884805286587e-19,
    "(((0,), (1,)), ((1,), (1,)))": 0.0030283386971725044,
    "(((0,), (1,)), ((1,), (2,)))": 1.0073119647665306e-18,
    "(((0,), (1,)), ((1,), (3,)))": 4.203065981186824e-20,
    "(((0,), (1,)), ((2,), (0,)))": 8.903994417748355e-20,
    "(((0,), (1,)), ((2,), (1,)))": 0.0005185567360318124,
    "(((0,), (1,)), ((2,), (2,)))": -8.93684844003705e-19,
    "(((0,), (1,)), ((2,), (3,)))": 9.281305917313967e-19,
    "(((0,), (2,)), ((0,), (0,)))": 1.9112343596441928e-19,
    "(((0,), (2,)), ((0,), (1,)))": -2.7782836082265247e-19,
    "(((0,), (2,)), ((0,), (2,)))": -0.0019319018894615137,
    "(((0,), (2,)), ((0,), (3,)))": 1.3082432803401324e-05,
    "(((0,), (2,)), ((1,), (0,)))": -7.475016358547844e-19,
    "(((0,), (2,)), ((1,), (1,)))": 8.13939912905193e-20,
    "(((0,), (2,)), ((1,), (2,)))": -0.0008213470176391314,
    "(((0,), (2,)), ((1,), (3,)))": -0.00017356864697409659,
    "(((0,), (2,)), ((2,), (0,)))": -1.0999427746810781e-19,
    "(((0,), (2,)), ((2,), (1,)))": 2.487077872225934e-19,
    "(((0,), (2,)), ((2,), (2,)))": -0.00020462282861747122,
    "(((0,), (2,)), ((2,), (3,)))": 0.00044882150716480653,
    "(((0,), (3,)), ((0,), (0,)))": 5.922637736616913e-20,
    "(((0,), (3,)), ((0,), (1,)))": 5.905977652599319e-20,
    "(((0,), (3,)), ((0,), (2,)))": 1.3082432803403513e-05,
    "(((0,), (3,)), ((0,), (3,)))": -0.0017332734091460814,
    "(((0,), (3,)), ((1,), (0,)))": -1.561443397767021e-19,
    "(((0,), (3,)), ((1,), (1,)))": -1.9969061794294985e-19,
    "(((0,), (3,)), ((1,), (2,)))": -0.0001869746469317702,
    "(((0,), (3,)), ((1,), (3,)))": 0.001290920231674441,
    "(((0,), (3,)), ((2,), (0,)))": 2.8373772600345595e-20,
    "(((0,), (3,)), ((2,), (1,)))": 3.95454325864201e-19,
    "(((0,), (3,)), ((2,), (2,)))": 0.00031313799273222635,
    "(((0,), (3,)), ((2,), (3,)))": 0.00034458529751078235,
    "(((1,), (0,)), ((0,), (0,)))": 0.003028338697172503,
    "(((1,), (0,)), ((0,), (1,)))": 1.642792014241448e-19,
    "(((1,), (0,)), ((0,), (2,)))": -7.475016358547802e-19,
    "(((1,), (0,)), ((0,), (3,)))": -1.5614433977670147e-19,
    "(((1,), (0,)), ((1,), (0,)))": -0.05123804626241109,
    "(((1,), (0,)), ((1,), (1,)))": -6.544844188428818e-18,
    "(((1,), (0,)), ((1,), (2,)))": -2.2789481785698154e-17,
    "(((1,), (0,)), ((1,), (3,)))": -3.83197272659645e-18,
    "(((1,), (0,)), ((2,), (0,)))": -0.008552518779205388,
    "(((1,), (0,)), ((2,), (1,)))": -1.1092205994952048e-19,
    "(((1,), (0,)), ((2,), (2,)))": -3.355601955371285e-18,
    "(((1,), (0,)), ((2,), (3,)))": 1.7456622261064314e-17,
    "(((1,), (1,)), ((0,), (0,)))": 3.519461277324296e-19,
    "(((1,), (1,)), ((0,), (1,)))": 0.0030283386971725035,
    "(((1,), (1,)), ((0,), (2,)))": 8.139399129051844e-20,
    "(((1,), (1,)), ((0,), (3,)))": -1.996906179429514e-19,
    "(((1,), (1,)), ((1,), (0,)))": -7.760358407764058e-18,
    "(((1,), (1,)), ((1,), (1,)))": -0.05123804626241109,
    "(((1,), (1,)), ((1,), (2,)))": -3.3934598248156085e-17,
    "(((1,), (1,)), ((1,), (3,)))": -1.0260143378676289e-17,
    "(((1,), (1,)), ((2,), (0,)))": -2.1804136404164938e-18,
    "(((1,), (1,)), ((2,), (1,)))": -0.008552518779205386,
    "(((1,), (1,)), ((2,), (2,)))": 1.4413637679597024e-17,
    "(((1,), (1,)), ((2,), (3,)))": 9.081877989056403e-18,
    "(((1,), (2,)), ((0,), (0,)))": 4.347288884102256e-19,
    "(((1,), (2,)), ((0,), (1,)))": 1.0073119647665331e-18,
    "(((1,), (2,)), ((0,), (2,)))": -0.0008213470176391311,
    "(((1,), (2,)), ((0,), (3,)))": -0.0001869746469317694,
    "(((1,), (2,)), ((1,), (0,)))": -2.278948178569815e-17,
    "(((1,), (2,)), ((1,), (1,)))": -3.393459824815609e-17,
    "(((1,), (2,)), ((1,), (2,)))": -0.058500527162437616,
    "(((1,), (2,)), ((1,), (3,)))": -0.01571765447588555,
    "(((1,), (2,)), ((2,), (0,)))": -2.7464299037172892e-18,
    "(((1,), (2,)), ((2,), (1,)))": 9.303837361092222e-18,
    "(((1,), (2,)), ((2,), (2,)))": -0.0034371065097011182,
    "(((1,), (2,)), ((2,), (3,)))": 0.04797289412468504,
    "(((1,), (3,)), ((0,), (0,)))": -5.299824087224152e-20,
    "(((1,), (3,)), ((0,), (1,)))": 4.2030659811871227e-20,
    "(((1,), (3,)), ((0,), (2,)))": -0.00017356864697409772,
    "(((1,), (3,)), ((0,), (3,)))": 0.001290920231674441,
    "(((1,), (3,)), ((1,), (0,)))": -3.831972726596437e-18,
    "(((1,), (3,)), ((1,), (1,)))": -1.02601433786763e-17,
    "(((1,), (3,)), ((1,), (2,)))": -0.015717654475885537,
    "(((1,), (3,)), ((1,), (3,)))": -0.03061103246100564,
    "(((1,), (3,)), ((2,), (0,)))": 9.299951612052895e-18,
    "(((1,), (3,)), ((2,), (1,)))": 8.604375954366767e-18,
    "(((1,), (3,)), ((2,), (2,)))": 0.04103122928279296,
    "(((1,), (3,)), ((2,), (3,)))": 0.004879607036542031,
    "(((2,), (0,)), ((0,), (0,)))": 0.0005185567360318125,
    "(((2,), (0,)), ((0,), (1,)))": -8.639499345436469e-20,
    "(((2,), (0,)), ((0,), (2,)))": -1.099942774681071e-19,
    "(((2,), (0,)), ((0,), (3,)))": 2.837377260034579e-20,
    "(((2,), (0,)), ((1,), (0,)))": -0.008552518779205388,
    "(((2,), (0,)), ((1,), (1,)))": -1.3487330541533791e-18,
    "(((2,), (0,)), ((1,), (2,)))": -2.7464299037172935e-18,
    "(((2,), (0,)), ((1,), (3,)))": 9.299951612052893e-18,
    "(((2,), (0,)), ((2,), (0,)))": -0.0020416388876726907,
    "(((2,), (0,)), ((2,), (1,)))": 1.06850965475884e-18,
    "(((2,), (0,)), ((2,), (2,)))": -7.226050745903884e-18,
    "(((2,), (0,)), ((2,), (3,)))": 3.1706730224565378e-18,
    "(((2,), (1,)), ((0,), (0,)))": 1.6470657968160894e-19,
    "(((2,), (1,)), ((0,), (1,)))": 0.0005185567360318126,