{
  "E": -15.368567216947861,
  "sol": {
    "(((), ()), ((), ()))": 0.8925433157117391,
    "(((0,), (0,)), ((), ()))": 0.00022060970832795643,
    "(((), ()), ((0,), (0,)))": 0.00022060970832795643,
    "(((0,), (1,)), ((), ()))": -2.428111862358161e-19,
    "(((), ()), ((0,), (1,)))": -2.428111862358161e-19,
    "(((0,), (2,)), ((), ()))": -5.415373129440016e-20,
    "(((), ()), ((0,), (2,)))": -5.415373129440016e-20,
    "(((0,), (3,)), ((), ()))": 1.5210661725811586e-16,
    "(((), ()), ((0,), (3,)))": 1.5210661725811586e-16,
    "(((1,), (0,)), ((), ()))": -0.047632429304600904,
    "(((), ()), ((1,), (0,)))": -0.047632429304600904,
    "(((1,), (1,)), ((), ()))": -5.686312294928414e-17,
    "(((), ()), ((1,), (1,)))": -5.686312294928414e-17,
    "(((1,), (2,)), ((), ()))": 1.0856132460129505e-17,
    "(((), ()), ((1,), (2,)))": 1.0856132460129505e-17,
    "(((1,), (3,)), ((), ()))": -1.0861209129510232e-15,
    "(((), ()), ((1,), (3,)))": -1.0861209129510232e-15,
    "(((2,), (0,)), ((), ()))": 9.93424876833094e-16,
    "(((), ()), ((2,), (0,)))": 9.93424876833094e-16,
    "(((2,), (1,)), ((), ()))": 3.274354305068892e-16,
    "(((), ()), ((2,), (1,)))": 3.274354305068892e-16,
    "(((2,), (2,)), ((), ()))": -5.830445922712581e-17,
    "(((), ()), ((2,), (2,)))": -5.830445922712581e-17,
    "(((2,), (3,)), ((), ()))": -0.019647728324596127,
    "(((), ()), ((2,), (3,)))": -0.019647728324596127,
    "(((0,), (0,)), ((0,), (0,)))": -0.0012642630219693199,
    "(((0,), (0,)), ((0,), (1,)))": -4.331062851945151e-20,
    "(((0,), (0,)), ((0,), (2,)))": -5.96433147272787e-20,
    "(((0,), (0,)), ((0,), (3,)))": -3.2006021274276686e-17,
    "(((0,), (0,)), ((1,), (0,)))": -0.0009022920917932211,
    "(((0,), (0,)), ((1,), (1,)))": -1.6870855000110235e-18,
    "(((0,), (0,)), ((1,), (2,)))": 7.393764516535651e-19,
    "(((0,), (0,)), ((1,), (3,)))": -1.252381060895692e-17,
    "(((0,), (0,)), ((2,), (0,)))": -2.2899796739453156e-16,
    "(((0,), (0,)), ((2,), (1,)))": 3.292428324460107e-19,
    "(((0,), (0,)), ((2,), (2,)))": -6.414307583089426e-20,
    "(((0,), (0,)), ((2,), (3,)))": 4.7602069774229034e-05,
    "(((0,), (1,)), ((0,), (0,)))": -4.3310628519451223e-20,
    "(((0,), (1,)), ((0,), (1,)))": -0.001322751054629723,
    "(((0,), (1,)), ((0,), (2,)))": -4.3102519288752703e-19,
    "(((0,), (1,)), ((0,), (3,)))": 1.5756245791353478e-19,
    "(((0,), (1,)), ((1,), (0,)))": -1.1532981933490718e-18,
    "(((0,), (1,)), ((1,), (1,)))": 0.0029025635308725876,
    "(((0,), (1,)), ((1,), (2,)))": 7.263416209219023e-19,
    "(((0,), (1,)), ((1,), (3,)))": -5.936633150569761e-19,
    "(((0,), (1,)), ((2,), (0,)))": 1.8982436850378147e-19,
    "(((0,), (1,)), ((2,), (1,)))": 2.2515088090516675e-17,
    "(((0,), (1,)), ((2,), (2,)))": 3.121470346376673e-21,
    "(((0,), (1,)), ((2,), (3,)))": -5.666875394298131e-22,
    "(((0,), (2,)), ((0,), (0,)))": -5.964331472727823e-20,
    "(((0,), (2,)), ((0,), (1,)))": -2.798128482358637e-19,
    "(((0,), (2,)), ((0,), (2,)))": -0.0013227510546297214,
    "(((0,), (2,)), ((0,), (3,)))": -5.0105627811933625e-19,
    "(((0,), (2,)), ((1,), (0,)))": 9.332856209757422e-19,
    "(((0,), (2,)), ((1,), (1,)))": 6.65436464127184e-19,
    "(((0,), (2,)), ((1,), (2,)))": 0.002902563530872585,
    "(((0,), (2,)), ((1,), (3,)))": 1.1097278254195147e-18,
    "(((0,), (2,)), ((2,), (0,)))": 1.8848679640981615e-19,
    "(((0,), (2,)), ((2,), (1,)))": -1.071716506201077e-21,
    "(((0,), (2,)), ((2,), (2,)))": 2.250920205448335e-17,
    "(((0,), (2,)), ((2,), (3,)))": -5.670400339109237e-19,
    "(((0,), (3,)), ((0,), (0,)))": -3.201376894733087e-17,
    "(((0,), (3,)), ((0,), (1,)))": 1.575624579135348e-19,
    "(((0,), (3,)), ((0,), (2,)))": -5.010562781193369e-19,
    "(((0,), (3,)), ((0,), (3,)))": -0.0009556626762399088,
    "(((0,), (3,)), ((1,), (0,)))": -3.077705146336547e-17,
    "(((0,), (3,)), ((1,), (1,)))": -6.349977011074015e-19,
    "(((0,), (3,)), ((1,), (2,)))": 1.1271846298656589e-18,
    "(((0,), (3,)), ((1,), (3,)))": 0.002022811668986791,
    "(((0,), (3,)), ((2,), (0,)))": -0.00014588926856280108,
    "(((0,), (3,)), ((2,), (1,)))": -6.72071744870098e-20,
    "(((0,), (3,)), ((2,), (2,)))": -1.8957048957971741e-19,
    "(((0,), (3,)), ((2,), (3,)))": 4.1912204510410714e-17,
    "(((1,), (0,)), ((0,), (0,)))": -0.0009022920917932201,
    "(((1,), (0,)), ((0,), (1,)))": -1.1532981933490703e-18,
    "(((1,), (0,)), ((0,), (2,)))": 9.332856209757406e-19,
    "(((1,), (0,)), ((0,), (3,)))": -3.0082640605415424e-17,
    "(((1,), (0,)), ((1,), (0,)))": -0.0833644723773285,
    "(((1,), (0,)), ((1,), (1,)))": -6.40079795055992e-17,
    "(((1,), (0,)), ((1,), (2,)))": 6.86227122114557e-18,
    "(((1,), (0,)), ((1,), (3,)))": -1.6036985085256121e-15,
    "(((1,), (0,)), ((2,), (0,)))": -2.2907088818192043e-15,
    "(((1,), (0,)), ((2,), (1,)))": -6.75942117734849e-17,
    "(((1,), (0,)), ((2,), (2,)))": -6.63487415485834e-17,
    "(((1,), (0,)), ((2,), (3,)))": 0.14577402090242292,
    "(((1,), (1,)), ((0,), (0,)))": -1.6870855000110258e-18,
    "(((1,), (1,)), ((0,), (1,)))": 0.0029025635308725867,
    "(((1,), (1,)), ((0,), (2,)))": 8.975141621605e-19,
    "(((1,), (1,)), ((0,), (3,)))": -6.349977011074018e-19,
    "(((1,), (1,)), ((1,), (0,)))": -6.40079795055992e-17,
    "(((1,), (1,)), ((1,), (1,)))": -0.061086681075738704,
    "(((1,), (1,)), ((1,), (2,)))": -1.5182166849459074e-17,
    "(((1,), (1,)), ((1,), (3,)))": 4.8197588714024845e-17,
    "(((1,), (1,)), ((2,), (0,)))": -2.7103844581049695e-17,
    "(((1,), (1,)), ((2,), (1,)))": -2.801393623622876e-16,
    "(((1,), (1,)), ((2,), (2,)))": 1.824075306498344e-20,
    "(((1,), (1,)), ((2,), (3,)))": 9.476998779123553e-17,
    "(((1,), (2,)), ((0,), (0,)))": 7.393764516535661e-19,
    "(((1,), (2,)), ((0,), (1,)))": 4.977735861016905e-19,
    "(((1,), (2,)), ((0,), (2,)))": 0.002902563530872585,
    "(((1,), (2,)), ((0,), (3,)))": 1.1271846298656589e-18,
    "(((1,), (2,)), ((1,), (0,)))": 6.86227122114557e-18,
    "(((1,), (2,)), ((1,), (1,)))": -1.5310538370324344e-17,
    "(((1,), (2,)), ((1,), (2,)))": -0.06108668107573869,
    "(((1,), (2,)), ((1,), (3,)))": -6.489615353998264e-18,
    "(((1,), (2,)), ((2,), (0,)))": -5.218800629398075e-17,
    "(((1,), (2,)), ((2,), (1,)))": 3.828213017749607e-20,
    "(((1,), (2,)), ((2,), (2,)))": -2.804641787535841e-16,
    "(((1,), (2,)), ((2,), (3,)))": -1.8347876328878096e-17,
    "(((1,), (3,)), ((0,), (0,)))": -1.3560951734968407e-17,
    "(((1,), (3,)), ((0,), (1,)))": -5.936633150569757e-19,
    "(((1,), (3,)), ((0,), (2,)))": 1.1097278254195142e-18,
    "(((1,), (3,)), ((0,), (3,)))": 0.002022811668986791,
    "(((1,), (3,)), ((1,), (0,)))": -1.6046552613245225e-15,
    "(((1,), (3,)), ((1,), (1,)))": 4.819758871402484e-17,
    "(((1,), (3,)), ((1,), (2,)))": -6.4896153539982645e-18,
    "(((1,), (3,)), ((1,), (3,)))": -0.08919101162387362,
    "(((1,), (3,)), ((2,), (0,)))": 0.10111113832126314,
    "(((1,), (3,)), ((2,), (1,)))": 6.941220639208499e-17,
    "(((1,), (3,)), ((2,), (2,)))": -1.3699449220234334e-17,
    "(((1,), (3,)), ((2,), (3,)))": 7.455975550643954e-15,
    "(((2,), (0,)), ((0,), (0,)))": -2.289905200943938e-16,
    "(((2,), (0,)), ((0,), (1,)))": 1.8982436850378147e-19,
    "(((2,), (0,)), ((0,), (2,)))": 1.8848679640981682e-19,
    "(((2,), (0,)), ((0,), (3,)))": -0.00014588926856279978,
    "(((2,), (0,)), ((1,), (0,)))": -2.290428431250261e-15,
    "(((2,), (0,)), ((1,), (1,)))": -2.710384458104969e-17,
    "(((2,), (0,)), ((1,), (2,)))": -5.218800629398075e-17,
    "(((2,), (0,)), ((1,), (3,)))": 0.10111113832126314,
    "(((2,), (0,)), ((2,), (0,)))": -0.32120424353763305,
    "(((2,), (0,)), ((2,), (1,)))": -1.8577585088761435e-16,
    "(((2,), (0,)), ((2,), (2,)))": 4.361309119141843e-17,
    "(((2,), (0,)), ((2,), (3,)))": -1.0135465364505949e-14,
    "(((2,), (1,)), ((0,), (0,)))": 3.2924283244600955e-19,
    "(((2,), (1,)), ((0,), (1,)))": 2.2481900625114872e-17,