{
  "E": -15.48027200556916,
  "sol": {
    "(((), ()), ((), ()))": 0.9413386626814573,
    "(((0,), (0,)), ((), ()))": -4.834247495032308e-18,
    "(((), ()), ((0,), (0,)))": -4.834247495032308e-18,
    "(((0,), (1,)), ((), ()))": -1.5066028397401946e-18,
    "(((), ()), ((0,), (1,)))": -1.5066028397401946e-18,
    "(((0,), (2,)), ((), ()))": 0.00021202908213515415,
    "(((), ()), ((0,), (2,)))": 0.00021202908213515415,
    "(((0,), (3,)), ((), ()))": -0.0002274650987547765,
    "(((), ()), ((0,), (3,)))": -0.0002274650987547765,
    "(((1,), (0,)), ((), ()))": 6.657082790915252e-16,
    "(((), ()), ((1,), (0,)))": 6.657082790915252e-16,
    "(((1,), (1,)), ((), ()))": -3.2333950250534314e-17,
    "(((), ()), ((1,), (1,)))": -3.2333950250534314e-17,
    "(((1,), (2,)), ((), ()))": -0.011085552478323272,
    "(((), ()), ((1,), (2,)))": -0.011085552478323272,
    "(((1,), (3,)), ((), ()))": 0.00044185186345046596,
    "(((), ()), ((1,), (3,)))": 0.00044185186345046596,
    "(((2,), (0,)), ((), ()))": 9.1572746428538e-17,
    "(((), ()), ((2,), (0,)))": 9.1572746428538e-17,
    "(((2,), (1,)), ((), ()))": 7.519014992143123e-17,
    "(((), ()), ((2,), (1,)))": 7.519014992143123e-17,
    "(((2,), (2,)), ((), ()))": 0.017942101574513397,
    "(((), ()), ((2,), (2,)))": 0.017942101574513397,
    "(((2,), (3,)), ((), ()))": -0.004092796754266929,
    "(((), ()), ((2,), (3,)))": -0.004092796754266929,
    "(((0,), (0,)), ((0,), (0,)))": -0.0014305934098618287,
    "(((0,), (0,)), ((0,), (1,)))": -2.300528436545179e-19,
    "(((0,), (0,)), ((0,), (2,)))": 6.128945941908808e-19,
    "(((0,), (0,)), ((0,), (3,)))": -2.416108165676152e-19,
    "(((0,), (0,)), ((1,), (0,)))": 0.0023875627748363355,
    "(((0,), (0,)), ((1,), (1,)))": 6.302391576159089e-19,
    "(((0,), (0,)), ((1,), (2,)))": 4.355083893131432e-19,
    "(((0,), (0,)), ((1,), (3,)))": 3.3723003940288193e-19,
    "(((0,), (0,)), ((2,), (0,)))": -0.0017429200563561457,
    "(((0,), (0,)), ((2,), (1,)))": -4.969711002726875e-19,
    "(((0,), (0,)), ((2,), (2,)))": 3.52567964964899e-18,
    "(((0,), (0,)), ((2,), (3,)))": 1.520478896368675e-18,
    "(((0,), (1,)), ((0,), (0,)))": -6.038791742096837e-19,
    "(((0,), (1,)), ((0,), (1,)))": -0.0014305934098618285,
    "(((0,), (1,)), ((0,), (2,)))": 1.6217828113483353e-19,
    "(((0,), (1,)), ((0,), (3,)))": -2.784574799567698e-19,
    "(((0,), (1,)), ((1,), (0,)))": 5.846320528244175e-19,
    "(((0,), (1,)), ((1,), (1,)))": 0.0023875627748363355,
    "(((0,), (1,)), ((1,), (2,)))": 1.2340088200604908e-18,
    "(((0,), (1,)), ((1,), (3,)))": 2.7597449346423173e-19,
    "(((0,), (1,)), ((2,), (0,)))": -4.629600856045738e-19,
    "(((0,), (1,)), ((2,), (1,)))": -0.0017429200563561452,
    "(((0,), (1,)), ((2,), (2,)))": 1.1467621387473335e-19,
    "(((0,), (1,)), ((2,), (3,)))": 7.929400733216366e-19,
    "(((0,), (2,)), ((0,), (0,)))": 6.128945941908818e-19,
    "(((0,), (2,)), ((0,), (1,)))": 1.6217828113483397e-19,
    "(((0,), (2,)), ((0,), (2,)))": -0.0014058978602430688,
    "(((0,), (2,)), ((0,), (3,)))": 0.0002865304088730614,
    "(((0,), (2,)), ((1,), (0,)))": -1.2916068643252348e-18,
    "(((0,), (2,)), ((1,), (1,)))": 9.639814785861714e-19,
    "(((0,), (2,)), ((1,), (2,)))": -0.0002051648675719102,
    "(((0,), (2,)), ((1,), (3,)))": 0.0007739056526887471,
    "(((0,), (2,)), ((2,), (0,)))": 2.008191206498649e-18,
    "(((0,), (2,)), ((2,), (1,)))": -2.989008561385994e-19,
    "(((0,), (2,)), ((2,), (2,)))": 0.00019617912623047664,
    "(((0,), (2,)), ((2,), (3,)))": -0.0005450771556149131,
    "(((0,), (3,)), ((0,), (0,)))": -2.416108165676162e-19,
    "(((0,), (3,)), ((0,), (1,)))": -2.784574799567701e-19,
    "(((0,), (3,)), ((0,), (2,)))": 0.0002865304088730605,
    "(((0,), (3,)), ((0,), (3,)))": -0.0014971857380941173,
    "(((0,), (3,)), ((1,), (0,)))": 8.043907199673524e-19,
    "(((0,), (3,)), ((1,), (1,)))": 1.3675023689443652e-19,
    "(((0,), (3,)), ((1,), (2,)))": 0.0007601594192438529,
    "(((0,), (3,)), ((1,), (3,)))": 0.00043514332225148497,
    "(((0,), (3,)), ((2,), (0,)))": 3.6453272517599365e-19,
    "(((0,), (3,)), ((2,), (1,)))": 5.135472110839334e-19,
    "(((0,), (3,)), ((2,), (2,)))": -0.0008346381997352214,
    "(((0,), (3,)), ((2,), (3,)))": -0.0009928632422389542,
    "(((1,), (0,)), ((0,), (0,)))": 0.002387562774836335,
    "(((1,), (0,)), ((0,), (1,)))": 6.820957891478466e-19,
    "(((1,), (0,)), ((0,), (2,)))": -1.2916068643252232e-18,
    "(((1,), (0,)), ((0,), (3,)))": 8.043907199673478e-19,
    "(((1,), (0,)), ((1,), (0,)))": -0.033963522661343726,
    "(((1,), (0,)), ((1,), (1,)))": -8.046686137379096e-18,
    "(((1,), (0,)), ((1,), (2,)))": -6.132255758052457e-17,
    "(((1,), (0,)), ((1,), (3,)))": 7.295602948268022e-17,
    "(((1,), (0,)), ((2,), (0,)))": 0.026877520335589964,
    "(((1,), (0,)), ((2,), (1,)))": 6.633967383222857e-18,
    "(((1,), (0,)), ((2,), (2,)))": 4.634820889190547e-17,
    "(((1,), (0,)), ((2,), (3,)))": 1.4647535821715534e-18,
    "(((1,), (1,)), ((0,), (0,)))": 4.291881540062882e-19,
    "(((1,), (1,)), ((0,), (1,)))": 0.0023875627748363355,
    "(((1,), (1,)), ((0,), (2,)))": 9.63981478586172e-19,
    "(((1,), (1,)), ((0,), (3,)))": 1.3675023689443912e-19,
    "(((1,), (1,)), ((1,), (0,)))": -8.54266661912026e-18,
    "(((1,), (1,)), ((1,), (1,)))": -0.03396352266134371,
    "(((1,), (1,)), ((1,), (2,)))": -1.1977814934053085e-17,
    "(((1,), (1,)), ((1,), (3,)))": -1.5834118681875236e-17,
    "(((1,), (1,)), ((2,), (0,)))": 5.8753130062216686e-18,
    "(((1,), (1,)), ((2,), (1,)))": 0.02687752033558995,
    "(((1,), (1,)), ((2,), (2,)))": 1.1301805914191237e-17,
    "(((1,), (1,)), ((2,), (3,)))": -1.0018578238336353e-17,
    "(((1,), (2,)), ((0,), (0,)))": 4.355083893131386e-19,
    "(((1,), (2,)), ((0,), (1,)))": 1.2340088200604908e-18,
    "(((1,), (2,)), ((0,), (2,)))": -0.000205164867571911,
    "(((1,), (2,)), ((0,), (3,)))": 0.0007601594192438524,
    "(((1,), (2,)), ((1,), (0,)))": -6.132255758052452e-17,
    "(((1,), (2,)), ((1,), (1,)))": -1.1977814934053083e-17,
    "(((1,), (2,)), ((1,), (2,)))": -0.022090911939825243,
    "(((1,), (2,)), ((1,), (3,)))": 0.03664193418535922,
    "(((1,), (2,)), ((2,), (0,)))": 3.898009253578368e-17,
    "(((1,), (2,)), ((2,), (1,)))": 8.860283358617572e-18,
    "(((1,), (2,)), ((2,), (2,)))": 0.010979837861449316,
    "(((1,), (2,)), ((2,), (3,)))": 0.020659158561138674,
    "(((1,), (3,)), ((0,), (0,)))": 3.37230039402885e-19,
    "(((1,), (3,)), ((0,), (1,)))": 2.759744934642279e-19,
    "(((1,), (3,)), ((0,), (2,)))": 0.000773905652688749,
    "(((1,), (3,)), ((0,), (3,)))": 0.00043514332225148405,
    "(((1,), (3,)), ((1,), (0,)))": 7.29560294826801e-17,
    "(((1,), (3,)), ((1,), (1,)))": -1.5834118681875236e-17,
    "(((1,), (3,)), ((1,), (2,)))": 0.0366419341853592,
    "(((1,), (3,)), ((1,), (3,)))": -0.0673456825221095,
    "(((1,), (3,)), ((2,), (0,)))": 7.59849141485997e-19,
    "(((1,), (3,)), ((2,), (1,)))": -3.954678962125554e-18,
    "(((1,), (3,)), ((2,), (2,)))": 0.009232385920453934,
    "(((1,), (3,)), ((2,), (3,)))": -0.016335767845316398,
    "(((2,), (0,)), ((0,), (0,)))": -0.001742920056356146,
    "(((2,), (0,)), ((0,), (1,)))": -5.523152738475602e-19,
    "(((2,), (0,)), ((0,), (2,)))": 2.0081912064986454e-18,
    "(((2,), (0,)), ((0,), (3,)))": 3.645327251759939e-19,
    "(((2,), (0,)), ((1,), (0,)))": 0.026877520335589968,
    "(((2,), (0,)), ((1,), (1,)))": 5.054348314310254e-18,
    "(((2,), (0,)), ((1,), (2,)))": 3.8980092535783695e-17,
    "(((2,), (0,)), ((1,), (3,)))": 7.598491414859693e-19,
    "(((2,), (0,)), ((2,), (0,)))": -0.009116716672787782,
    "(((2,), (0,)), ((2,), (1,)))": -6.419316733618826e-19,
    "(((2,), (0,)), ((2,), (2,)))": 1.4252707846261965e-17,
    "(((2,), (0,)), ((2,), (3,)))": 5.000002334881212e-19,
    "(((2,), (1,)), ((0,), (0,)))": -4.543600158284593e-19,
    "(((2,), (1,)), ((0,), (1,)))": -0.0017429200563561457,