{
  "E": -196.04861854439304,
  "sol": {
    "(((), ()), ((), ()))": 0.974176088949553,
    "(((0,), (0,)), ((), ()))": 3.623564490671722e-05,
    "(((), ()), ((0,), (0,)))": 3.623564490671722e-05,
    "(((1,), (0,)), ((), ()))": 1.8931819206341695e-17,
    "(((), ()), ((1,), (0,)))": 1.8931819206341695e-17,
    "(((2,), (0,)), ((), ()))": 2.2046119855843797e-15,
    "(((), ()), ((2,), (0,)))": 2.2046119855843797e-15,
    "(((3,), (0,)), ((), ()))": 0.014457928569995882,
    "(((), ()), ((3,), (0,)))": 0.014457928569995882,
    "(((4,), (0,)), ((), ()))": -1.460063041860902e-16,
    "(((), ()), ((4,), (0,)))": -1.460063041860902e-16,
    "(((5,), (0,)), ((), ()))": 6.295377102786746e-17,
    "(((), ()), ((5,), (0,)))": 6.295377102786746e-17,
    "(((6,), (0,)), ((), ()))": -7.110274206025642e-16,
    "(((), ()), ((6,), (0,)))": -7.110274206025642e-16,
    "(((7,), (0,)), ((), ()))": -1.5604863912720845e-16,
    "(((), ()), ((7,), (0,)))": -1.5604863912720845e-16,
    "(((8,), (0,)), ((), ()))": 3.477305255820057e-17,
    "(((), ()), ((8,), (0,)))": 3.477305255820057e-17,
    "(((0,), (0,)), ((0,), (0,)))": -0.0002870705679991175,
    "(((0,), (0,)), ((1,), (0,)))": 5.315659398897342e-20,
    "(((0,), (0,)), ((2,), (0,)))": -9.223565456254436e-18,
    "(((0,), (0,)), ((3,), (0,)))": 0.0006138182142018432,
    "(((0,), (0,)), ((4,), (0,)))": 1.8156995666536727e-19,
    "(((0,), (0,)), ((5,), (0,)))": -5.798158364377881e-20,
    "(((0,), (0,)), ((6,), (0,)))": -5.66638812728314e-17,
    "(((0,), (0,)), ((7,), (0,)))": -1.0972282945588373e-19,
    "(((0,), (0,)), ((8,), (0,)))": 1.7874435749894225e-19,
    "(((1,), (0,)), ((0,), (0,)))": 9.066497805555359e-20,
    "(((1,), (0,)), ((1,), (0,)))": -0.00027763931131428185,
    "(((1,), (0,)), ((2,), (0,)))": 0.00048633449987674573,
    "(((1,), (0,)), ((3,), (0,)))": -9.158236723375114e-19,
    "(((1,), (0,)), ((4,), (0,)))": 6.846274920356216e-19,
    "(((1,), (0,)), ((5,), (0,)))": -3.2184009863587946e-19,
    "(((1,), (0,)), ((6,), (0,)))": -3.069116520371053e-05,
    "(((1,), (0,)), ((7,), (0,)))": 4.58098347377491e-19,
    "(((1,), (0,)), ((8,), (0,)))": -3.1358858128308525e-18,
    "(((2,), (0,)), ((0,), (0,)))": -9.173806792510493e-18,
    "(((2,), (0,)), ((1,), (0,)))": 0.0004863344998767456,
    "(((2,), (0,)), ((2,), (0,)))": -0.02035827636304499,
    "(((2,), (0,)), ((3,), (0,)))": -2.213692256057717e-18,
    "(((2,), (0,)), ((4,), (0,)))": 7.1419801825692e-16,
    "(((2,), (0,)), ((5,), (0,)))": -3.0951059683495763e-16,
    "(((2,), (0,)), ((6,), (0,)))": -0.03453558204094384,
    "(((2,), (0,)), ((7,), (0,)))": 1.6592520552422656e-18,
    "(((2,), (0,)), ((8,), (0,)))": -1.0021053691536893e-16,
    "(((3,), (0,)), ((0,), (0,)))": 0.000613818214201843,
    "(((3,), (0,)), ((1,), (0,)))": -1.0961643485434582e-18,
    "(((3,), (0,)), ((2,), (0,)))": 1.4402276831171363e-19,
    "(((3,), (0,)), ((3,), (0,)))": -0.02484385527491299,
    "(((3,), (0,)), ((4,), (0,)))": -2.6022645685815133e-18,
    "(((3,), (0,)), ((5,), (0,)))": 2.2872367726130212e-18,
    "(((3,), (0,)), ((6,), (0,)))": -3.7760604320712807e-16,
    "(((3,), (0,)), ((7,), (0,)))": -9.588787302292825e-18,
    "(((3,), (0,)), ((8,), (0,)))": 7.754221975991588e-18,
    "(((4,), (0,)), ((0,), (0,)))": 1.8156995666535985e-19,
    "(((4,), (0,)), ((1,), (0,)))": 6.846274920356163e-19,
    "(((4,), (0,)), ((2,), (0,)))": 7.141980182569202e-16,
    "(((4,), (0,)), ((3,), (0,)))": -2.602264568581292e-18,
    "(((4,), (0,)), ((4,), (0,)))": -0.009077018483013309,
    "(((4,), (0,)), ((5,), (0,)))": 1.949316110062971e-18,
    "(((4,), (0,)), ((6,), (0,)))": 4.2144883404648e-15,
    "(((4,), (0,)), ((7,), (0,)))": -2.9170659788844707e-16,
    "(((4,), (0,)), ((8,), (0,)))": 2.051984998607142e-16,
    "(((5,), (0,)), ((0,), (0,)))": -5.798158364377595e-20,
    "(((5,), (0,)), ((1,), (0,)))": -3.218400986358791e-19,
    "(((5,), (0,)), ((2,), (0,)))": -3.095105968349577e-16,
    "(((5,), (0,)), ((3,), (0,)))": 2.2872367726130047e-18,
    "(((5,), (0,)), ((4,), (0,)))": 2.2456459103882227e-18,
    "(((5,), (0,)), ((5,), (0,)))": -0.009077018483013309,
    "(((5,), (0,)), ((6,), (0,)))": -1.830526201310155e-15,
    "(((5,), (0,)), ((7,), (0,)))": -1.1818994282422088e-16,
    "(((5,), (0,)), ((8,), (0,)))": -3.069860117970463e-16,
    "(((6,), (0,)), ((0,), (0,)))": -5.652024019890458e-17,
    "(((6,), (0,)), ((1,), (0,)))": -3.069116520371058e-05,
    "(((6,), (0,)), ((2,), (0,)))": -0.03453558204094384,
    "(((6,), (0,)), ((3,), (0,)))": -3.8425064995586034e-16,
    "(((6,), (0,)), ((4,), (0,)))": 4.2144883404648e-15,
    "(((6,), (0,)), ((5,), (0,)))": -1.830526201310155e-15,
    "(((6,), (0,)), ((6,), (0,)))": -0.21243439652887625,
    "(((6,), (0,)), ((7,), (0,)))": 1.3606628518997382e-16,
    "(((6,), (0,)), ((8,), (0,)))": -4.485840533555888e-16,
    "(((7,), (0,)), ((0,), (0,)))": -1.0972282945588404e-19,
    "(((7,), (0,)), ((1,), (0,)))": 4.5809834737749115e-19,
    "(((7,), (0,)), ((2,), (0,)))": 1.6592520552422594e-18,
    "(((7,), (0,)), ((3,), (0,)))": -9.588787302292827e-18,
    "(((7,), (0,)), ((4,), (0,)))": -2.9104154062151877e-16,
    "(((7,), (0,)), ((5,), (0,)))": -1.1765352106098437e-16,
    "(((7,), (0,)), ((6,), (0,)))": 1.3606628518997382e-16,
    "(((7,), (0,)), ((7,), (0,)))": -0.03042406085547475,
    "(((7,), (0,)), ((8,), (0,)))": 4.3314132399722815e-17,
    "(((8,), (0,)), ((0,), (0,)))": 1.7874435749894355e-19,
    "(((8,), (0,)), ((1,), (0,)))": -3.135885812830852e-18,
    "(((8,), (0,)), ((2,), (0,)))": -1.0021053691536893e-16,
    "(((8,), (0,)), ((3,), (0,)))": 7.754221975991564e-18,
    "(((8,), (0,)), ((4,), (0,)))": 2.046030336791099e-16,
    "(((8,), (0,)), ((5,), (0,)))": -3.0863479698820984e-16,
    "(((8,), (0,)), ((6,), (0,)))": -4.485840533555888e-16,
    "(((8,), (0,)), ((7,), (0,)))": 4.3037133455393e-17,
    "(((8,), (0,)), ((8,), (0,)))": -0.030424060855474742
  }
}