{
  "E": -74.90450204233142,
  "sol": {
    "(((), ()), ((), ()))": 0.9929957268166869,
    "(((0,), (0,)), ((), ()))": -1.040866009332583e-05,
    "(((), ()), ((0,), (0,)))": -1.040866009332583e-05,
    "(((0,), (1,)), ((), ()))": 2.286542308093868e-17,
    "(((), ()), ((0,), (1,)))": 2.286542308093868e-17,
    "(((1,), (0,)), ((), ()))": 0.0016561843469571405,
    "(((), ()), ((1,), (0,)))": 0.0016561843469571405,
    "(((1,), (1,)), ((), ()))": 1.5375467040821415e-16,
    "(((), ()), ((1,), (1,)))": 1.5375467040821415e-16,
    "(((2,), (0,)), ((), ()))": -8.101278542091677e-16,
    "(((), ()), ((2,), (0,)))": -8.101278542091677e-16,
    "(((2,), (1,)), ((), ()))": -0.0029659069497239253,
    "(((), ()), ((2,), (1,)))": -0.0029659069497239253,
    "(((3,), (0,)), ((), ()))": 0.006575002708313968,
    "(((), ()), ((3,), (0,)))": 0.006575002708313968,
    "(((3,), (1,)), ((), ()))": -1.2099878525257115e-15,
    "(((), ()), ((3,), (1,)))": -1.2099878525257115e-15,
    "(((4,), (0,)), ((), ()))": -4.9016492107951725e-17,
    "(((), ()), ((4,), (0,)))": -4.9016492107951725e-17,
    "(((4,), (1,)), ((), ()))": -1.7883609334029323e-16,
    "(((), ()), ((4,), (1,)))": -1.7883609334029323e-16,
    "(((0,), (0,)), ((0,), (0,)))": -0.000784264346289802,
    "(((0,), (0,)), ((0,), (1,)))": -1.548213669438191e-18,
    "(((0,), (0,)), ((1,), (0,)))": 0.00015410375984027653,
    "(((0,), (0,)), ((1,), (1,)))": -2.4238292300319623e-18,
    "(((0,), (0,)), ((2,), (0,)))": -1.6632746440738452e-18,
    "(((0,), (0,)), ((2,), (1,)))": 0.00033022422372198956,
    "(((0,), (0,)), ((3,), (0,)))": 0.00016220721159706397,
    "(((0,), (0,)), ((3,), (1,)))": 3.771697447512321e-18,
    "(((0,), (0,)), ((4,), (0,)))": -8.263206760836978e-19,
    "(((0,), (0,)), ((4,), (1,)))": -3.253673954974631e-19,
    "(((0,), (1,)), ((0,), (0,)))": -1.2665177057356506e-18,
    "(((0,), (1,)), ((0,), (1,)))": -0.0004877835113724959,
    "(((0,), (1,)), ((1,), (0,)))": -1.5607707694988245e-18,
    "(((0,), (1,)), ((1,), (1,)))": 0.0006832581493066997,
    "(((0,), (1,)), ((2,), (0,)))": -0.0002598809894808602,
    "(((0,), (1,)), ((2,), (1,)))": -8.6771088872844e-19,
    "(((0,), (1,)), ((3,), (0,)))": 2.4635383549460418e-18,
    "(((0,), (1,)), ((3,), (1,)))": -0.0006148630917505976,
    "(((0,), (1,)), ((4,), (0,)))": 1.6850838540186488e-19,
    "(((0,), (1,)), ((4,), (1,)))": 2.9477297499663508e-18,
    "(((1,), (0,)), ((0,), (0,)))": 0.00015410375984027883,
    "(((1,), (0,)), ((0,), (1,)))": -1.5896140711231916e-18,
    "(((1,), (0,)), ((1,), (0,)))": -0.030379732977956056,
    "(((1,), (0,)), ((1,), (1,)))": -8.523058886678858e-17,
    "(((1,), (0,)), ((2,), (0,)))": -1.2935892732000503e-16,
    "(((1,), (0,)), ((2,), (1,)))": 0.028040508679367804,
    "(((1,), (0,)), ((3,), (0,)))": -0.024829169774991174,
    "(((1,), (0,)), ((3,), (1,)))": -5.829494532009876e-17,
    "(((1,), (0,)), ((4,), (0,)))": 1.1904023320491268e-16,
    "(((1,), (0,)), ((4,), (1,)))": -2.0736220097088386e-17,
    "(((1,), (1,)), ((0,), (0,)))": -2.3687236477236393e-18,
    "(((1,), (1,)), ((0,), (1,)))": 0.0006832581493066993,
    "(((1,), (1,)), ((1,), (0,)))": -6.006976578368608e-17,
    "(((1,), (1,)), ((1,), (1,)))": -0.013374361454092187,
    "(((1,), (1,)), ((2,), (0,)))": 0.01739403296199313,
    "(((1,), (1,)), ((2,), (1,)))": 2.0699168804480537e-16,
    "(((1,), (1,)), ((3,), (0,)))": -9.618626762522672e-17,
    "(((1,), (1,)), ((3,), (1,)))": 0.0034591531040835755,
    "(((1,), (1,)), ((4,), (0,)))": -1.4178329926571855e-17,
    "(((1,), (1,)), ((4,), (1,)))": -1.6615844692442647e-17,
    "(((2,), (0,)), ((0,), (0,)))": -1.7844129280708978e-18,
    "(((2,), (0,)), ((0,), (1,)))": -0.00025988098948085737,
    "(((2,), (0,)), ((1,), (0,)))": -1.1763790194770259e-16,
    "(((2,), (0,)), ((1,), (1,)))": 0.01739403296199312,
    "(((2,), (0,)), ((2,), (0,)))": -0.030552872396401674,
    "(((2,), (0,)), ((2,), (1,)))": 3.7451628294864815e-17,
    "(((2,), (0,)), ((3,), (0,)))": -1.83177962918837e-16,
    "(((2,), (0,)), ((3,), (1,)))": 0.019686394611170954,
    "(((2,), (0,)), ((4,), (0,)))": 9.549435471010314e-18,
    "(((2,), (0,)), ((4,), (1,)))": -9.852331989847571e-17,
    "(((2,), (1,)), ((0,), (0,)))": 0.0003302242237219865,
    "(((2,), (1,)), ((0,), (1,)))": -5.444685273791122e-19,
    "(((2,), (1,)), ((1,), (0,)))": 0.02804050867936783,
    "(((2,), (1,)), ((1,), (1,)))": 2.0294210335863961e-16,
    "(((2,), (1,)), ((2,), (0,)))": 3.64403720308728e-17,
    "(((2,), (1,)), ((2,), (1,)))": -0.05994480388477856,
    "(((2,), (1,)), ((3,), (0,)))": 0.026955093371906557,
    "(((2,), (1,)), ((3,), (1,)))": 7.789823957146685e-17,
    "(((2,), (1,)), ((4,), (0,)))": -1.3190588707833167e-16,
    "(((2,), (1,)), ((4,), (1,)))": 4.238291587614418e-17,
    "(((3,), (0,)), ((0,), (0,)))": 0.0001622072115970622,
    "(((3,), (0,)), ((0,), (1,)))": 1.9550379480509224e-18,
    "(((3,), (0,)), ((1,), (0,)))": -0.02482916977499118,
    "(((3,), (0,)), ((1,), (1,)))": -9.944045009058412e-17,
    "(((3,), (0,)), ((2,), (0,)))": -1.9430642097120117e-16,
    "(((3,), (0,)), ((2,), (1,)))": 0.026955093371906533,
    "(((3,), (0,)), ((3,), (0,)))": -0.0237371833858254,
    "(((3,), (0,)), ((3,), (1,)))": 8.294194798136237e-17,
    "(((3,), (0,)), ((4,), (0,)))": -3.708665536038035e-18,
    "(((3,), (0,)), ((4,), (1,)))": -2.1486967676167446e-17,
    "(((3,), (1,)), ((0,), (0,)))": 3.771842715458006e-18,
    "(((3,), (1,)), ((0,), (1,)))": -0.0006148630917505976,
    "(((3,), (1,)), ((1,), (0,)))": -5.763051139412182e-17,
    "(((3,), (1,)), ((1,), (1,)))": 0.0034591531040835733,
    "(((3,), (1,)), ((2,), (0,)))": 0.019686394611170985,
    "(((3,), (1,)), ((2,), (1,)))": 8.014927099091732e-17,
    "(((3,), (1,)), ((3,), (0,)))": 8.069781603941374e-17,
    "(((3,), (1,)), ((3,), (1,)))": -0.03166517119878011,
    "(((3,), (1,)), ((4,), (0,)))": -1.9635547806947045e-17,
    "(((3,), (1,)), ((4,), (1,)))": 1.1449744473183704e-16,
    "(((4,), (0,)), ((0,), (0,)))": -8.263206760836878e-19,
    "(((4,), (0,)), ((0,), (1,)))": 1.6850838540186488e-19,
    "(((4,), (0,)), ((1,), (0,)))": 1.190402332049127e-16,
    "(((4,), (0,)), ((1,), (1,)))": -1.4178329926571827e-17,
    "(((4,), (0,)), ((2,), (0,)))": 9.54943547101037e-18,
    "(((4,), (0,)), ((2,), (1,)))": -1.3190588707833154e-16,
    "(((4,), (0,)), ((3,), (0,)))": -3.708665536038025e-18,
    "(((4,), (0,)), ((3,), (1,)))": -1.9635547806947058e-17,
    "(((4,), (0,)), ((4,), (0,)))": -0.024242063442824986,
    "(((4,), (0,)), ((4,), (1,)))": -8.714118122604066e-17,
    "(((4,), (1,)), ((0,), (0,)))": -3.253673954974609e-19,
    "(((4,), (1,)), ((0,), (1,)))": 2.947729749966349e-18,
    "(((4,), (1,)), ((1,), (0,)))": -2.073622009708844e-17,
    "(((4,), (1,)), ((1,), (1,)))": -1.6615844692442616e-17,
    "(((4,), (1,)), ((2,), (0,)))": -9.852331989847586e-17,
    "(((4,), (1,)), ((2,), (1,)))": 4.23829158761442e-17,
    "(((4,), (1,)), ((3,), (0,)))": -2.1486967676167415e-17,
    "(((4,), (1,)), ((3,), (1,)))": 1.1449744473183704e-16,
    "(((4,), (1,)), ((4,), (0,)))": -7.53160431826264e-17,
    "(((4,), (1,)), ((4,), (1,)))": -0.00828265894264329
  }
}