{
  "E": -74.95646228079707,
  "sol": {
    "(((), ()), ((), ()))": 0.9901145109293032,
    "(((0,), (0,)), ((), ()))": 2.0475635516485797e-05,
    "(((), ()), ((0,), (0,)))": 2.0475635516485797e-05,
    "(((0,), (1,)), ((), ()))": 3.799620962320085e-06,
    "(((), ()), ((0,), (1,)))": 3.799620962320085e-06,
    "(((1,), (0,)), ((), ()))": -0.0007684885385790247,
    "(((), ()), ((1,), (0,)))": -0.0007684885385790247,
    "(((1,), (1,)), ((), ()))": -0.0007816602032230803,
    "(((), ()), ((1,), (1,)))": -0.0007816602032230803,
    "(((2,), (0,)), ((), ()))": 0.0018002638672775962,
    "(((), ()), ((2,), (0,)))": 0.0018002638672775962,
    "(((2,), (1,)), ((), ()))": -0.0025545175969905864,
    "(((), ()), ((2,), (1,)))": -0.0025545175969905864,
    "(((3,), (0,)), ((), ()))": -0.009478121572176925,
    "(((), ()), ((3,), (0,)))": -0.009478121572176925,
    "(((3,), (1,)), ((), ()))": -0.0020776961614700547,
    "(((), ()), ((3,), (1,)))": -0.0020776961614700547,
    "(((4,), (0,)), ((), ()))": 5.291676428183955e-17,
    "(((), ()), ((4,), (0,)))": 5.291676428183955e-17,
    "(((4,), (1,)), ((), ()))": 2.000213405192352e-18,
    "(((), ()), ((4,), (1,)))": 2.000213405192352e-18,
    "(((0,), (0,)), ((0,), (0,)))": -0.0006293452081665968,
    "(((0,), (0,)), ((0,), (1,)))": -0.000131959515657874,
    "(((0,), (0,)), ((1,), (0,)))": 0.0003218109872504567,
    "(((0,), (0,)), ((1,), (1,)))": -0.00021296035086774585,
    "(((0,), (0,)), ((2,), (0,)))": -2.9104734054954694e-05,
    "(((0,), (0,)), ((2,), (1,)))": -0.0002599347963387961,
    "(((0,), (0,)), ((3,), (0,)))": 2.0420327024491333e-05,
    "(((0,), (0,)), ((3,), (1,)))": 0.0002924253791017254,
    "(((0,), (0,)), ((4,), (0,)))": 1.2259261655626385e-19,
    "(((0,), (0,)), ((4,), (1,)))": 5.346174097633112e-20,
    "(((0,), (1,)), ((0,), (0,)))": -0.00013195951565787376,
    "(((0,), (1,)), ((0,), (1,)))": -0.0005402544725099363,
    "(((0,), (1,)), ((1,), (0,)))": -0.00019608658413185253,
    "(((0,), (1,)), ((1,), (1,)))": 0.0005912343733981877,
    "(((0,), (1,)), ((2,), (0,)))": 0.000270303597293249,
    "(((0,), (1,)), ((2,), (1,)))": -8.84102880397109e-05,
    "(((0,), (1,)), ((3,), (0,)))": 0.00023662715299948577,
    "(((0,), (1,)), ((3,), (1,)))": -0.00044192124314432776,
    "(((0,), (1,)), ((4,), (0,)))": -1.1008814607673467e-19,
    "(((0,), (1,)), ((4,), (1,)))": 8.12705792746046e-20,
    "(((1,), (0,)), ((0,), (0,)))": 0.00032181098725045685,
    "(((1,), (0,)), ((0,), (1,)))": -0.00019608658413185375,
    "(((1,), (0,)), ((1,), (0,)))": -0.026721357342124687,
    "(((1,), (0,)), ((1,), (1,)))": -0.00730110622982466,
    "(((1,), (0,)), ((2,), (0,)))": 0.019315094046501564,
    "(((1,), (0,)), ((2,), (1,)))": -0.019612060270972682,
    "(((1,), (0,)), ((3,), (0,)))": -0.0236117699269615,
    "(((1,), (0,)), ((3,), (1,)))": -0.0112429210051973,
    "(((1,), (0,)), ((4,), (0,)))": -8.731539859741213e-18,
    "(((1,), (0,)), ((4,), (1,)))": 3.457552727355684e-18,
    "(((1,), (1,)), ((0,), (0,)))": -0.00021296035086774463,
    "(((1,), (1,)), ((0,), (1,)))": 0.0005912343733981872,
    "(((1,), (1,)), ((1,), (0,)))": -0.007301106229824661,
    "(((1,), (1,)), ((1,), (1,)))": -0.01900642786230234,
    "(((1,), (1,)), ((2,), (0,)))": -0.008941082749638387,
    "(((1,), (1,)), ((2,), (1,)))": -0.018845059843607737,
    "(((1,), (1,)), ((3,), (0,)))": -0.011955165108329212,
    "(((1,), (1,)), ((3,), (1,)))": -0.0010085617001223549,
    "(((1,), (1,)), ((4,), (0,)))": -2.7805577122367892e-18,
    "(((1,), (1,)), ((4,), (1,)))": 3.9317067010914734e-18,
    "(((2,), (0,)), ((0,), (0,)))": -2.9104734054954528e-05,
    "(((2,), (0,)), ((0,), (1,)))": 0.0002703035972932504,
    "(((2,), (0,)), ((1,), (0,)))": 0.019315094046501557,
    "(((2,), (0,)), ((1,), (1,)))": -0.008941082749638396,
    "(((2,), (0,)), ((2,), (0,)))": -0.04859497337845213,
    "(((2,), (0,)), ((2,), (1,)))": 0.01738410676049301,
    "(((2,), (0,)), ((3,), (0,)))": 0.032456932445351826,
    "(((2,), (0,)), ((3,), (1,)))": -0.015417339558586266,
    "(((2,), (0,)), ((4,), (0,)))": -9.992327628855767e-19,
    "(((2,), (0,)), ((4,), (1,)))": -2.7991239008020722e-18,
    "(((2,), (1,)), ((0,), (0,)))": -0.0002599347963387987,
    "(((2,), (1,)), ((0,), (1,)))": -8.841028803971104e-05,
    "(((2,), (1,)), ((1,), (0,)))": -0.01961206027097267,
    "(((2,), (1,)), ((1,), (1,)))": -0.018845059843607743,
    "(((2,), (1,)), ((2,), (0,)))": 0.017384106760493002,
    "(((2,), (1,)), ((2,), (1,)))": -0.05534106877348595,
    "(((2,), (1,)), ((3,), (0,)))": -0.02507639186236617,
    "(((2,), (1,)), ((3,), (1,)))": -0.016097652404303553,
    "(((2,), (1,)), ((4,), (0,)))": -8.660142058593742e-18,
    "(((2,), (1,)), ((4,), (1,)))": 1.0357639872040623e-17,
    "(((3,), (0,)), ((0,), (0,)))": 2.0420327024490954e-05,
    "(((3,), (0,)), ((0,), (1,)))": 0.0002366271529994868,
    "(((3,), (0,)), ((1,), (0,)))": -0.02361176992696147,
    "(((3,), (0,)), ((1,), (1,)))": -0.011955165108329214,
    "(((3,), (0,)), ((2,), (0,)))": 0.03245693244535183,
    "(((3,), (0,)), ((2,), (1,)))": -0.02507639186236619,
    "(((3,), (0,)), ((3,), (0,)))": -0.04186168108294659,
    "(((3,), (0,)), ((3,), (1,)))": 0.007297478892338926,
    "(((3,), (0,)), ((4,), (0,)))": -4.452562287295484e-18,
    "(((3,), (0,)), ((4,), (1,)))": 2.018092670134445e-18,
    "(((3,), (1,)), ((0,), (0,)))": 0.00029242537910172405,
    "(((3,), (1,)), ((0,), (1,)))": -0.00044192124314432744,
    "(((3,), (1,)), ((1,), (0,)))": -0.011242921005197306,
    "(((3,), (1,)), ((1,), (1,)))": -0.0010085617001223683,
    "(((3,), (1,)), ((2,), (0,)))": -0.015417339558586263,
    "(((3,), (1,)), ((2,), (1,)))": -0.016097652404303567,
    "(((3,), (1,)), ((3,), (0,)))": 0.007297478892338907,
    "(((3,), (1,)), ((3,), (1,)))": -0.029466197362084008,
    "(((3,), (1,)), ((4,), (0,)))": -6.293170961269088e-18,
    "(((3,), (1,)), ((4,), (1,)))": 4.375875267647336e-18,
    "(((4,), (0,)), ((0,), (0,)))": 1.2259261655626373e-19,
    "(((4,), (0,)), ((0,), (1,)))": -1.1008814607673428e-19,
    "(((4,), (0,)), ((1,), (0,)))": -8.73153985974121e-18,
    "(((4,), (0,)), ((1,), (1,)))": -2.7805577122367877e-18,
    "(((4,), (0,)), ((2,), (0,)))": -9.99232762885574e-19,
    "(((4,), (0,)), ((2,), (1,)))": -8.66014205859374e-18,
    "(((4,), (0,)), ((3,), (0,)))": -4.452562287295488e-18,
    "(((4,), (0,)), ((3,), (1,)))": -6.2931709612690836e-18,
    "(((4,), (0,)), ((4,), (0,)))": -0.022749268820011555,
    "(((4,), (0,)), ((4,), (1,)))": -0.005416968342671579,
    "(((4,), (1,)), ((0,), (0,)))": 5.346174097633093e-20,
    "(((4,), (1,)), ((0,), (1,)))": 8.127057927460449e-20,
    "(((4,), (1,)), ((1,), (0,)))": 3.4575527273556787e-18,
    "(((4,), (1,)), ((1,), (1,)))": 3.931706701091474e-18,
    "(((4,), (1,)), ((2,), (0,)))": -2.799123900802072e-18,
    "(((4,), (1,)), ((2,), (1,)))": 1.035763987204062e-17,
    "(((4,), (1,)), ((3,), (0,)))": 2.018092670134448e-18,
    "(((4,), (1,)), ((3,), (1,)))": 4.375875267647336e-18,
    "(((4,), (1,)), ((4,), (0,)))": -0.005416968342671587,
    "(((4,), (1,)), ((4,), (1,)))": -0.011446961479497027
  }
}