{
  "E": -194.91738436032807,
  "sol": {
    "(((), ()), ((), ()))": 0.9982920904135921,
    "(((0,), (0,)), ((), ()))": -9.572482796911078e-17,
    "(((), ()), ((0,), (0,)))": -9.572482796911078e-17,
    "(((1,), (0,)), ((), ()))": -1.1525916855080665e-05,
    "(((), ()), ((1,), (0,)))": -1.1525916855080665e-05,
    "(((2,), (0,)), ((), ()))": -1.1725250120928563e-15,
    "(((), ()), ((2,), (0,)))": -1.1725250120928563e-15,
    "(((3,), (0,)), ((), ()))": -0.0012929112581298655,
    "(((), ()), ((3,), (0,)))": -0.0012929112581298655,
    "(((4,), (0,)), ((), ()))": 2.563534569212828e-17,
    "(((), ()), ((4,), (0,)))": 2.563534569212828e-17,
    "(((5,), (0,)), ((), ()))": 4.37612337798004e-18,
    "(((), ()), ((5,), (0,)))": 4.37612337798004e-18,
    "(((6,), (0,)), ((), ()))": -5.646279105387198e-15,
    "(((), ()), ((6,), (0,)))": -5.646279105387198e-15,
    "(((7,), (0,)), ((), ()))": 1.976172884734374e-16,
    "(((), ()), ((7,), (0,)))": 1.976172884734374e-16,
    "(((8,), (0,)), ((), ()))": 4.397794772288163e-17,
    "(((), ()), ((8,), (0,)))": 4.397794772288163e-17,
    "(((0,), (0,)), ((0,), (0,)))": -0.0007551218176738163,
    "(((0,), (0,)), ((1,), (0,)))": -2.515760739988652e-18,
    "(((0,), (0,)), ((2,), (0,)))": -0.00024177571370175924,
    "(((0,), (0,)), ((3,), (0,)))": 3.6054051268573335e-17,
    "(((0,), (0,)), ((4,), (0,)))": -2.614747623359295e-19,
    "(((0,), (0,)), ((5,), (0,)))": 2.0765432400890694e-19,
    "(((0,), (0,)), ((6,), (0,)))": -0.00039823336129125213,
    "(((0,), (0,)), ((7,), (0,)))": -6.092044156016405e-18,
    "(((0,), (0,)), ((8,), (0,)))": 5.892454904743584e-19,
    "(((1,), (0,)), ((0,), (0,)))": -2.398283945583784e-18,
    "(((1,), (0,)), ((1,), (0,)))": -0.0007841292638526626,
    "(((1,), (0,)), ((2,), (0,)))": 1.839820532955406e-17,
    "(((1,), (0,)), ((3,), (0,)))": 0.0005989919333388215,
    "(((1,), (0,)), ((4,), (0,)))": -2.328260264328701e-19,
    "(((1,), (0,)), ((5,), (0,)))": 2.8237427593570444e-19,
    "(((1,), (0,)), ((6,), (0,)))": 3.2048341080190604e-17,
    "(((1,), (0,)), ((7,), (0,)))": 1.686310003889355e-18,
    "(((1,), (0,)), ((8,), (0,)))": -4.252767529909948e-20,
    "(((2,), (0,)), ((0,), (0,)))": -0.00024177571370175802,
    "(((2,), (0,)), ((1,), (0,)))": 1.8348179963245645e-17,
    "(((2,), (0,)), ((2,), (0,)))": -0.020322268580129376,
    "(((2,), (0,)), ((3,), (0,)))": -7.154432008622161e-17,
    "(((2,), (0,)), ((4,), (0,)))": 7.419896154007742e-18,
    "(((2,), (0,)), ((5,), (0,)))": -8.732732022752605e-18,
    "(((2,), (0,)), ((6,), (0,)))": 0.01720038827791475,
    "(((2,), (0,)), ((7,), (0,)))": 4.4957942313236745e-17,
    "(((2,), (0,)), ((8,), (0,)))": -1.5032538545091115e-17,
    "(((3,), (0,)), ((0,), (0,)))": 3.416242898824021e-17,
    "(((3,), (0,)), ((1,), (0,)))": 0.0005989919333388216,
    "(((3,), (0,)), ((2,), (0,)))": -6.878497809753637e-17,
    "(((3,), (0,)), ((3,), (0,)))": -0.012853523779226186,
    "(((3,), (0,)), ((4,), (0,)))": 6.341698197357976e-19,
    "(((3,), (0,)), ((5,), (0,)))": 2.1008562990625664e-18,
    "(((3,), (0,)), ((6,), (0,)))": 3.407482224407257e-17,
    "(((3,), (0,)), ((7,), (0,)))": -1.1462300621373484e-17,
    "(((3,), (0,)), ((8,), (0,)))": 4.2944820035698075e-18,
    "(((4,), (0,)), ((0,), (0,)))": -2.614747623359283e-19,
    "(((4,), (0,)), ((1,), (0,)))": -2.3282602643286964e-19,
    "(((4,), (0,)), ((2,), (0,)))": 7.419896154007745e-18,
    "(((4,), (0,)), ((3,), (0,)))": 6.341698197357926e-19,
    "(((4,), (0,)), ((4,), (0,)))": -0.00871337022479801,
    "(((4,), (0,)), ((5,), (0,)))": 5.110530517889239e-19,
    "(((4,), (0,)), ((6,), (0,)))": -9.963332072288541e-18,
    "(((4,), (0,)), ((7,), (0,)))": -1.7696340801217958e-17,
    "(((4,), (0,)), ((8,), (0,)))": 1.2074538562517767e-16,
    "(((5,), (0,)), ((0,), (0,)))": 2.076543240089056e-19,
    "(((5,), (0,)), ((1,), (0,)))": 2.823742759357041e-19,
    "(((5,), (0,)), ((2,), (0,)))": -8.73273202275261e-18,
    "(((5,), (0,)), ((3,), (0,)))": 2.1008562990625757e-18,
    "(((5,), (0,)), ((4,), (0,)))": 5.154251108328678e-19,
    "(((5,), (0,)), ((5,), (0,)))": -0.008713370224798006,
    "(((5,), (0,)), ((6,), (0,)))": 9.073467452564848e-18,
    "(((5,), (0,)), ((7,), (0,)))": 8.470701350693579e-17,
    "(((5,), (0,)), ((8,), (0,)))": 1.34282164719799e-16,
    "(((6,), (0,)), ((0,), (0,)))": -0.0003982333612912515,
    "(((6,), (0,)), ((1,), (0,)))": 3.33731963885635e-17,
    "(((6,), (0,)), ((2,), (0,)))": 0.01720038827791477,
    "(((6,), (0,)), ((3,), (0,)))": 8.525365878462546e-18,
    "(((6,), (0,)), ((4,), (0,)))": -9.963332072288538e-18,
    "(((6,), (0,)), ((5,), (0,)))": 9.07346745256484e-18,
    "(((6,), (0,)), ((6,), (0,)))": -0.034311830050793954,
    "(((6,), (0,)), ((7,), (0,)))": -5.822121388869358e-17,
    "(((6,), (0,)), ((8,), (0,)))": 9.241811305239508e-18,
    "(((7,), (0,)), ((0,), (0,)))": -6.0920441560164044e-18,
    "(((7,), (0,)), ((1,), (0,)))": 1.686310003889357e-18,
    "(((7,), (0,)), ((2,), (0,)))": 4.4957942313236794e-17,
    "(((7,), (0,)), ((3,), (0,)))": -1.1462300621373564e-17,
    "(((7,), (0,)), ((4,), (0,)))": -1.7594951866873603e-17,
    "(((7,), (0,)), ((5,), (0,)))": 8.072997251242612e-17,
    "(((7,), (0,)), ((6,), (0,)))": -5.822121388869358e-17,
    "(((7,), (0,)), ((7,), (0,)))": -0.0213091560319317,
    "(((7,), (0,)), ((8,), (0,)))": -3.879563441083454e-18,
    "(((8,), (0,)), ((0,), (0,)))": 5.892454904743568e-19,
    "(((8,), (0,)), ((1,), (0,)))": -4.2527675299101e-20,
    "(((8,), (0,)), ((2,), (0,)))": -1.503253854509113e-17,
    "(((8,), (0,)), ((3,), (0,)))": 4.294482003569815e-18,
    "(((8,), (0,)), ((4,), (0,)))": 1.1657126841086353e-16,
    "(((8,), (0,)), ((5,), (0,)))": 1.3410282029048712e-16,
    "(((8,), (0,)), ((6,), (0,)))": 9.24181130523952e-18,
    "(((8,), (0,)), ((7,), (0,)))": -3.942606342017461e-18,
    "(((8,), (0,)), ((8,), (0,)))": -0.021309156031931613
  }
}