{
  "E": -15.563869840302843,
  "sol": {
    "(((), ()), ((), ()))": 0.9905184298600893,
    "(((0,), (0,)), ((), ()))": 1.9992030316809806e-16,
    "(((), ()), ((0,), (0,)))": 1.9992030316809806e-16,
    "(((0,), (1,)), ((), ()))": 4.4248683010684386e-17,
    "(((), ()), ((0,), (1,)))": 4.4248683010684386e-17,
    "(((0,), (2,)), ((), ()))": 0.00032376339779575816,
    "(((), ()), ((0,), (2,)))": 0.00032376339779575816,
    "(((0,), (3,)), ((), ()))": 1.148005434240831e-16,
    "(((), ()), ((0,), (3,)))": 1.148005434240831e-16,
    "(((1,), (0,)), ((), ()))": -2.2380023829549006e-16,
    "(((), ()), ((1,), (0,)))": -2.2380023829549006e-16,
    "(((1,), (1,)), ((), ()))": 8.7407446676845665e-16,
    "(((), ()), ((1,), (1,)))": 8.7407446676845665e-16,
    "(((1,), (2,)), ((), ()))": -0.009477813303409707,
    "(((), ()), ((1,), (2,)))": -0.009477813303409707,
    "(((1,), (3,)), ((), ()))": 2.4306144756835705e-16,
    "(((), ()), ((1,), (3,)))": 2.4306144756835705e-16,
    "(((2,), (0,)), ((), ()))": 3.2381166526587357e-19,
    "(((), ()), ((2,), (0,)))": 3.2381166526587357e-19,
    "(((2,), (1,)), ((), ()))": 1.851800097295155e-17,
    "(((), ()), ((2,), (1,)))": 1.851800097295155e-17,
    "(((2,), (2,)), ((), ()))": 5.564220765957594e-16,
    "(((), ()), ((2,), (2,)))": 5.564220765957594e-16,
    "(((2,), (3,)), ((), ()))": -0.0029890836679065764,
    "(((), ()), ((2,), (3,)))": -0.0029890836679065764,
    "(((0,), (0,)), ((0,), (0,)))": -0.001490891073572277,
    "(((0,), (0,)), ((0,), (1,)))": 9.709455857639275e-20,
    "(((0,), (0,)), ((0,), (2,)))": -6.314944954478466e-19,
    "(((0,), (0,)), ((0,), (3,)))": 8.620261398555108e-21,
    "(((0,), (0,)), ((1,), (0,)))": 0.0031607721910190257,
    "(((0,), (0,)), ((1,), (1,)))": -1.7245421166229838e-19,
    "(((0,), (0,)), ((1,), (2,)))": 6.188662622191528e-18,
    "(((0,), (0,)), ((1,), (3,)))": -1.3946594022661117e-20,
    "(((0,), (0,)), ((2,), (0,)))": 5.3692330176154184e-17,
    "(((0,), (0,)), ((2,), (1,)))": -7.423646979819088e-22,
    "(((0,), (0,)), ((2,), (2,)))": -1.8577356189262134e-20,
    "(((0,), (0,)), ((2,), (3,)))": -2.1778815340617647e-18,
    "(((0,), (1,)), ((0,), (0,)))": 7.552262828578003e-20,
    "(((0,), (1,)), ((0,), (1,)))": -0.0014908910735722768,
    "(((0,), (1,)), ((0,), (2,)))": -5.864025353743377e-19,
    "(((0,), (1,)), ((0,), (3,)))": -4.811691063293311e-19,
    "(((0,), (1,)), ((1,), (0,)))": -1.7439794491123966e-19,
    "(((0,), (1,)), ((1,), (1,)))": 0.0031607721910190257,
    "(((0,), (1,)), ((1,), (2,)))": 2.048205670793626e-18,
    "(((0,), (1,)), ((1,), (3,)))": 1.3392991093515453e-18,
    "(((0,), (1,)), ((2,), (0,)))": 1.4626051828622367e-22,
    "(((0,), (1,)), ((2,), (1,)))": 5.3692330253014245e-17,
    "(((0,), (1,)), ((2,), (2,)))": -4.0300597783958513e-19,
    "(((0,), (1,)), ((2,), (3,)))": 1.9245692826853097e-19,
    "(((0,), (2,)), ((0,), (0,)))": -6.314944954478605e-19,
    "(((0,), (2,)), ((0,), (1,)))": -5.864025353743424e-19,
    "(((0,), (2,)), ((0,), (2,)))": -0.0012432863711906088,
    "(((0,), (2,)), ((0,), (3,)))": -2.6411570586870506e-18,
    "(((0,), (2,)), ((1,), (0,)))": 8.07132280351878e-18,
    "(((0,), (2,)), ((1,), (1,)))": 3.089149320167726e-18,
    "(((0,), (2,)), ((1,), (2,)))": -0.00032737124160521437,
    "(((0,), (2,)), ((1,), (3,)))": -1.391432105327547e-17,
    "(((0,), (2,)), ((2,), (0,)))": 1.807603344312449e-21,
    "(((0,), (2,)), ((2,), (1,)))": -3.5740012707114415e-21,
    "(((0,), (2,)), ((2,), (2,)))": -1.0440945515875317e-17,
    "(((0,), (2,)), ((2,), (3,)))": 0.0002462365111677692,
    "(((0,), (3,)), ((0,), (0,)))": 8.620261398550665e-21,
    "(((0,), (3,)), ((0,), (1,)))": -4.811691063293353e-19,
    "(((0,), (3,)), ((0,), (2,)))": 6.279288318790565e-19,
    "(((0,), (3,)), ((0,), (3,)))": -0.0018600936599409267,
    "(((0,), (3,)), ((1,), (0,)))": -1.846647542924369e-20,
    "(((0,), (3,)), ((1,), (1,)))": 1.2061064948654484e-18,
    "(((0,), (3,)), ((1,), (2,)))": -2.1874907046650598e-17,
    "(((0,), (3,)), ((1,), (3,)))": 0.0009142800948300667,
    "(((0,), (3,)), ((2,), (0,)))": -2.1404029276854177e-18,
    "(((0,), (3,)), ((2,), (1,)))": -5.459071550952008e-19,
    "(((0,), (3,)), ((2,), (2,)))": 0.0007948676170340583,
    "(((0,), (3,)), ((2,), (3,)))": 1.3099126037568534e-17,
    "(((1,), (0,)), ((0,), (0,)))": 0.0031607721910190257,
    "(((1,), (0,)), ((0,), (1,)))": -1.5550162562045507e-19,
    "(((1,), (0,)), ((0,), (2,)))": 8.071322803518794e-18,
    "(((1,), (0,)), ((0,), (3,)))": -1.8466475429263422e-20,
    "(((1,), (0,)), ((1,), (0,)))": -0.05577997242604986,
    "(((1,), (0,)), ((1,), (1,)))": 3.815060740020886e-18,
    "(((1,), (0,)), ((1,), (2,)))": -1.6802892278806927e-17,
    "(((1,), (0,)), ((1,), (3,)))": 8.279388638831343e-20,
    "(((1,), (0,)), ((2,), (0,)))": -9.207748570905955e-16,
    "(((1,), (0,)), ((2,), (1,)))": -2.4874076549579408e-20,
    "(((1,), (0,)), ((2,), (2,)))": 4.259983494519323e-19,
    "(((1,), (0,)), ((2,), (3,)))": -6.708938299021159e-17,
    "(((1,), (1,)), ((0,), (0,)))": -1.8257801943538652e-19,
    "(((1,), (1,)), ((0,), (1,)))": 0.0031607721910190257,
    "(((1,), (1,)), ((0,), (2,)))": 3.0891493201677283e-18,
    "(((1,), (1,)), ((0,), (3,)))": 1.2061064948654469e-18,
    "(((1,), (1,)), ((1,), (0,)))": 3.70976524580732e-18,
    "(((1,), (1,)), ((1,), (1,)))": -0.05577997242604987,
    "(((1,), (1,)), ((1,), (2,)))": -2.6372224581712555e-17,
    "(((1,), (1,)), ((1,), (3,)))": -1.8445462687277896e-17,
    "(((1,), (1,)), ((2,), (0,)))": 1.6771603470947894e-20,
    "(((1,), (1,)), ((2,), (1,)))": -9.207748513826607e-16,
    "(((1,), (1,)), ((2,), (2,)))": 5.84763355285383e-18,
    "(((1,), (1,)), ((2,), (3,)))": -2.5290021007880888e-17,
    "(((1,), (2,)), ((0,), (0,)))": 6.188662622191515e-18,
    "(((1,), (2,)), ((0,), (1,)))": 2.0482056707936245e-18,
    "(((1,), (2,)), ((0,), (2,)))": -0.00032737124160521237,
    "(((1,), (2,)), ((0,), (3,)))": -1.7980209098690193e-17,
    "(((1,), (2,)), ((1,), (0,)))": -1.6802892278806884e-17,
    "(((1,), (2,)), ((1,), (1,)))": -2.6372224581712635e-17,
    "(((1,), (2,)), ((1,), (2,)))": -0.046919757281332894,
    "(((1,), (2,)), ((1,), (3,)))": -1.3501110755939546e-15,
    "(((1,), (2,)), ((2,), (0,)))": 3.0148369850183702e-19,
    "(((1,), (2,)), ((2,), (1,)))": 4.019252658063566e-18,
    "(((1,), (2,)), ((2,), (2,)))": 1.0572295055894686e-16,
    "(((1,), (2,)), ((2,), (3,)))": 0.03636338892414368,
    "(((1,), (3,)), ((0,), (0,)))": -1.394659402263601e-20,
    "(((1,), (3,)), ((0,), (1,)))": 1.3392991093515443e-18,
    "(((1,), (3,)), ((0,), (2,)))": -1.793670818851643e-17,
    "(((1,), (3,)), ((0,), (3,)))": 0.0009142800948300667,
    "(((1,), (3,)), ((1,), (0,)))": 8.279388638853395e-20,
    "(((1,), (3,)), ((1,), (1,)))": -1.8445462687277782e-17,
    "(((1,), (3,)), ((1,), (2,)))": -1.400571569034585e-15,
    "(((1,), (3,)), ((1,), (3,)))": -0.02091545940090763,
    "(((1,), (3,)), ((2,), (0,)))": -6.390425350633283e-17,
    "(((1,), (3,)), ((2,), (1,)))": -1.7838887229942092e-17,
    "(((1,), (3,)), ((2,), (2,)))": 0.03297247880159762,
    "(((1,), (3,)), ((2,), (3,)))": 2.280673738592219e-16,
    "(((2,), (0,)), ((0,), (0,)))": 5.37108956855846e-17,
    "(((2,), (0,)), ((0,), (1,)))": 1.141811257709316e-22,
    "(((2,), (0,)), ((0,), (2,)))": 1.807603344320559e-21,
    "(((2,), (0,)), ((0,), (3,)))": -2.1404029276854084e-18,
    "(((2,), (0,)), ((1,), (0,)))": -9.194975554319091e-16,
    "(((2,), (0,)), ((1,), (1,)))": 1.6458583222523332e-21,
    "(((2,), (0,)), ((1,), (2,)))": 3.0148369850175585e-19,
    "(((2,), (0,)), ((1,), (3,)))": -6.390425350633282e-17,
    "(((2,), (0,)), ((2,), (0,)))": -0.003978498858568489,
    "(((2,), (0,)), ((2,), (1,)))": 1.2722874253395154e-19,
    "(((2,), (0,)), ((2,), (2,)))": 1.1931494278440677e-16,
    "(((2,), (0,)), ((2,), (3,)))": -2.909172362328757e-19,
    "(((2,), (1,)), ((0,), (0,)))": -5.011849166046011e-22,