{
  "E": -15.578941541822473,
  "sol": {
    "(((), ()), ((), ()))": 0.988704231114547,
    "(((0,), (0,)), ((), ()))": 1.1358961974036476e-17,
    "(((), ()), ((0,), (0,)))": 1.1358961974036476e-17,
    "(((0,), (1,)), ((), ()))": 2.3402739148285895e-17,
    "(((), ()), ((0,), (1,)))": 2.3402739148285895e-17,
    "(((0,), (2,)), ((), ()))": 0.00032630622981904905,
    "(((), ()), ((0,), (2,)))": 0.00032630622981904905,
    "(((0,), (3,)), ((), ()))": -5.554303868152788e-05,
    "(((), ()), ((0,), (3,)))": -5.554303868152788e-05,
    "(((1,), (0,)), ((), ()))": 2.595618188395431e-17,
    "(((), ()), ((1,), (0,)))": 2.595618188395431e-17,
    "(((1,), (1,)), ((), ()))": 9.627878230983542e-17,
    "(((), ()), ((1,), (1,)))": 9.627878230983542e-17,
    "(((1,), (2,)), ((), ()))": -0.009142764917006973,
    "(((), ()), ((1,), (2,)))": -0.009142764917006973,
    "(((1,), (3,)), ((), ()))": -0.0005072514003486215,
    "(((), ()), ((1,), (3,)))": -0.0005072514003486215,
    "(((2,), (0,)), ((), ()))": 1.4173137644242525e-16,
    "(((), ()), ((2,), (0,)))": 1.4173137644242525e-16,
    "(((2,), (1,)), ((), ()))": 2.1470486775937828e-16,
    "(((), ()), ((2,), (1,)))": 2.1470486775937828e-16,
    "(((2,), (2,)), ((), ()))": 0.003644264113453694,
    "(((), ()), ((2,), (2,)))": 0.003644264113453694,
    "(((2,), (3,)), ((), ()))": -0.0031924072542886322,
    "(((), ()), ((2,), (3,)))": -0.0031924072542886322,
    "(((0,), (0,)), ((0,), (0,)))": -0.0014993897356781285,
    "(((0,), (0,)), ((0,), (1,)))": 3.6463017588704174e-19,
    "(((0,), (0,)), ((0,), (2,)))": -7.121171800884402e-20,
    "(((0,), (0,)), ((0,), (3,)))": 1.5955167119902808e-19,
    "(((0,), (0,)), ((1,), (0,)))": 0.002841455752245845,
    "(((0,), (0,)), ((1,), (1,)))": -1.1849045657618741e-18,
    "(((0,), (0,)), ((1,), (2,)))": -4.607811501799255e-19,
    "(((0,), (0,)), ((1,), (3,)))": -4.932811622488202e-19,
    "(((0,), (0,)), ((2,), (0,)))": -0.0012875280828275415,
    "(((0,), (0,)), ((2,), (1,)))": 5.241658158594291e-19,
    "(((0,), (0,)), ((2,), (2,)))": -6.49019914482846e-19,
    "(((0,), (0,)), ((2,), (3,)))": -7.111805481605559e-19,
    "(((0,), (1,)), ((0,), (0,)))": 1.0644395634281514e-18,
    "(((0,), (1,)), ((0,), (1,)))": -0.0014993897356781276,
    "(((0,), (1,)), ((0,), (2,)))": -1.9042187176475212e-19,
    "(((0,), (1,)), ((0,), (3,)))": 3.265962418104561e-19,
    "(((0,), (1,)), ((1,), (0,)))": -1.009027284875591e-18,
    "(((0,), (1,)), ((1,), (1,)))": 0.002841455752245844,
    "(((0,), (1,)), ((1,), (2,)))": -1.6220479124136852e-18,
    "(((0,), (1,)), ((1,), (3,)))": -8.695392220145315e-19,
    "(((0,), (1,)), ((2,), (0,)))": 5.049062780527995e-19,
    "(((0,), (1,)), ((2,), (1,)))": -0.0012875280828275409,
    "(((0,), (1,)), ((2,), (2,)))": -9.109750703400095e-20,
    "(((0,), (1,)), ((2,), (3,)))": -3.164302528986707e-19,
    "(((0,), (2,)), ((0,), (0,)))": -7.121171800884607e-20,
    "(((0,), (2,)), ((0,), (1,)))": -1.904218717647527e-19,
    "(((0,), (2,)), ((0,), (2,)))": -0.0016020026829071117,
    "(((0,), (2,)), ((0,), (3,)))": -0.00022253938460353186,
    "(((0,), (2,)), ((1,), (0,)))": 2.47990102895129e-19,
    "(((0,), (2,)), ((1,), (1,)))": -2.173580651448862e-19,
    "(((0,), (2,)), ((1,), (2,)))": -0.00037932143199413915,
    "(((0,), (2,)), ((1,), (3,)))": 0.0002169686924395451,
    "(((0,), (2,)), ((2,), (0,)))": -4.661047445799685e-20,
    "(((0,), (2,)), ((2,), (1,)))": 3.076903857388646e-19,
    "(((0,), (2,)), ((2,), (2,)))": 0.0004612378569679688,
    "(((0,), (2,)), ((2,), (3,)))": 0.000201694547861981,
    "(((0,), (3,)), ((0,), (0,)))": 1.5955167119902705e-19,
    "(((0,), (3,)), ((0,), (1,)))": 3.265962418104556e-19,
    "(((0,), (3,)), ((0,), (2,)))": -0.00022253938460353636,
    "(((0,), (3,)), ((0,), (3,)))": -0.0017662875400167384,
    "(((0,), (3,)), ((1,), (0,)))": -6.088397361201307e-19,
    "(((0,), (3,)), ((1,), (1,)))": -1.0801991072312653e-18,
    "(((0,), (3,)), ((1,), (2,)))": 0.00045324842662833103,
    "(((0,), (3,)), ((1,), (3,)))": 0.0007991912222255523,
    "(((0,), (3,)), ((2,), (0,)))": -1.6171676284393853e-19,
    "(((0,), (3,)), ((2,), (1,)))": 1.3356847551090946e-19,
    "(((0,), (3,)), ((2,), (2,)))": 0.0003715818573908395,
    "(((0,), (3,)), ((2,), (3,)))": -0.0008149717426785648,
    "(((1,), (0,)), ((0,), (0,)))": 0.002841455752245845,
    "(((1,), (0,)), ((0,), (1,)))": -1.7177770966282254e-18,
    "(((1,), (0,)), ((0,), (2,)))": 2.479901028951297e-19,
    "(((1,), (0,)), ((0,), (3,)))": -6.088397361201301e-19,
    "(((1,), (0,)), ((1,), (0,)))": -0.04569351931199647,
    "(((1,), (0,)), ((1,), (1,)))": 2.928623925896231e-17,
    "(((1,), (0,)), ((1,), (2,)))": 1.8255903939574015e-17,
    "(((1,), (0,)), ((1,), (3,)))": -1.254819253527485e-18,
    "(((1,), (0,)), ((2,), (0,)))": 0.019235428846810843,
    "(((1,), (0,)), ((2,), (1,)))": -9.909340665450632e-18,
    "(((1,), (0,)), ((2,), (2,)))": 9.72334905977102e-19,
    "(((1,), (0,)), ((2,), (3,)))": -3.684054557040833e-18,
    "(((1,), (1,)), ((0,), (0,)))": -5.233437646867311e-19,
    "(((1,), (1,)), ((0,), (1,)))": 0.002841455752245844,
    "(((1,), (1,)), ((0,), (2,)))": -2.1735806514488254e-19,
    "(((1,), (1,)), ((0,), (3,)))": -1.0801991072312645e-18,
    "(((1,), (1,)), ((1,), (0,)))": 1.844078116160811e-17,
    "(((1,), (1,)), ((1,), (1,)))": -0.045693519311996424,
    "(((1,), (1,)), ((1,), (2,)))": 3.085516280845094e-17,
    "(((1,), (1,)), ((1,), (3,)))": 4.949431256230522e-18,
    "(((1,), (1,)), ((2,), (0,)))": -9.578382862608859e-18,
    "(((1,), (1,)), ((2,), (1,)))": 0.01923542884681083,
    "(((1,), (1,)), ((2,), (2,)))": -6.14044653724814e-18,
    "(((1,), (1,)), ((2,), (3,)))": -8.034954857715042e-18,
    "(((1,), (2,)), ((0,), (0,)))": -4.607811501799258e-19,
    "(((1,), (2,)), ((0,), (1,)))": -1.622047912413689e-18,
    "(((1,), (2,)), ((0,), (2,)))": -0.00037932143199413866,
    "(((1,), (2,)), ((0,), (3,)))": 0.00045324842662833504,
    "(((1,), (2,)), ((1,), (0,)))": 1.8255903939574028e-17,
    "(((1,), (2,)), ((1,), (1,)))": 3.0855162808450974e-17,
    "(((1,), (2,)), ((1,), (2,)))": -0.04358144335628436,
    "(((1,), (2,)), ((1,), (3,)))": 0.028733356959978168,
    "(((1,), (2,)), ((2,), (0,)))": -3.1746906989212094e-18,
    "(((1,), (2,)), ((2,), (1,)))": -1.054127652923561e-17,
    "(((1,), (2,)), ((2,), (2,)))": 0.0038305889022916036,
    "(((1,), (2,)), ((2,), (3,)))": 0.026967099672611697,
    "(((1,), (3,)), ((0,), (0,)))": -4.932811622488215e-19,
    "(((1,), (3,)), ((0,), (1,)))": -8.695392220145323e-19,
    "(((1,), (3,)), ((0,), (2,)))": 0.00021696869243953992,
    "(((1,), (3,)), ((0,), (3,)))": 0.0007991912222255523,
    "(((1,), (3,)), ((1,), (0,)))": -1.2548192535274924e-18,
    "(((1,), (3,)), ((1,), (1,)))": 4.9494312562304964e-18,
    "(((1,), (3,)), ((1,), (2,)))": 0.028733356959978123,
    "(((1,), (3,)), ((1,), (3,)))": -0.0301142703578079,
    "(((1,), (3,)), ((2,), (0,)))": -3.603584694199011e-18,
    "(((1,), (3,)), ((2,), (1,)))": -5.723134327514516e-18,
    "(((1,), (3,)), ((2,), (2,)))": 0.022291402753315037,
    "(((1,), (3,)), ((2,), (3,)))": -0.007605232545791428,
    "(((2,), (0,)), ((0,), (0,)))": -0.001287528082827541,
    "(((2,), (0,)), ((0,), (1,)))": 2.679474079379229e-19,
    "(((2,), (0,)), ((0,), (2,)))": -4.661047445799649e-20,
    "(((2,), (0,)), ((0,), (3,)))": -1.6171676284393744e-19,
    "(((2,), (0,)), ((1,), (0,)))": 0.019235428846810843,
    "(((2,), (0,)), ((1,), (1,)))": -9.350515101574442e-18,
    "(((2,), (0,)), ((1,), (2,)))": -3.174690698921204e-18,
    "(((2,), (0,)), ((1,), (3,)))": -3.6035846941989994e-18,
    "(((2,), (0,)), ((2,), (0,)))": -0.011134321948639682,
    "(((2,), (0,)), ((2,), (1,)))": 4.5089610363134016e-18,
    "(((2,), (0,)), ((2,), (2,)))": -9.270706032980861e-18,
    "(((2,), (0,)), ((2,), (3,)))": -7.711693201646706e-18,
    "(((2,), (1,)), ((0,), (0,)))": 8.045148594042475e-19,
    "(((2,), (1,)), ((0,), (1,)))": -0.0012875280828275406,