{
  "E": -196.03509012079957,
  "sol": {
    "(((), ()), ((), ()))": 0.9817641345349077,
    "(((0,), (0,)), ((), ()))": 3.4564885275550474e-05,
    "(((), ()), ((0,), (0,)))": 3.4564885275550474e-05,
    "(((1,), (0,)), ((), ()))": 7.661827776262289e-16,
    "(((), ()), ((1,), (0,)))": 7.661827776262289e-16,
    "(((2,), (0,)), ((), ()))": 1.7363734439846276e-17,
    "(((), ()), ((2,), (0,)))": 1.7363734439846276e-17,
    "(((3,), (0,)), ((), ()))": -0.012015757419848798,
    "(((), ()), ((3,), (0,)))": -0.012015757419848798,
    "(((4,), (0,)), ((), ()))": 7.105174420216674e-17,
    "(((), ()), ((4,), (0,)))": 7.105174420216674e-17,
    "(((5,), (0,)), ((), ()))": -5.516909369186042e-17,
    "(((), ()), ((5,), (0,)))": -5.516909369186042e-17,
    "(((6,), (0,)), ((), ()))": -4.7681799947469564e-15,
    "(((), ()), ((6,), (0,)))": -4.7681799947469564e-15,
    "(((7,), (0,)), ((), ()))": -4.965342433992655e-16,
    "(((), ()), ((7,), (0,)))": -4.965342433992655e-16,
    "(((8,), (0,)), ((), ()))": -2.9166318337592606e-16,
    "(((), ()), ((8,), (0,)))": -2.9166318337592606e-16,
    "(((0,), (0,)), ((0,), (0,)))": -0.00033272235963576516,
    "(((0,), (0,)), ((1,), (0,)))": -2.3764666104959347e-16,
    "(((0,), (0,)), ((2,), (0,)))": -1.085349711750134e-14,
    "(((0,), (0,)), ((3,), (0,)))": -0.000640221503121423,
    "(((0,), (0,)), ((4,), (0,)))": 1.6850901993224977e-21,
    "(((0,), (0,)), ((5,), (0,)))": 5.499081985944726e-20,
    "(((0,), (0,)), ((6,), (0,)))": 1.815404063551923e-15,
    "(((0,), (0,)), ((7,), (0,)))": 1.1607947581180914e-19,
    "(((0,), (0,)), ((8,), (0,)))": 2.0462731993843083e-19,
    "(((1,), (0,)), ((0,), (0,)))": -2.3759076585591915e-16,
    "(((1,), (0,)), ((1,), (0,)))": -0.00032184583016637734,
    "(((1,), (0,)), ((2,), (0,)))": 0.0004960453258298731,
    "(((1,), (0,)), ((3,), (0,)))": -1.4004406241455545e-14,
    "(((1,), (0,)), ((4,), (0,)))": -1.2035505751341007e-18,
    "(((1,), (0,)), ((5,), (0,)))": -2.0694114855789783e-19,
    "(((1,), (0,)), ((6,), (0,)))": -8.218336208636352e-05,
    "(((1,), (0,)), ((7,), (0,)))": 1.9768422233664828e-19,
    "(((1,), (0,)), ((8,), (0,)))": -6.284069510938641e-18,
    "(((2,), (0,)), ((0,), (0,)))": -1.085337571650749e-14,
    "(((2,), (0,)), ((1,), (0,)))": 0.0004960453258298733,
    "(((2,), (0,)), ((2,), (0,)))": -0.022001938776806337,
    "(((2,), (0,)), ((3,), (0,)))": -6.942884538162226e-17,
    "(((2,), (0,)), ((4,), (0,)))": -5.092484111749535e-16,
    "(((2,), (0,)), ((5,), (0,)))": -4.180119729927195e-17,
    "(((2,), (0,)), ((6,), (0,)))": -0.03471458041305736,
    "(((2,), (0,)), ((7,), (0,)))": -5.886456329262372e-17,
    "(((2,), (0,)), ((8,), (0,)))": 3.0960252084999805e-16,
    "(((3,), (0,)), ((0,), (0,)))": -0.0006402215031214234,
    "(((3,), (0,)), ((1,), (0,)))": -1.4004497999829936e-14,
    "(((3,), (0,)), ((2,), (0,)))": -7.013705953052391e-17,
    "(((3,), (0,)), ((3,), (0,)))": -0.024513441897703103,
    "(((3,), (0,)), ((4,), (0,)))": -6.755048669092412e-19,
    "(((3,), (0,)), ((5,), (0,)))": 4.6527150460116515e-18,
    "(((3,), (0,)), ((6,), (0,)))": 2.0575833332827784e-16,
    "(((3,), (0,)), ((7,), (0,)))": 3.244251260696353e-18,
    "(((3,), (0,)), ((8,), (0,)))": 4.7752568987350955e-18,
    "(((4,), (0,)), ((0,), (0,)))": 1.6850901993240685e-21,
    "(((4,), (0,)), ((1,), (0,)))": -1.2035505751340972e-18,
    "(((4,), (0,)), ((2,), (0,)))": -5.092484111749536e-16,
    "(((4,), (0,)), ((3,), (0,)))": -6.755048669090486e-19,
    "(((4,), (0,)), ((4,), (0,)))": -0.009884946144986098,
    "(((4,), (0,)), ((5,), (0,)))": -1.9084147201840306e-18,
    "(((4,), (0,)), ((6,), (0,)))": -2.4121961248397215e-15,
    "(((4,), (0,)), ((7,), (0,)))": 6.063022618964894e-17,
    "(((4,), (0,)), ((8,), (0,)))": 8.188407225086436e-17,
    "(((5,), (0,)), ((0,), (0,)))": 5.499081985944743e-20,
    "(((5,), (0,)), ((1,), (0,)))": -2.0694114855789745e-19,
    "(((5,), (0,)), ((2,), (0,)))": -4.1801197299271966e-17,
    "(((5,), (0,)), ((3,), (0,)))": 4.652715046011662e-18,
    "(((5,), (0,)), ((4,), (0,)))": -1.3938735875778462e-18,
    "(((5,), (0,)), ((5,), (0,)))": -0.009884946144986109,
    "(((5,), (0,)), ((6,), (0,)))": -2.064773735229947e-16,
    "(((5,), (0,)), ((7,), (0,)))": -8.586174873168234e-17,
    "(((5,), (0,)), ((8,), (0,)))": -3.398939754452187e-17,
    "(((6,), (0,)), ((0,), (0,)))": 1.815351545998007e-15,
    "(((6,), (0,)), ((1,), (0,)))": -8.218336208636344e-05,
    "(((6,), (0,)), ((2,), (0,)))": -0.034714580413057375,
    "(((6,), (0,)), ((3,), (0,)))": 2.0888224123664976e-16,
    "(((6,), (0,)), ((4,), (0,)))": -2.4121961248397223e-15,
    "(((6,), (0,)), ((5,), (0,)))": -2.064773735229947e-16,
    "(((6,), (0,)), ((6,), (0,)))": -0.17419535856389984,
    "(((6,), (0,)), ((7,), (0,)))": -2.6622422694883614e-16,
    "(((6,), (0,)), ((8,), (0,)))": 1.1538237712009423e-15,
    "(((7,), (0,)), ((0,), (0,)))": 1.160794758118091e-19,
    "(((7,), (0,)), ((1,), (0,)))": 1.9768422233664847e-19,
    "(((7,), (0,)), ((2,), (0,)))": -5.886456329262374e-17,
    "(((7,), (0,)), ((3,), (0,)))": 3.24425126069636e-18,
    "(((7,), (0,)), ((4,), (0,)))": 6.047285683267162e-17,
    "(((7,), (0,)), ((5,), (0,)))": -8.78860806764203e-17,
    "(((7,), (0,)), ((6,), (0,)))": -2.6622422694883614e-16,
    "(((7,), (0,)), ((7,), (0,)))": -0.030118429711874225,
    "(((7,), (0,)), ((8,), (0,)))": -2.3980858863031443e-18,
    "(((8,), (0,)), ((0,), (0,)))": 2.0462731993842703e-19,
    "(((8,), (0,)), ((1,), (0,)))": -6.2840695109386425e-18,
    "(((8,), (0,)), ((2,), (0,)))": 3.096025208499982e-16,
    "(((8,), (0,)), ((3,), (0,)))": 4.7752568987350724e-18,
    "(((8,), (0,)), ((4,), (0,)))": 8.245711184161375e-17,
    "(((8,), (0,)), ((5,), (0,)))": -3.423337282943505e-17,
    "(((8,), (0,)), ((6,), (0,)))": 1.1538237712009423e-15,
    "(((8,), (0,)), ((7,), (0,)))": -3.971942798535705e-18,
    "(((8,), (0,)), ((8,), (0,)))": -0.030118429711874225
  }
}