{
  "E": -14.617790515565288,
  "sol": {
    "((1, 1, 1), (1, 1, 1))": 0.9392968927531004,
    "((1, 1, 1), (1, 1, 0, 1))": -8.049116928532385e-15,
    "((1, 1, 1), (1, 0, 1, 1))": 0.0006646666068976787,
    "((1, 1, 1), (0, 1, 1, 1))": 1.1866274276645354e-16,
    "((1, 1, 1), (1, 1, 0, 0, 1))": 3.810826500847643e-15,
    "((1, 1, 1), (1, 0, 1, 0, 1))": -9.276934356873408e-17,
    "((1, 1, 1), (0, 1, 1, 0, 1))": -4.5400156845736155e-17,
    "((1, 1, 1), (1, 0, 0, 1, 1))": -5.18395663267966e-18,
    "((1, 1, 1), (0, 1, 0, 1, 1))": 4.174732905296993e-20,
    "((1, 1, 1), (0, 0, 1, 1, 1))": 1.2823716631957203e-20,
    "((1, 1, 0, 1), (1, 1, 1))": 5.681167322814984e-15,
    "((1, 1, 0, 1), (1, 1, 0, 1))": -0.16395486572403206,
    "((1, 1, 0, 1), (1, 0, 1, 1))": -6.595585243374123e-17,
    "((1, 1, 0, 1), (0, 1, 1, 1))": 0.0008201848440368054,
    "((1, 1, 0, 1), (1, 1, 0, 0, 1))": 1.13658201119078e-16,
    "((1, 1, 0, 1), (1, 0, 1, 0, 1))": -8.505376469644928e-18,
    "((1, 1, 0, 1), (0, 1, 1, 0, 1))": -2.928942322278355e-18,
    "((1, 1, 0, 1), (1, 0, 0, 1, 1))": 2.6822560254034137e-18,
    "((1, 1, 0, 1), (0, 1, 0, 1, 1))": 4.687900051669227e-19,
    "((1, 1, 0, 1), (0, 0, 1, 1, 1))": 1.0683864094896073e-19,
    "((1, 0, 1, 1), (1, 1, 1))": 0.0006646666068979347,
    "((1, 0, 1, 1), (1, 1, 0, 1))": -6.934109773543532e-17,
    "((1, 0, 1, 1), (1, 0, 1, 1))": -0.0015820112931239395,
    "((1, 0, 1, 1), (0, 1, 1, 1))": -1.6356358731610366e-17,
    "((1, 0, 1, 1), (1, 1, 0, 0, 1))": -7.076358807327975e-18,
    "((1, 0, 1, 1), (1, 0, 1, 0, 1))": 5.370897066747224e-19,
    "((1, 0, 1, 1), (0, 1, 1, 0, 1))": 1.0420137487164205e-17,
    "((1, 0, 1, 1), (1, 0, 0, 1, 1))": 9.072832924694208e-18,
    "((1, 0, 1, 1), (0, 1, 0, 1, 1))": -3.0390165136032237e-19,
    "((1, 0, 1, 1), (0, 0, 1, 1, 1))": 1.4268116501745024e-19,
    "((0, 1, 1, 1), (1, 1, 1))": 5.793175340992347e-17,
    "((0, 1, 1, 1), (1, 1, 0, 1))": 0.0008201848440368077,
    "((0, 1, 1, 1), (1, 0, 1, 1))": -1.6478544576209524e-17,
    "((0, 1, 1, 1), (0, 1, 1, 1))": -0.0014510158174707054,
    "((0, 1, 1, 1), (1, 1, 0, 0, 1))": 2.3838151858333588e-19,
    "((0, 1, 1, 1), (1, 0, 1, 0, 1))": 1.0837969049929093e-17,
    "((0, 1, 1, 1), (0, 1, 1, 0, 1))": 5.440914351023479e-19,
    "((0, 1, 1, 1), (1, 0, 0, 1, 1))": -4.162535347656108e-19,
    "((0, 1, 1, 1), (0, 1, 0, 1, 1))": 8.573035224987047e-18,
    "((0, 1, 1, 1), (0, 0, 1, 1, 1))": -1.5441560374231826e-19,
    "((1, 1, 0, 0, 1), (1, 1, 1))": -2.2883602100614416e-15,
    "((1, 1, 0, 0, 1), (1, 1, 0, 1))": 1.0952120939778147e-16,
    "((1, 1, 0, 0, 1), (1, 0, 1, 1))": 2.545431110571798e-18,
    "((1, 1, 0, 0, 1), (0, 1, 1, 1))": 7.460354469650255e-19,
    "((1, 1, 0, 0, 1), (1, 1, 0, 0, 1))": -0.301347457391549,
    "((1, 1, 0, 0, 1), (1, 0, 1, 0, 1))": 2.667264273770008e-16,
    "((1, 1, 0, 0, 1), (0, 1, 1, 0, 1))": -0.003000508566253204,
    "((1, 1, 0, 0, 1), (1, 0, 0, 1, 1))": 0.0006102087626333016,
    "((1, 1, 0, 0, 1), (0, 1, 0, 1, 1))": 9.84214313440088e-17,
    "((1, 1, 0, 0, 1), (0, 0, 1, 1, 1))": 1.385150655447729e-05,
    "((1, 0, 1, 0, 1), (1, 1, 1))": -7.211724149842062e-18,
    "((1, 0, 1, 0, 1), (1, 1, 0, 1))": -2.1837907141315194e-18,
    "((1, 0, 1, 0, 1), (1, 0, 1, 1))": -5.299688462707867e-19,
    "((1, 0, 1, 0, 1), (0, 1, 1, 1))": -6.5822921685775356e-18,
    "((1, 0, 1, 0, 1), (1, 1, 0, 0, 1))": 2.813030524208053e-16,
    "((1, 0, 1, 0, 1), (1, 0, 1, 0, 1))": 0.0004588626306805197,
    "((1, 0, 1, 0, 1), (0, 1, 1, 0, 1))": 1.8494353436888286e-17,
    "((1, 0, 1, 0, 1), (1, 0, 0, 1, 1))": -1.2931365857430767e-16,
    "((1, 0, 1, 0, 1), (0, 1, 0, 1, 1))": 0.0008080934292193943,
    "((1, 0, 1, 0, 1), (0, 0, 1, 1, 1))": -3.1570486357592696e-20,
    "((0, 1, 1, 0, 1), (1, 1, 1))": -8.863898721081226e-18,
    "((0, 1, 1, 0, 1), (1, 1, 0, 1))": 6.389549205137885e-20,
    "((0, 1, 1, 0, 1), (1, 0, 1, 1))": -6.847931206596601e-18,
    "((0, 1, 1, 0, 1), (0, 1, 1, 1))": -5.510505500918109e-19,
    "((0, 1, 1, 0, 1), (1, 1, 0, 0, 1))": -0.0030005085662531345,
    "((0, 1, 1, 0, 1), (1, 0, 1, 0, 1))": 1.9279322565359185e-17,
    "((0, 1, 1, 0, 1), (0, 1, 1, 0, 1))": 0.00024743087100389773,
    "((0, 1, 1, 0, 1), (1, 0, 0, 1, 1))": 0.0007942419226649166,
    "((0, 1, 1, 0, 1), (0, 1, 0, 1, 1))": 1.4071794737827334e-16,
    "((0, 1, 1, 0, 1), (0, 0, 1, 1, 1))": -9.354960349095578e-07,
    "((1, 0, 0, 1, 1), (1, 1, 1))": 6.828052760332345e-18,
    "((1, 0, 0, 1, 1), (1, 1, 0, 1))": 1.1824468722508086e-18,
    "((1, 0, 0, 1, 1), (1, 0, 1, 1))": -5.597440105463439e-18,
    "((1, 0, 0, 1, 1), (0, 1, 1, 1))": -4.2176241517444967e-19,
    "((1, 0, 0, 1, 1), (1, 1, 0, 0, 1))": 0.0006102087626333354,
    "((1, 0, 0, 1, 1), (1, 0, 1, 0, 1))": -1.3915362175246736e-16,
    "((1, 0, 0, 1, 1), (0, 1, 1, 0, 1))": 0.0007942419226649129,
    "((1, 0, 0, 1, 1), (1, 0, 0, 1, 1))": 0.0008487003763312999,
    "((1, 0, 0, 1, 1), (0, 1, 0, 1, 1))": 2.9219909278688946e-19,
    "((1, 0, 0, 1, 1), (0, 0, 1, 1, 1))": -4.1182278390542115e-06,
    "((0, 1, 0, 1, 1), (1, 1, 1))": -6.746136259534675e-19,
    "((0, 1, 0, 1, 1), (1, 1, 0, 1))": 2.6910672705403002e-18,
    "((0, 1, 0, 1, 1), (1, 0, 1, 1))": -3.4274936112291693e-19,
    "((0, 1, 0, 1, 1), (0, 1, 1, 1))": -5.223012521126716e-18,
    "((0, 1, 0, 1, 1), (1, 1, 0, 0, 1))": 2.966816682353934e-17,
    "((0, 1, 0, 1, 1), (1, 0, 1, 0, 1))": 0.0008080934292194018,
    "((0, 1, 0, 1, 1), (0, 1, 1, 0, 1))": 1.268282029635732e-16,
    "((0, 1, 0, 1, 1), (1, 0, 0, 1, 1))": -1.8090585711434162e-20,
    "((0, 1, 0, 1, 1), (0, 1, 0, 1, 1))": 0.0008432035521851726,
    "((0, 1, 0, 1, 1), (0, 0, 1, 1, 1))": -4.812422286988037e-19,
    "((0, 0, 1, 1, 1), (1, 1, 1))": -1.5304537249887632e-19,
    "((0, 0, 1, 1, 1), (1, 1, 0, 1))": 7.788086815390133e-20,
    "((0, 0, 1, 1, 1), (1, 0, 1, 1))": 1.783103506882211e-20,
    "((0, 0, 1, 1, 1), (0, 1, 1, 1))": -1.481493817711905e-20,
    "((0, 0, 1, 1, 1), (1, 1, 0, 0, 1))": 1.3851506554476506e-05,
    "((0, 0, 1, 1, 1), (1, 0, 1, 0, 1))": -6.551379438372037e-21,
    "((0, 0, 1, 1, 1), (0, 1, 1, 0, 1))": -9.354960349093339e-07,
    "((0, 0, 1, 1, 1), (1, 0, 0, 1, 1))": -4.1182278390532035e-06,
    "((0, 0, 1, 1, 1), (0, 1, 0, 1, 1))": -4.1317131388203855e-19,
    "((0, 0, 1, 1, 1), (0, 0, 1, 1, 1))": -7.274248494240632e-06
  }
}