{
  "E": -14.617766980209584,
  "sol": {
    "(((), ()), ((), ()))": 0.9394239175881113,
    "(((0,), (0,)), ((), ()))": 1.6613373352118292e-16,
    "(((), ()), ((0,), (0,)))": 1.6613373352118292e-16,
    "(((0,), (1,)), ((), ()))": -5.62536216162252e-18,
    "(((), ()), ((0,), (1,)))": -5.62536216162252e-18,
    "(((1,), (0,)), ((), ()))": 0.0006457497824037841,
    "(((), ()), ((1,), (0,)))": 0.0006457497824037841,
    "(((1,), (1,)), ((), ()))": -7.332618908938341e-18,
    "(((), ()), ((1,), (1,)))": -7.332618908938341e-18,
    "(((2,), (0,)), ((), ()))": -6.446975783339043e-16,
    "(((), ()), ((2,), (0,)))": -6.446975783339043e-16,
    "(((2,), (1,)), ((), ()))": 1.0104578275191437e-16,
    "(((), ()), ((2,), (1,)))": 1.0104578275191437e-16,
    "(((0,), (0,)), ((0,), (0,)))": -0.0014427576569660207,
    "(((0,), (0,)), ((0,), (1,)))": -5.192713329379919e-19,
    "(((0,), (0,)), ((1,), (0,)))": -1.8460899515825748e-17,
    "(((0,), (0,)), ((1,), (1,)))": 2.8589617119153164e-21,
    "(((0,), (0,)), ((2,), (0,)))": 0.0008185202558459593,
    "(((0,), (0,)), ((2,), (1,)))": 7.526965691082994e-19,
    "(((0,), (1,)), ((0,), (0,)))": -5.192713329379887e-19,
    "(((0,), (1,)), ((0,), (1,)))": 0.00020524856377714714,
    "(((0,), (1,)), ((1,), (0,)))": -2.8302549054051363e-19,
    "(((0,), (1,)), ((1,), (1,)))": 1.8811806065715565e-17,
    "(((0,), (1,)), ((2,), (0,)))": 3.7078901143146885e-20,
    "(((0,), (1,)), ((2,), (1,)))": -0.0030696471666679633,
    "(((1,), (0,)), ((0,), (0,)))": -1.9200558273867754e-17,
    "(((1,), (0,)), ((0,), (1,)))": -2.8302549054051787e-19,
    "(((1,), (0,)), ((1,), (0,)))": -0.0015736175564972676,
    "(((1,), (0,)), ((1,), (1,)))": -5.791641053500263e-19,
    "(((1,), (0,)), ((2,), (0,)))": -6.099614459135165e-17,
    "(((1,), (0,)), ((2,), (1,)))": -1.1883408512488152e-18,
    "(((1,), (1,)), ((0,), (0,)))": 2.8589617119195534e-21,
    "(((1,), (1,)), ((0,), (1,)))": 1.870998352231237e-17,
    "(((1,), (1,)), ((1,), (0,)))": -5.791641053500229e-19,
    "(((1,), (1,)), ((1,), (1,)))": 0.00041837062787997354,
    "(((1,), (1,)), ((2,), (0,)))": -1.4733987867845282e-18,
    "(((1,), (1,)), ((2,), (1,)))": 2.828947166138861e-16,
    "(((2,), (0,)), ((0,), (0,)))": 0.0008185202558459613,
    "(((2,), (0,)), ((0,), (1,)))": 3.707890114314111e-20,
    "(((2,), (0,)), ((1,), (0,)))": -6.251204003803755e-17,
    "(((2,), (0,)), ((1,), (1,)))": -1.4733987867845187e-18,
    "(((2,), (0,)), ((2,), (0,)))": -0.163973941038349,
    "(((2,), (0,)), ((2,), (1,)))": 1.0993666899267558e-16,
    "(((2,), (1,)), ((0,), (0,)))": 7.526965691083041e-19,
    "(((2,), (1,)), ((0,), (1,)))": -0.0030696471666679633,
    "(((2,), (1,)), ((1,), (0,)))": -1.1883408512488271e-18,
    "(((2,), (1,)), ((1,), (1,)))": 2.828947166138862e-16,
    "(((2,), (1,)), ((2,), (0,)))": 1.0993666899267558e-16,
    "(((2,), (1,)), ((2,), (1,)))": -0.3009475956659137
  }
}