{
  "E": -195.93533413896023,
  "sol": {
    "(((), ()), ((), ()))": 0.9913838787265701,
    "(((0,), (0,)), ((), ()))": 2.9426048562946547e-05,
    "(((), ()), ((0,), (0,)))": 2.9426048562946547e-05,
    "(((1,), (0,)), ((), ()))": 6.017517367426795e-16,
    "(((), ()), ((1,), (0,)))": 6.017517367426795e-16,
    "(((2,), (0,)), ((), ()))": 1.2097823446390292e-15,
    "(((), ()), ((2,), (0,)))": 1.2097823446390292e-15,
    "(((3,), (0,)), ((), ()))": 0.007284230172095784,
    "(((), ()), ((3,), (0,)))": 0.007284230172095784,
    "(((4,), (0,)), ((), ()))": -1.4336590156035217e-17,
    "(((), ()), ((4,), (0,)))": -1.4336590156035217e-17,
    "(((5,), (0,)), ((), ()))": -3.533062480164411e-17,
    "(((), ()), ((5,), (0,)))": -3.533062480164411e-17,
    "(((6,), (0,)), ((), ()))": -1.3849185567800527e-15,
    "(((), ()), ((6,), (0,)))": -1.3849185567800527e-15,
    "(((7,), (0,)), ((), ()))": -2.6389408526074485e-16,
    "(((), ()), ((7,), (0,)))": -2.6389408526074485e-16,
    "(((8,), (0,)), ((), ()))": -1.6240686625769098e-16,
    "(((), ()), ((8,), (0,)))": -1.6240686625769098e-16,
    "(((0,), (0,)), ((0,), (0,)))": -0.00045085179009880837,
    "(((0,), (0,)), ((1,), (0,)))": -2.5066965563456085e-16,
    "(((0,), (0,)), ((2,), (0,)))": -8.092500619618203e-15,
    "(((0,), (0,)), ((3,), (0,)))": 0.0006639667911843901,
    "(((0,), (0,)), ((4,), (0,)))": -6.227771772924728e-20,
    "(((0,), (0,)), ((5,), (0,)))": 1.203624063862801e-19,
    "(((0,), (0,)), ((6,), (0,)))": 3.2648217111141423e-15,
    "(((0,), (0,)), ((7,), (0,)))": -9.979986129571751e-20,
    "(((0,), (0,)), ((8,), (0,)))": 2.1398346285981562e-19,
    "(((1,), (0,)), ((0,), (0,)))": -2.5068557821546987e-16,
    "(((1,), (0,)), ((1,), (0,)))": -0.0004361155756272042,
    "(((1,), (0,)), ((2,), (0,)))": 0.0004754252388761538,
    "(((1,), (0,)), ((3,), (0,)))": 1.1295718806899364e-14,
    "(((1,), (0,)), ((4,), (0,)))": 1.741729422037704e-19,
    "(((1,), (0,)), ((5,), (0,)))": -8.349288264676494e-19,
    "(((1,), (0,)), ((6,), (0,)))": -0.00019235162513976808,
    "(((1,), (0,)), ((7,), (0,)))": -2.5315598943511372e-18,
    "(((1,), (0,)), ((8,), (0,)))": 3.401853588331398e-20,
    "(((2,), (0,)), ((0,), (0,)))": -8.092462608245263e-15,
    "(((2,), (0,)), ((1,), (0,)))": 0.0004754252388761538,
    "(((2,), (0,)), ((2,), (0,)))": -0.024074295902922933,
    "(((2,), (0,)), ((3,), (0,)))": -1.1804972680400554e-18,
    "(((2,), (0,)), ((4,), (0,)))": 2.5814805343979144e-17,
    "(((2,), (0,)), ((5,), (0,)))": -1.3915584665976446e-16,
    "(((2,), (0,)), ((6,), (0,)))": -0.0318473802971737,
    "(((2,), (0,)), ((7,), (0,)))": -1.6600602473780555e-16,
    "(((2,), (0,)), ((8,), (0,)))": 4.485799345041953e-17,
    "(((3,), (0,)), ((0,), (0,)))": 0.0006639667911843903,
    "(((3,), (0,)), ((1,), (0,)))": 1.129580217257789e-14,
    "(((3,), (0,)), ((2,), (0,)))": 6.501406479590978e-18,
    "(((3,), (0,)), ((3,), (0,)))": -0.022033174437810863,
    "(((3,), (0,)), ((4,), (0,)))": -1.626334662888741e-18,
    "(((3,), (0,)), ((5,), (0,)))": -6.518526479820523e-18,
    "(((3,), (0,)), ((6,), (0,)))": -3.5233328953802693e-16,
    "(((3,), (0,)), ((7,), (0,)))": -8.058765728036154e-18,
    "(((3,), (0,)), ((8,), (0,)))": 2.533905882381188e-18,
    "(((4,), (0,)), ((0,), (0,)))": -6.227771772924742e-20,
    "(((4,), (0,)), ((1,), (0,)))": 1.741729422037705e-19,
    "(((4,), (0,)), ((2,), (0,)))": 2.5814805343979148e-17,
    "(((4,), (0,)), ((3,), (0,)))": -1.6263346628887528e-18,
    "(((4,), (0,)), ((4,), (0,)))": -0.010537505205463952,
    "(((4,), (0,)), ((5,), (0,)))": 9.881561738722772e-19,
    "(((4,), (0,)), ((6,), (0,)))": 7.62072774305536e-17,
    "(((4,), (0,)), ((7,), (0,)))": -7.125335170999748e-17,
    "(((4,), (0,)), ((8,), (0,)))": 1.1216679323831678e-16,
    "(((5,), (0,)), ((0,), (0,)))": 1.2036240638628247e-19,
    "(((5,), (0,)), ((1,), (0,)))": -8.349288264676463e-19,
    "(((5,), (0,)), ((2,), (0,)))": -1.3915584665976451e-16,
    "(((5,), (0,)), ((3,), (0,)))": -6.518526479820425e-18,
    "(((5,), (0,)), ((4,), (0,)))": 1.3606037113497704e-18,
    "(((5,), (0,)), ((5,), (0,)))": -0.01053750520546395,
    "(((5,), (0,)), ((6,), (0,)))": -4.3825748526642806e-16,
    "(((5,), (0,)), ((7,), (0,)))": -1.0238708301554874e-16,
    "(((5,), (0,)), ((8,), (0,)))": 7.78513113995756e-17,
    "(((6,), (0,)), ((0,), (0,)))": 3.2650456558689213e-15,
    "(((6,), (0,)), ((1,), (0,)))": -0.00019235162513976802,
    "(((6,), (0,)), ((2,), (0,)))": -0.031847380297173704,
    "(((6,), (0,)), ((3,), (0,)))": -3.2987932219594054e-16,
    "(((6,), (0,)), ((4,), (0,)))": 7.620727743055359e-17,
    "(((6,), (0,)), ((5,), (0,)))": -4.38257485266428e-16,
    "(((6,), (0,)), ((6,), (0,)))": -0.10998445699930234,
    "(((6,), (0,)), ((7,), (0,)))": -3.690477404713277e-16,
    "(((6,), (0,)), ((8,), (0,)))": 1.2333320758301937e-16,
    "(((7,), (0,)), ((0,), (0,)))": -9.979986129571573e-20,
    "(((7,), (0,)), ((1,), (0,)))": -2.531559894351134e-18,
    "(((7,), (0,)), ((2,), (0,)))": -1.6600602473780565e-16,
    "(((7,), (0,)), ((3,), (0,)))": -8.058765728036096e-18,
    "(((7,), (0,)), ((4,), (0,)))": -7.028140622117272e-17,
    "(((7,), (0,)), ((5,), (0,)))": -1.0321193999954188e-16,
    "(((7,), (0,)), ((6,), (0,)))": -3.690477404713277e-16,
    "(((7,), (0,)), ((7,), (0,)))": -0.028617122936959657,
    "(((7,), (0,)), ((8,), (0,)))": 1.173033088939548e-19,
    "(((8,), (0,)), ((0,), (0,)))": 2.1398346285981558e-19,
    "(((8,), (0,)), ((1,), (0,)))": 3.401853588331456e-20,
    "(((8,), (0,)), ((2,), (0,)))": 4.485799345041954e-17,
    "(((8,), (0,)), ((3,), (0,)))": 2.5339058823811647e-18,
    "(((8,), (0,)), ((4,), (0,)))": 1.1147111311126616e-16,
    "(((8,), (0,)), ((5,), (0,)))": 7.874967808728219e-17,
    "(((8,), (0,)), ((6,), (0,)))": 1.2333320758301937e-16,
    "(((8,), (0,)), ((7,), (0,)))": 1.190686760305652e-18,
    "(((8,), (0,)), ((8,), (0,)))": -0.02861712293695968
  }
}