{
  "E": -15.592736178337752,
  "sol": {
    "(((), ()), ((), ()))": 0.9883925140235474,
    "(((0,), (0,)), ((), ()))": 2.036234715254551e-18,
    "(((), ()), ((0,), (0,)))": 2.036234715254551e-18,
    "(((0,), (1,)), ((), ()))": 1.564393555605623e-17,
    "(((), ()), ((0,), (1,)))": 1.564393555605623e-17,
    "(((0,), (2,)), ((), ()))": 0.00034049360404148635,
    "(((), ()), ((0,), (2,)))": 0.00034049360404148635,
    "(((0,), (3,)), ((), ()))": 7.375304200895126e-19,
    "(((), ()), ((0,), (3,)))": 7.375304200895126e-19,
    "(((1,), (0,)), ((), ()))": 2.8398208381226193e-17,
    "(((), ()), ((1,), (0,)))": 2.8398208381226193e-17,
    "(((1,), (1,)), ((), ()))": 1.2226494870821883e-16,
    "(((), ()), ((1,), (1,)))": 1.2226494870821883e-16,
    "(((1,), (2,)), ((), ()))": -0.009905831186248187,
    "(((), ()), ((1,), (2,)))": -0.009905831186248187,
    "(((1,), (3,)), ((), ()))": 6.162066393751835e-16,
    "(((), ()), ((1,), (3,)))": 6.162066393751835e-16,
    "(((2,), (0,)), ((), ()))": 3.902383996523658e-19,
    "(((), ()), ((2,), (0,)))": 3.902383996523658e-19,
    "(((2,), (1,)), ((), ()))": 1.581477377783189e-18,
    "(((), ()), ((2,), (1,)))": 1.581477377783189e-18,
    "(((2,), (2,)), ((), ()))": -8.542167714424869e-16,
    "(((), ()), ((2,), (2,)))": -8.542167714424869e-16,
    "(((2,), (3,)), ((), ()))": -0.0032351081854801894,
    "(((), ()), ((2,), (3,)))": -0.0032351081854801894,
    "(((0,), (0,)), ((0,), (0,)))": -0.001504590088566794,
    "(((0,), (0,)), ((0,), (1,)))": 4.998321051684436e-19,
    "(((0,), (0,)), ((0,), (2,)))": -1.6866146184644297e-20,
    "(((0,), (0,)), ((0,), (3,)))": -1.227942011821805e-19,
    "(((0,), (0,)), ((1,), (0,)))": 0.003105874154359453,
    "(((0,), (0,)), ((1,), (1,)))": -4.756792526822621e-19,
    "(((0,), (0,)), ((1,), (2,)))": 1.1760998678419336e-18,
    "(((0,), (0,)), ((1,), (3,)))": 2.54056223911811e-19,
    "(((0,), (0,)), ((2,), (0,)))": 7.117541995045088e-18,
    "(((0,), (0,)), ((2,), (1,)))": 4.848615561523245e-20,
    "(((0,), (0,)), ((2,), (2,)))": 9.091453745713096e-20,
    "(((0,), (0,)), ((2,), (3,)))": 9.395579503976997e-20,
    "(((0,), (1,)), ((0,), (0,)))": -2.6847321243493405e-19,
    "(((0,), (1,)), ((0,), (1,)))": -0.0015045900885667937,
    "(((0,), (1,)), ((0,), (2,)))": -1.9428726348326395e-19,
    "(((0,), (1,)), ((0,), (3,)))": 1.328409170947654e-19,
    "(((0,), (1,)), ((1,), (0,)))": -1.4035567578745493e-20,
    "(((0,), (1,)), ((1,), (1,)))": 0.003105874154359452,
    "(((0,), (1,)), ((1,), (2,)))": -1.1634091482095966e-18,
    "(((0,), (1,)), ((1,), (3,)))": -2.383194071058722e-19,
    "(((0,), (1,)), ((2,), (0,)))": -5.323127336245245e-20,
    "(((0,), (1,)), ((2,), (1,)))": 7.078427170610282e-18,
    "(((0,), (1,)), ((2,), (2,)))": -1.315422493097547e-19,
    "(((0,), (1,)), ((2,), (3,)))": -2.4426855223458767e-19,
    "(((0,), (2,)), ((0,), (0,)))": -1.6866146184642924e-20,
    "(((0,), (2,)), ((0,), (1,)))": -1.942872634832642e-19,
    "(((0,), (2,)), ((0,), (2,)))": -0.0017229247411690363,
    "(((0,), (2,)), ((0,), (3,)))": -1.7626744534822258e-17,
    "(((0,), (2,)), ((1,), (0,)))": 6.80256784858187e-19,
    "(((0,), (2,)), ((1,), (1,)))": -3.624568034734154e-19,
    "(((0,), (2,)), ((1,), (2,)))": -0.0006883956419160719,
    "(((0,), (2,)), ((1,), (3,)))": -1.0851113576616825e-17,
    "(((0,), (2,)), ((2,), (0,)))": -2.1745664370756172e-20,
    "(((0,), (2,)), ((2,), (1,)))": 2.3271931308907363e-20,
    "(((0,), (2,)), ((2,), (2,)))": -8.577685010061839e-18,
    "(((0,), (2,)), ((2,), (3,)))": 0.00042665497831732667,
    "(((0,), (3,)), ((0,), (0,)))": -1.2279420118218018e-19,
    "(((0,), (3,)), ((0,), (1,)))": 1.3284091709476545e-19,
    "(((0,), (3,)), ((0,), (2,)))": -1.7655432509632484e-17,
    "(((0,), (3,)), ((0,), (3,)))": -0.0018238988210281895,
    "(((0,), (3,)), ((1,), (0,)))": 2.681570144866517e-19,
    "(((0,), (3,)), ((1,), (1,)))": -2.6119349086087135e-19,
    "(((0,), (3,)), ((1,), (2,)))": -1.1866903173675692e-17,
    "(((0,), (3,)), ((1,), (3,)))": 0.0011849238000323906,
    "(((0,), (3,)), ((2,), (0,)))": 3.9887918578862164e-20,
    "(((0,), (3,)), ((2,), (1,)))": -1.0417802466366027e-19,
    "(((0,), (3,)), ((2,), (2,)))": 0.0005310563672993885,
    "(((0,), (3,)), ((2,), (3,)))": 1.0894462262334463e-17,
    "(((1,), (0,)), ((0,), (0,)))": 0.003105874154359452,
    "(((1,), (0,)), ((0,), (1,)))": -1.1772315078294354e-18,
    "(((1,), (0,)), ((0,), (2,)))": 6.802567848581883e-19,
    "(((1,), (0,)), ((0,), (3,)))": 2.681570144866516e-19,
    "(((1,), (0,)), ((1,), (0,)))": -0.05363551611403803,
    "(((1,), (0,)), ((1,), (1,)))": 2.1203988826483006e-19,
    "(((1,), (0,)), ((1,), (2,)))": -2.046658247445377e-17,
    "(((1,), (0,)), ((1,), (3,)))": -2.7203664782941994e-18,
    "(((1,), (0,)), ((2,), (0,)))": -1.6718162304806404e-16,
    "(((1,), (0,)), ((2,), (1,)))": -2.643310798685992e-19,
    "(((1,), (0,)), ((2,), (2,)))": -2.4726095462594454e-18,
    "(((1,), (0,)), ((2,), (3,)))": -6.614743065624591e-19,
    "(((1,), (1,)), ((0,), (0,)))": 9.182005883441622e-19,
    "(((1,), (1,)), ((0,), (1,)))": 0.003105874154359452,
    "(((1,), (1,)), ((0,), (2,)))": -3.624568034734145e-19,
    "(((1,), (1,)), ((0,), (3,)))": -2.611934908608724e-19,
    "(((1,), (1,)), ((1,), (0,)))": 9.780482712793371e-19,
    "(((1,), (1,)), ((1,), (1,)))": -0.05363551611403805,
    "(((1,), (1,)), ((1,), (2,)))": 1.3481714621957835e-17,
    "(((1,), (1,)), ((1,), (3,)))": 2.285831554314273e-18,
    "(((1,), (1,)), ((2,), (0,)))": -6.292497597967063e-19,
    "(((1,), (1,)), ((2,), (1,)))": -1.6806577257872313e-16,
    "(((1,), (1,)), ((2,), (2,)))": 2.869173945706231e-18,
    "(((1,), (1,)), ((2,), (3,)))": 3.426921717260654e-18,
    "(((1,), (2,)), ((0,), (0,)))": 1.1760998678419325e-18,
    "(((1,), (2,)), ((0,), (1,)))": -1.163409148209597e-18,
    "(((1,), (2,)), ((0,), (2,)))": -0.0006883956419160707,
    "(((1,), (2,)), ((0,), (3,)))": -1.6620053717077065e-17,
    "(((1,), (2,)), ((1,), (0,)))": -2.0466582474453777e-17,
    "(((1,), (2,)), ((1,), (1,)))": 1.3481714621957851e-17,
    "(((1,), (2,)), ((1,), (2,)))": -0.053945228300266684,
    "(((1,), (2,)), ((1,), (3,)))": -6.240705628718142e-16,
    "(((1,), (2,)), ((2,), (0,)))": -2.0090954138784975e-18,
    "(((1,), (2,)), ((2,), (1,)))": 2.1872095686468225e-18,
    "(((1,), (2,)), ((2,), (2,)))": -3.158786098017025e-16,
    "(((1,), (2,)), ((2,), (3,)))": 0.04421276067669615,
    "(((1,), (3,)), ((0,), (0,)))": 2.540562239118111e-19,
    "(((1,), (3,)), ((0,), (1,)))": -2.383194071058717e-19,
    "(((1,), (3,)), ((0,), (2,)))": -9.222841730912189e-18,
    "(((1,), (3,)), ((0,), (3,)))": 0.0011849238000323893,
    "(((1,), (3,)), ((1,), (0,)))": -2.720366478294207e-18,
    "(((1,), (3,)), ((1,), (1,)))": 2.2858315543142634e-18,
    "(((1,), (3,)), ((1,), (2,)))": -6.60121823144157e-16,
    "(((1,), (3,)), ((1,), (3,)))": -0.025441522731798637,
    "(((1,), (3,)), ((2,), (0,)))": -1.3964245113853946e-18,
    "(((1,), (3,)), ((2,), (1,)))": 4.944829517316725e-18,
    "(((1,), (3,)), ((2,), (2,)))": 0.03882965901044541,
    "(((1,), (3,)), ((2,), (3,)))": 8.921197814810288e-16,
    "(((2,), (0,)), ((0,), (0,)))": 7.096087647329617e-18,
    "(((2,), (0,)), ((0,), (1,)))": 3.1550779938640533e-19,
    "(((2,), (0,)), ((0,), (2,)))": -2.1745664370755353e-20,
    "(((2,), (0,)), ((0,), (3,)))": 3.988791857886231e-20,
    "(((2,), (0,)), ((1,), (0,)))": -1.6871630268998523e-16,
    "(((2,), (0,)), ((1,), (1,)))": -1.0514449012697252e-19,
    "(((2,), (0,)), ((1,), (2,)))": -2.009095413878493e-18,
    "(((2,), (0,)), ((1,), (3,)))": -1.3964245113853965e-18,
    "(((2,), (0,)), ((2,), (0,)))": -0.002174070496479037,
    "(((2,), (0,)), ((2,), (1,)))": 1.847114937176774e-18,
    "(((2,), (0,)), ((2,), (2,)))": 9.298789685101284e-18,
    "(((2,), (0,)), ((2,), (3,)))": 1.9868518192536646e-18,
    "(((2,), (1,)), ((0,), (0,)))": -3.4924139271314614e-19,
    "(((2,), (1,)), ((0,), (1,)))": 7.077358732791178e-18,