{
  "E": -15.593484755283075,
  "sol": {
    "(((), ()), ((), ()))": 0.9876327781573742,
    "(((0,), (0,)), ((), ()))": -7.25407916074951e-17,
    "(((), ()), ((0,), (0,)))": -7.25407916074951e-17,
    "(((0,), (1,)), ((), ()))": 2.2892118959348765e-17,
    "(((), ()), ((0,), (1,)))": 2.2892118959348765e-17,
    "(((0,), (2,)), ((), ()))": 0.00034188697170172615,
    "(((), ()), ((0,), (2,)))": 0.00034188697170172615,
    "(((0,), (3,)), ((), ()))": -2.219729998135604e-05,
    "(((), ()), ((0,), (3,)))": -2.219729998135604e-05,
    "(((1,), (0,)), ((), ()))": -9.29466125028548e-17,
    "(((), ()), ((1,), (0,)))": -9.29466125028548e-17,
    "(((1,), (1,)), ((), ()))": -1.5690433135840872e-16,
    "(((), ()), ((1,), (1,)))": -1.5690433135840872e-16,
    "(((1,), (2,)), ((), ()))": -0.00995721846280165,
    "(((), ()), ((1,), (2,)))": -0.00995721846280165,
    "(((1,), (3,)), ((), ()))": -0.0002719059732902876,
    "(((), ()), ((1,), (3,)))": -0.0002719059732902876,
    "(((2,), (0,)), ((), ()))": -2.731062802684809e-16,
    "(((), ()), ((2,), (0,)))": -2.731062802684809e-16,
    "(((2,), (1,)), ((), ()))": 9.503234034951664e-17,
    "(((), ()), ((2,), (1,)))": 9.503234034951664e-17,
    "(((2,), (2,)), ((), ()))": 0.0016567062410297083,
    "(((), ()), ((2,), (2,)))": 0.0016567062410297083,
    "(((2,), (3,)), ((), ()))": -0.003301724595135941,
    "(((), ()), ((2,), (3,)))": -0.003301724595135941,
    "(((0,), (0,)), ((0,), (0,)))": -0.0015054753802293073,
    "(((0,), (0,)), ((0,), (1,)))": -2.831011668043494e-20,
    "(((0,), (0,)), ((0,), (2,)))": -2.0822279012840461e-19,
    "(((0,), (0,)), ((0,), (3,)))": -4.485183767981219e-19,
    "(((0,), (0,)), ((1,), (0,)))": 0.003045176941359021,
    "(((0,), (0,)), ((1,), (1,)))": 3.804396631311611e-21,
    "(((0,), (0,)), ((1,), (2,)))": -3.4153135197813253e-19,
    "(((0,), (0,)), ((1,), (3,)))": 9.069264935386382e-19,
    "(((0,), (0,)), ((2,), (0,)))": -0.0005479405610949372,
    "(((0,), (0,)), ((2,), (1,)))": -2.2200776251100924e-21,
    "(((0,), (0,)), ((2,), (2,)))": 1.9861239651607897e-18,
    "(((0,), (0,)), ((2,), (3,)))": 1.5029521561434575e-18,
    "(((0,), (1,)), ((0,), (0,)))": 4.994835685133675e-21,
    "(((0,), (1,)), ((0,), (1,)))": -0.0015054753802293053,
    "(((0,), (1,)), ((0,), (2,)))": 2.9075538902817336e-19,
    "(((0,), (1,)), ((0,), (3,)))": 2.9199188117431934e-19,
    "(((0,), (1,)), ((1,), (0,)))": 2.030717575898197e-21,
    "(((0,), (1,)), ((1,), (1,)))": 0.0030451769413590173,
    "(((0,), (1,)), ((1,), (2,)))": -8.079248772240157e-19,
    "(((0,), (1,)), ((1,), (3,)))": -7.212080878962491e-19,
    "(((0,), (1,)), ((2,), (0,)))": -7.720477785034964e-21,
    "(((0,), (1,)), ((2,), (1,)))": -0.0005479405610949366,
    "(((0,), (1,)), ((2,), (2,)))": -4.505349523052265e-19,
    "(((0,), (1,)), ((2,), (3,)))": -3.5851443680251353e-19,
    "(((0,), (2,)), ((0,), (0,)))": -2.0822279012840558e-19,
    "(((0,), (2,)), ((0,), (1,)))": 2.90755389028173e-19,
    "(((0,), (2,)), ((0,), (2,)))": -0.0018036886393588177,
    "(((0,), (2,)), ((0,), (3,)))": -4.060559194209501e-05,
    "(((0,), (2,)), ((1,), (0,)))": -1.4151187164987731e-18,
    "(((0,), (2,)), ((1,), (1,)))": -7.88793282113899e-19,
    "(((0,), (2,)), ((1,), (2,)))": -0.000717455668401269,
    "(((0,), (2,)), ((1,), (3,)))": 0.00015031551508509457,
    "(((0,), (2,)), ((2,), (0,)))": -1.4063674811225818e-19,
    "(((0,), (2,)), ((2,), (1,)))": 3.0391300907315514e-19,
    "(((0,), (2,)), ((2,), (2,)))": 0.00020675579357862017,
    "(((0,), (2,)), ((2,), (3,)))": 0.0004192187152064111,
    "(((0,), (3,)), ((0,), (0,)))": -4.485183767981229e-19,
    "(((0,), (3,)), ((0,), (1,)))": 2.9199188117431886e-19,
    "(((0,), (3,)), ((0,), (2,)))": -4.0605591942095446e-05,
    "(((0,), (3,)), ((0,), (3,)))": -0.001792184418169038,
    "(((0,), (3,)), ((1,), (0,)))": 1.3059679776543748e-18,
    "(((0,), (3,)), ((1,), (1,)))": -7.997905367332377e-19,
    "(((0,), (3,)), ((1,), (2,)))": 0.00019490801401788623,
    "(((0,), (3,)), ((1,), (3,)))": 0.001189332717854215,
    "(((0,), (3,)), ((2,), (0,)))": 5.5027125139378765e-19,
    "(((0,), (3,)), ((2,), (1,)))": 3.5074628188773355e-21,
    "(((0,), (3,)), ((2,), (2,)))": 0.0004318919074263833,
    "(((0,), (3,)), ((2,), (3,)))": -0.0003507298662098469,
    "(((1,), (0,)), ((0,), (0,)))": 0.003045176941359021,
    "(((1,), (0,)), ((0,), (1,)))": -6.39464413841032e-20,
    "(((1,), (0,)), ((0,), (2,)))": -1.4151187164987712e-18,
    "(((1,), (0,)), ((0,), (3,)))": 1.3059679776543763e-18,
    "(((1,), (0,)), ((1,), (0,)))": -0.05169709921242474,
    "(((1,), (0,)), ((1,), (1,)))": -9.686870443167884e-19,
    "(((1,), (0,)), ((1,), (2,)))": -2.620975434913948e-17,
    "(((1,), (0,)), ((1,), (3,)))": 6.30142622078972e-18,
    "(((1,), (0,)), ((2,), (0,)))": 0.008895501417471596,
    "(((1,), (0,)), ((2,), (1,)))": 5.845046777557712e-20,
    "(((1,), (0,)), ((2,), (2,)))": -3.960610059397738e-17,
    "(((1,), (0,)), ((2,), (3,)))": 1.7711398701099674e-17,
    "(((1,), (1,)), ((0,), (0,)))": 3.361421435238637e-20,
    "(((1,), (1,)), ((0,), (1,)))": 0.0030451769413590173,
    "(((1,), (1,)), ((0,), (2,)))": -7.887932821138999e-19,
    "(((1,), (1,)), ((0,), (3,)))": -7.997905367332376e-19,
    "(((1,), (1,)), ((1,), (0,)))": -2.66132833486649e-20,
    "(((1,), (1,)), ((1,), (1,)))": -0.05169709921242466,
    "(((1,), (1,)), ((1,), (2,)))": 1.422512549783951e-17,
    "(((1,), (1,)), ((1,), (3,)))": 6.2737138527003035e-18,
    "(((1,), (1,)), ((2,), (0,)))": 7.794402765292787e-20,
    "(((1,), (1,)), ((2,), (1,)))": 0.008895501417471582,
    "(((1,), (1,)), ((2,), (2,)))": 1.3442634147352123e-17,
    "(((1,), (1,)), ((2,), (3,)))": 2.1719330814862936e-18,
    "(((1,), (2,)), ((0,), (0,)))": -3.415313519781356e-19,
    "(((1,), (2,)), ((0,), (1,)))": -8.079248772240152e-19,
    "(((1,), (2,)), ((0,), (2,)))": -0.0007174556684012695,
    "(((1,), (2,)), ((0,), (3,)))": 0.0001949080140178851,
    "(((1,), (2,)), ((1,), (0,)))": -2.6209754349139475e-17,
    "(((1,), (2,)), ((1,), (1,)))": 1.422512549783951e-17,
    "(((1,), (2,)), ((1,), (2,)))": -0.054390634718137376,
    "(((1,), (2,)), ((1,), (3,)))": 0.015085349922247164,
    "(((1,), (2,)), ((2,), (0,)))": -2.989134186174679e-17,
    "(((1,), (2,)), ((2,), (1,)))": 1.0363756418782609e-17,
    "(((1,), (2,)), ((2,), (2,)))": 0.0027638579947871257,
    "(((1,), (2,)), ((2,), (3,)))": 0.04335230624749773,
    "(((1,), (3,)), ((0,), (0,)))": 9.069264935386355e-19,
    "(((1,), (3,)), ((0,), (1,)))": -7.212080878962495e-19,
    "(((1,), (3,)), ((0,), (2,)))": 0.00015031551508509463,
    "(((1,), (3,)), ((0,), (3,)))": 0.0011893327178542148,
    "(((1,), (3,)), ((1,), (0,)))": 6.301426220789723e-18,
    "(((1,), (3,)), ((1,), (1,)))": 6.273713852700314e-18,
    "(((1,), (3,)), ((1,), (2,)))": 0.015085349922247164,
    "(((1,), (3,)), ((1,), (3,)))": -0.02787947405855428,
    "(((1,), (3,)), ((2,), (0,)))": 1.7885894478858443e-17,
    "(((1,), (3,)), ((2,), (1,)))": -1.496145799768245e-18,
    "(((1,), (3,)), ((2,), (2,)))": 0.03747047370688157,
    "(((1,), (3,)), ((2,), (3,)))": -0.004355418999704581,
    "(((2,), (0,)), ((0,), (0,)))": -0.0005479405610949372,
    "(((2,), (0,)), ((0,), (1,)))": 9.458018067048757e-21,
    "(((2,), (0,)), ((0,), (2,)))": -1.4063674811226107e-19,
    "(((2,), (0,)), ((0,), (3,)))": 5.502712513937842e-19,
    "(((2,), (0,)), ((1,), (0,)))": 0.008895501417471596,
    "(((2,), (0,)), ((1,), (1,)))": -5.0940837609891056e-20,
    "(((2,), (0,)), ((1,), (2,)))": -2.989134186174678e-17,
    "(((2,), (0,)), ((1,), (3,)))": 1.7885894478858418e-17,
    "(((2,), (0,)), ((2,), (0,)))": -0.0032406341704963645,
    "(((2,), (0,)), ((2,), (1,)))": 3.5384660496720894e-20,
    "(((2,), (0,)), ((2,), (2,)))": -6.617594526921341e-18,
    "(((2,), (0,)), ((2,), (3,)))": 3.231385370817405e-17,
    "(((2,), (1,)), ((0,), (0,)))": -1.9447407912083e-20,
    "(((2,), (1,)), ((0,), (1,)))": -0.0005479405610949366,