{
  "E": -74.9138752175229,
  "sol": {
    "(((), ()), ((), ()))": 0.9908074572618485,
    "(((0,), (0,)), ((), ()))": 1.8217563753257196e-05,
    "(((), ()), ((0,), (0,)))": 1.8217563753257196e-05,
    "(((0,), (1,)), ((), ()))": 2.172727338933996e-06,
    "(((), ()), ((0,), (1,)))": 2.172727338933996e-06,
    "(((1,), (0,)), ((), ()))": -0.0008383858650097234,
    "(((), ()), ((1,), (0,)))": -0.0008383858650097234,
    "(((1,), (1,)), ((), ()))": -0.0009613351374735002,
    "(((), ()), ((1,), (1,)))": -0.0009613351374735002,
    "(((2,), (0,)), ((), ()))": 0.0023268532247266408,
    "(((), ()), ((2,), (0,)))": 0.0023268532247266408,
    "(((2,), (1,)), ((), ()))": -0.0022579259940477274,
    "(((), ()), ((2,), (1,)))": -0.0022579259940477274,
    "(((3,), (0,)), ((), ()))": -0.008852524167042571,
    "(((), ()), ((3,), (0,)))": -0.008852524167042571,
    "(((3,), (1,)), ((), ()))": -0.0019500198322175563,
    "(((), ()), ((3,), (1,)))": -0.0019500198322175563,
    "(((4,), (0,)), ((), ()))": -9.419821554383648e-17,
    "(((), ()), ((4,), (0,)))": -9.419821554383648e-17,
    "(((4,), (1,)), ((), ()))": 6.3678835251464e-17,
    "(((), ()), ((4,), (1,)))": 6.3678835251464e-17,
    "(((0,), (0,)), ((0,), (0,)))": -0.0006161552186357816,
    "(((0,), (0,)), ((0,), (1,)))": -0.00015045116364724619,
    "(((0,), (0,)), ((1,), (0,)))": 0.0003385029076654045,
    "(((0,), (0,)), ((1,), (1,)))": -0.0002448063378929577,
    "(((0,), (0,)), ((2,), (0,)))": -4.031797438308784e-05,
    "(((0,), (0,)), ((2,), (1,)))": -0.0002611489767935088,
    "(((0,), (0,)), ((3,), (0,)))": -1.1713575079123944e-05,
    "(((0,), (0,)), ((3,), (1,)))": 0.00033805959018236043,
    "(((0,), (0,)), ((4,), (0,)))": -1.4817587123061377e-19,
    "(((0,), (0,)), ((4,), (1,)))": -6.3877795028102415e-19,
    "(((0,), (1,)), ((0,), (0,)))": -0.00015045116364724483,
    "(((0,), (1,)), ((0,), (1,)))": -0.0005895835786019938,
    "(((0,), (1,)), ((1,), (0,)))": -0.00022104018588205566,
    "(((0,), (1,)), ((1,), (1,)))": 0.0005346498924836214,
    "(((0,), (1,)), ((2,), (0,)))": 0.0002862989533948193,
    "(((0,), (1,)), ((2,), (1,)))": -0.00011126294997227903,
    "(((0,), (1,)), ((3,), (0,)))": 0.00026892918441236033,
    "(((0,), (1,)), ((3,), (1,)))": -0.0004132496098830634,
    "(((0,), (1,)), ((4,), (0,)))": 2.842039938434223e-19,
    "(((0,), (1,)), ((4,), (1,)))": 1.0150506589387652e-19,
    "(((1,), (0,)), ((0,), (0,)))": 0.0003385029076654047,
    "(((1,), (0,)), ((0,), (1,)))": -0.0002210401858820573,
    "(((1,), (0,)), ((1,), (0,)))": -0.024648924345666713,
    "(((1,), (0,)), ((1,), (1,)))": -0.008006652206696144,
    "(((1,), (0,)), ((2,), (0,)))": 0.02102484483432724,
    "(((1,), (0,)), ((2,), (1,)))": -0.015812266810676635,
    "(((1,), (0,)), ((3,), (0,)))": -0.02085984848135427,
    "(((1,), (0,)), ((3,), (1,)))": -0.011916235885297197,
    "(((1,), (0,)), ((4,), (0,)))": 5.135982542551705e-17,
    "(((1,), (0,)), ((4,), (1,)))": -1.7315419179996816e-17,
    "(((1,), (1,)), ((0,), (0,)))": -0.00024480633789295556,
    "(((1,), (1,)), ((0,), (1,)))": 0.0005346498924836217,
    "(((1,), (1,)), ((1,), (0,)))": -0.008006652206696122,
    "(((1,), (1,)), ((1,), (1,)))": -0.0198970893752346,
    "(((1,), (1,)), ((2,), (0,)))": -0.005215930031837523,
    "(((1,), (1,)), ((2,), (1,)))": -0.019845152357725847,
    "(((1,), (1,)), ((3,), (0,)))": -0.012694475389846917,
    "(((1,), (1,)), ((3,), (1,)))": -0.0021236239326121835,
    "(((1,), (1,)), ((4,), (0,)))": 2.2360807647768375e-18,
    "(((1,), (1,)), ((4,), (1,)))": -3.179251098763854e-17,
    "(((2,), (0,)), ((0,), (0,)))": -4.031797438308785e-05,
    "(((2,), (0,)), ((0,), (1,)))": 0.0002862989533948194,
    "(((2,), (0,)), ((1,), (0,)))": 0.02102484483432723,
    "(((2,), (0,)), ((1,), (1,)))": -0.005215930031837544,
    "(((2,), (0,)), ((2,), (0,)))": -0.052153703451901394,
    "(((2,), (0,)), ((2,), (1,)))": 0.019059302353137835,
    "(((2,), (0,)), ((3,), (0,)))": 0.03521389655948657,
    "(((2,), (0,)), ((3,), (1,)))": -0.01092992810771733,
    "(((2,), (0,)), ((4,), (0,)))": -6.683478107529787e-17,
    "(((2,), (0,)), ((4,), (1,)))": 4.5382149685918074e-17,
    "(((2,), (1,)), ((0,), (0,)))": -0.00026114897679351,
    "(((2,), (1,)), ((0,), (1,)))": -0.00011126294997227888,
    "(((2,), (1,)), ((1,), (0,)))": -0.015812266810676632,
    "(((2,), (1,)), ((1,), (1,)))": -0.01984515235772587,
    "(((2,), (1,)), ((2,), (0,)))": 0.01905930235313781,
    "(((2,), (1,)), ((2,), (1,)))": -0.0477034233442059,
    "(((2,), (1,)), ((3,), (0,)))": -0.019656713279359056,
    "(((2,), (1,)), ((3,), (1,)))": -0.014927503715482755,
    "(((2,), (1,)), ((4,), (0,)))": 5.346741443654382e-17,
    "(((2,), (1,)), ((4,), (1,)))": -5.0305234040321785e-17,
    "(((3,), (0,)), ((0,), (0,)))": -1.1713575079124025e-05,
    "(((3,), (0,)), ((0,), (1,)))": 0.00026892918441236195,
    "(((3,), (0,)), ((1,), (0,)))": -0.020859848481354283,
    "(((3,), (0,)), ((1,), (1,)))": -0.012694475389846928,
    "(((3,), (0,)), ((2,), (0,)))": 0.03521389655948655,
    "(((3,), (0,)), ((2,), (1,)))": -0.01965671327935904,
    "(((3,), (0,)), ((3,), (0,)))": -0.04173584883281244,
    "(((3,), (0,)), ((3,), (1,)))": 0.008047141633496322,
    "(((3,), (0,)), ((4,), (0,)))": 6.740009712510871e-17,
    "(((3,), (0,)), ((4,), (1,)))": -4.0784283428987894e-17,
    "(((3,), (1,)), ((0,), (0,)))": 0.0003380595901823589,
    "(((3,), (1,)), ((0,), (1,)))": -0.00041324960988306373,
    "(((3,), (1,)), ((1,), (0,)))": -0.011916235885297197,
    "(((3,), (1,)), ((1,), (1,)))": -0.002123623932612185,
    "(((3,), (1,)), ((2,), (0,)))": -0.010929928107717347,
    "(((3,), (1,)), ((2,), (1,)))": -0.014927503715482751,
    "(((3,), (1,)), ((3,), (0,)))": 0.008047141633496364,
    "(((3,), (1,)), ((3,), (1,)))": -0.025853419253635775,
    "(((3,), (1,)), ((4,), (0,)))": -2.252753592947703e-17,
    "(((3,), (1,)), ((4,), (1,)))": -1.681257819150471e-17,
    "(((4,), (0,)), ((0,), (0,)))": -1.4817587123061343e-19,
    "(((4,), (0,)), ((0,), (1,)))": 2.8420399384342093e-19,
    "(((4,), (0,)), ((1,), (0,)))": 5.135982542551704e-17,
    "(((4,), (0,)), ((1,), (1,)))": 2.2360807647768066e-18,
    "(((4,), (0,)), ((2,), (0,)))": -6.683478107529787e-17,
    "(((4,), (0,)), ((2,), (1,)))": 5.346741443654389e-17,
    "(((4,), (0,)), ((3,), (0,)))": 6.740009712510876e-17,
    "(((4,), (0,)), ((3,), (1,)))": -2.252753592947695e-17,
    "(((4,), (0,)), ((4,), (0,)))": -0.021867709478478194,
    "(((4,), (0,)), ((4,), (1,)))": -0.0059984881284553615,
    "(((4,), (1,)), ((0,), (0,)))": -6.38777950281024e-19,
    "(((4,), (1,)), ((0,), (1,)))": 1.0150506589387746e-19,
    "(((4,), (1,)), ((1,), (0,)))": -1.7315419179996816e-17,
    "(((4,), (1,)), ((1,), (1,)))": -3.1792510987638574e-17,
    "(((4,), (1,)), ((2,), (0,)))": 4.5382149685918024e-17,
    "(((4,), (1,)), ((2,), (1,)))": -5.03052340403218e-17,
    "(((4,), (1,)), ((3,), (0,)))": -4.0784283428987944e-17,
    "(((4,), (1,)), ((3,), (1,)))": -1.681257819150471e-17,
    "(((4,), (1,)), ((4,), (0,)))": -0.00599848812845536,
    "(((4,), (1,)), ((4,), (1,)))": -0.011724665280629595
  }
}