{
  "E": -74.82246900895373,
  "sol": {
    "(((), ()), ((), ()))": 0.9942992468415536,
    "(((0,), (0,)), ((), ()))": -3.7610245933543726e-06,
    "(((), ()), ((0,), (0,)))": -3.7610245933543726e-06,
    "(((0,), (1,)), ((), ()))": -4.028824632145228e-17,
    "(((), ()), ((0,), (1,)))": -4.028824632145228e-17,
    "(((1,), (0,)), ((), ()))": 0.001867345362910847,
    "(((), ()), ((1,), (0,)))": 0.001867345362910847,
    "(((1,), (1,)), ((), ()))": -6.882855984169025e-17,
    "(((), ()), ((1,), (1,)))": -6.882855984169025e-17,
    "(((2,), (0,)), ((), ()))": -9.906540357908201e-16,
    "(((), ()), ((2,), (0,)))": -9.906540357908201e-16,
    "(((2,), (1,)), ((), ()))": -0.0027907229624071165,
    "(((), ()), ((2,), (1,)))": -0.0027907229624071165,
    "(((3,), (0,)), ((), ()))": 0.0051162585223273925,
    "(((), ()), ((3,), (0,)))": 0.0051162585223273925,
    "(((3,), (1,)), ((), ()))": 2.122151781500356e-15,
    "(((), ()), ((3,), (1,)))": 2.122151781500356e-15,
    "(((4,), (0,)), ((), ()))": 4.68755078221936e-17,
    "(((), ()), ((4,), (0,)))": 4.68755078221936e-17,
    "(((4,), (1,)), ((), ()))": -1.6415844129668836e-16,
    "(((), ()), ((4,), (1,)))": -1.6415844129668836e-16,
    "(((0,), (0,)), ((0,), (0,)))": -0.0008271075821747961,
    "(((0,), (0,)), ((0,), (1,)))": 3.918402169934407e-18,
    "(((0,), (0,)), ((1,), (0,)))": 0.00011034642461419549,
    "(((0,), (0,)), ((1,), (1,)))": 8.331731420463354e-18,
    "(((0,), (0,)), ((2,), (0,)))": 4.67290625458514e-19,
    "(((0,), (0,)), ((2,), (1,)))": 0.0003603039546274065,
    "(((0,), (0,)), ((3,), (0,)))": 0.00018001485322872272,
    "(((0,), (0,)), ((3,), (1,)))": -1.1224311506351948e-17,
    "(((0,), (0,)), ((4,), (0,)))": 8.520687421740656e-19,
    "(((0,), (0,)), ((4,), (1,)))": -1.018258499001395e-18,
    "(((0,), (1,)), ((0,), (0,)))": 3.420558551954701e-18,
    "(((0,), (1,)), ((0,), (1,)))": -0.0005131989399311528,
    "(((0,), (1,)), ((1,), (0,)))": 8.155233970243173e-18,
    "(((0,), (1,)), ((1,), (1,)))": 0.0006619534076411752,
    "(((0,), (1,)), ((2,), (0,)))": -0.00026827884735833307,
    "(((0,), (1,)), ((2,), (1,)))": 3.318440842092257e-19,
    "(((0,), (1,)), ((3,), (0,)))": -7.808261671850157e-18,
    "(((0,), (1,)), ((3,), (1,)))": -0.0006469945524582418,
    "(((0,), (1,)), ((4,), (0,)))": 1.5603825869727582e-19,
    "(((0,), (1,)), ((4,), (1,)))": -3.2089901280389723e-18,
    "(((1,), (0,)), ((0,), (0,)))": 0.00011034642461419457,
    "(((1,), (0,)), ((0,), (1,)))": 7.397904342169024e-18,
    "(((1,), (0,)), ((1,), (0,)))": -0.029403167347089434,
    "(((1,), (0,)), ((1,), (1,)))": 1.9789458824845474e-16,
    "(((1,), (0,)), ((2,), (0,)))": 5.026214254267744e-16,
    "(((1,), (0,)), ((2,), (1,)))": 0.026616859184782113,
    "(((1,), (0,)), ((3,), (0,)))": -0.02208621290387798,
    "(((1,), (0,)), ((3,), (1,)))": 2.342115305038292e-16,
    "(((1,), (0,)), ((4,), (0,)))": -1.0441470276105187e-16,
    "(((1,), (0,)), ((4,), (1,)))": -4.555685749127194e-17,
    "(((1,), (1,)), ((0,), (0,)))": 9.387966270324412e-18,
    "(((1,), (1,)), ((0,), (1,)))": 0.0006619534076411752,
    "(((1,), (1,)), ((1,), (0,)))": 1.3584078950575186e-16,
    "(((1,), (1,)), ((1,), (1,)))": -0.012376793256885203,
    "(((1,), (1,)), ((2,), (0,)))": 0.016227223862479337,
    "(((1,), (1,)), ((2,), (1,)))": -4.525312798705381e-16,
    "(((1,), (1,)), ((3,), (0,)))": 2.4642627786046153e-16,
    "(((1,), (1,)), ((3,), (1,)))": 0.0032868357642852454,
    "(((1,), (1,)), ((4,), (0,)))": -4.32072750422294e-17,
    "(((1,), (1,)), ((4,), (1,)))": 1.5141735494729877e-17,
    "(((2,), (0,)), ((0,), (0,)))": 2.0307528308019012e-19,
    "(((2,), (0,)), ((0,), (1,)))": -0.00026827884735833307,
    "(((2,), (0,)), ((1,), (0,)))": 4.757820542480248e-16,
    "(((2,), (0,)), ((1,), (1,)))": 0.016227223862479365,
    "(((2,), (0,)), ((2,), (0,)))": -0.02706042421011037,
    "(((2,), (0,)), ((2,), (1,)))": -5.081856180133526e-16,
    "(((2,), (0,)), ((3,), (0,)))": 4.2989937460228637e-16,
    "(((2,), (0,)), ((3,), (1,)))": 0.016039025201330763,
    "(((2,), (0,)), ((4,), (0,)))": 3.0066695478831197e-17,
    "(((2,), (0,)), ((4,), (1,)))": 8.338356264929566e-17,
    "(((2,), (1,)), ((0,), (0,)))": 0.0003603039546274063,
    "(((2,), (1,)), ((0,), (1,)))": 1.672244866582412e-19,
    "(((2,), (1,)), ((1,), (0,)))": 0.026616859184782068,
    "(((2,), (1,)), ((1,), (1,)))": -4.40162207335411e-16,
    "(((2,), (1,)), ((2,), (0,)))": -4.585352005109676e-16,
    "(((2,), (1,)), ((2,), (1,)))": -0.055182276297540564,
    "(((2,), (1,)), ((3,), (0,)))": 0.021686370811072046,
    "(((2,), (1,)), ((3,), (1,)))": -1.6239918682352094e-16,
    "(((2,), (1,)), ((4,), (0,)))": 1.0653567737626685e-16,
    "(((2,), (1,)), ((4,), (1,)))": 1.0035721881120531e-16,
    "(((3,), (0,)), ((0,), (0,)))": 0.00018001485322872312,
    "(((3,), (0,)), ((0,), (1,)))": -7.314960948291358e-18,
    "(((3,), (0,)), ((1,), (0,)))": -0.02208621290387796,
    "(((3,), (0,)), ((1,), (1,)))": 2.0353221790227668e-16,
    "(((3,), (0,)), ((2,), (0,)))": 4.002568972200858e-16,
    "(((3,), (0,)), ((2,), (1,)))": 0.021686370811072022,
    "(((3,), (0,)), ((3,), (0,)))": -0.018846761436553134,
    "(((3,), (0,)), ((3,), (1,)))": -2.2298821254725447e-16,
    "(((3,), (0,)), ((4,), (0,)))": 2.690906570933342e-17,
    "(((3,), (0,)), ((4,), (1,)))": -4.761002784789683e-17,
    "(((3,), (1,)), ((0,), (0,)))": -1.0873582166735741e-17,
    "(((3,), (1,)), ((0,), (1,)))": -0.0006469945524582418,
    "(((3,), (1,)), ((1,), (0,)))": 2.812754954435813e-16,
    "(((3,), (1,)), ((1,), (1,)))": 0.0032868357642852463,
    "(((3,), (1,)), ((2,), (0,)))": 0.016039025201330784,
    "(((3,), (1,)), ((2,), (1,)))": -1.4778434221756952e-16,
    "(((3,), (1,)), ((3,), (0,)))": -2.6404272355633194e-16,
    "(((3,), (1,)), ((3,), (1,)))": -0.02913196797139564,
    "(((3,), (1,)), ((4,), (0,)))": -6.842399668968573e-17,
    "(((3,), (1,)), ((4,), (1,)))": -1.0893679391744336e-16,
    "(((4,), (0,)), ((0,), (0,)))": 8.520687421740715e-19,
    "(((4,), (0,)), ((0,), (1,)))": 1.5603825869728064e-19,
    "(((4,), (0,)), ((1,), (0,)))": -1.0441470276105167e-16,
    "(((4,), (0,)), ((1,), (1,)))": -4.3207275042229636e-17,
    "(((4,), (0,)), ((2,), (0,)))": 3.006669547883107e-17,
    "(((4,), (0,)), ((2,), (1,)))": 1.0653567737626702e-16,
    "(((4,), (0,)), ((3,), (0,)))": 2.690906570933327e-17,
    "(((4,), (0,)), ((3,), (1,)))": -6.842399668968558e-17,
    "(((4,), (0,)), ((4,), (0,)))": -0.023602701074912247,
    "(((4,), (0,)), ((4,), (1,)))": 1.5250887216107335e-16,
    "(((4,), (1,)), ((0,), (0,)))": -1.018258499001389e-18,
    "(((4,), (1,)), ((0,), (1,)))": -3.2089901280389723e-18,
    "(((4,), (1,)), ((1,), (0,)))": -4.5556857491271667e-17,
    "(((4,), (1,)), ((1,), (1,)))": 1.5141735494729867e-17,
    "(((4,), (1,)), ((2,), (0,)))": 8.338356264929547e-17,
    "(((4,), (1,)), ((2,), (1,)))": 1.0035721881120536e-16,
    "(((4,), (1,)), ((3,), (0,)))": -4.761002784789696e-17,
    "(((4,), (1,)), ((3,), (1,)))": -1.089367939174433e-16,
    "(((4,), (1,)), ((4,), (0,)))": 1.3460468772232152e-16,
    "(((4,), (1,)), ((4,), (1,)))": -0.007653763368647461
  }
}