{
  "E": -147.70324743225393,
  "sol": {
    "(((), ()), ((), ()))": 0.9355828988910457,
    "(((0,), (0,)), ((), ()))": 9.4527335611208e-19,
    "(((), ()), ((0,), (0,)))": 9.4527335611208e-19,
    "(((0,), (1,)), ((), ()))": 2.4690179293512172e-05,
    "(((), ()), ((0,), (1,)))": 2.4690179293512172e-05,
    "(((1,), (0,)), ((), ()))": -1.083851469828313e-16,
    "(((), ()), ((1,), (0,)))": -1.083851469828313e-16,
    "(((1,), (1,)), ((), ()))": 1.2209545634281465e-15,
    "(((), ()), ((1,), (1,)))": 1.2209545634281465e-15,
    "(((2,), (0,)), ((), ()))": -9.469716541813021e-17,
    "(((), ()), ((2,), (0,)))": -9.469716541813021e-17,
    "(((2,), (1,)), ((), ()))": 1.2913117036142924e-15,
    "(((), ()), ((2,), (1,)))": 1.2913117036142924e-15,
    "(((3,), (0,)), ((), ()))": -1.2678993493890718e-16,
    "(((), ()), ((3,), (0,)))": -1.2678993493890718e-16,
    "(((3,), (1,)), ((), ()))": -0.013023428405997404,
    "(((), ()), ((3,), (1,)))": -0.013023428405997404,
    "(((4,), (0,)), ((), ()))": 1.8393075762388062e-15,
    "(((), ()), ((4,), (0,)))": 1.8393075762388062e-15,
    "(((4,), (1,)), ((), ()))": 2.530790973901477e-18,
    "(((), ()), ((4,), (1,)))": 2.530790973901477e-18,
    "(((5,), (0,)), ((), ()))": -5.3174950920943343e-17,
    "(((), ()), ((5,), (0,)))": -5.3174950920943343e-17,
    "(((5,), (1,)), ((), ()))": 2.2905093000848968e-15,
    "(((), ()), ((5,), (1,)))": 2.2905093000848968e-15,
    "(((6,), (0,)), ((), ()))": -1.9048042724193904e-15,
    "(((), ()), ((6,), (0,)))": -1.9048042724193904e-15,
    "(((6,), (1,)), ((), ()))": -5.725602679152603e-16,
    "(((), ()), ((6,), (1,)))": -5.725602679152603e-16,
    "(((7,), (0,)), ((), ()))": -2.7398527533638264e-15,
    "(((), ()), ((7,), (0,)))": -2.7398527533638264e-15,
    "(((7,), (1,)), ((), ()))": -6.589278073864461e-17,
    "(((), ()), ((7,), (1,)))": -6.589278073864461e-17,
    "(((0,), (0,)), ((0,), (0,)))": -0.00017071809808881963,
    "(((0,), (0,)), ((0,), (1,)))": -1.2082872393628417e-19,
    "(((0,), (0,)), ((1,), (0,)))": -4.3316071204478874e-16,
    "(((0,), (0,)), ((1,), (1,)))": 7.10754121779666e-20,
    "(((0,), (0,)), ((2,), (0,)))": -1.8873769880029768e-14,
    "(((0,), (0,)), ((2,), (1,)))": 2.229947280697238e-19,
    "(((0,), (0,)), ((3,), (0,)))": -0.0005573839274843574,
    "(((0,), (0,)), ((3,), (1,)))": 1.448946166145022e-19,
    "(((0,), (0,)), ((4,), (0,)))": -5.7424337363929e-19,
    "(((0,), (0,)), ((4,), (1,)))": 1.6974390972169166e-19,
    "(((0,), (0,)), ((5,), (0,)))": -6.7699785069205315e-15,
    "(((0,), (0,)), ((5,), (1,)))": 2.0631569358842746e-19,
    "(((0,), (0,)), ((6,), (0,)))": -3.1494655537662517e-19,
    "(((0,), (0,)), ((6,), (1,)))": -1.8288149270604864e-14,
    "(((0,), (0,)), ((7,), (0,)))": 1.133129737178464e-18,
    "(((0,), (0,)), ((7,), (1,)))": -4.805050738486589e-20,
    "(((0,), (1,)), ((0,), (0,)))": -1.2082872393628432e-19,
    "(((0,), (1,)), ((0,), (1,)))": -0.00050935121320168,
    "(((0,), (1,)), ((1,), (0,)))": -2.8737392209929226e-20,
    "(((0,), (1,)), ((1,), (1,)))": -7.314868248374301e-16,
    "(((0,), (1,)), ((2,), (0,)))": 3.187567488275872e-19,
    "(((0,), (1,)), ((2,), (1,)))": -2.5292671281419537e-14,
    "(((0,), (1,)), ((3,), (0,)))": 4.19568911471713e-20,
    "(((0,), (1,)), ((3,), (1,)))": -0.0007242217351610086,
    "(((0,), (1,)), ((4,), (0,)))": -1.6420788992514904e-19,
    "(((0,), (1,)), ((4,), (1,)))": 2.927034709654315e-20,
    "(((0,), (1,)), ((5,), (0,)))": 4.2413091976171696e-20,
    "(((0,), (1,)), ((5,), (1,)))": -7.861022537267379e-15,
    "(((0,), (1,)), ((6,), (0,)))": 3.843651969544956e-15,
    "(((0,), (1,)), ((6,), (1,)))": 1.2751842106147035e-19,
    "(((0,), (1,)), ((7,), (0,)))": 2.0224334002025336e-19,
    "(((0,), (1,)), ((7,), (1,)))": 4.402267617175625e-19,
    "(((1,), (0,)), ((0,), (0,)))": -4.331716378985336e-16,
    "(((1,), (0,)), ((0,), (1,)))": -2.8737392209929034e-20,
    "(((1,), (0,)), ((1,), (0,)))": -0.00016107566188332712,
    "(((1,), (0,)), ((1,), (1,)))": -1.396894178843961e-19,
    "(((1,), (0,)), ((2,), (0,)))": 0.0004131757464567256,
    "(((1,), (0,)), ((2,), (1,)))": 5.1106812782383265e-19,
    "(((1,), (0,)), ((3,), (0,)))": -2.5421562134745855e-14,
    "(((1,), (0,)), ((3,), (1,)))": 2.0889204122292862e-18,
    "(((1,), (0,)), ((4,), (0,)))": 5.492148245445179e-19,
    "(((1,), (0,)), ((4,), (1,)))": 1.1331022441185457e-18,
    "(((1,), (0,)), ((5,), (0,)))": 0.0001484890780695349,
    "(((1,), (0,)), ((5,), (1,)))": -5.1153265641422735e-18,
    "(((1,), (0,)), ((6,), (0,)))": 4.711259231473411e-18,
    "(((1,), (0,)), ((6,), (1,)))": 0.00040096131485006667,
    "(((1,), (0,)), ((7,), (0,)))": 1.4260272853957755e-18,
    "(((1,), (0,)), ((7,), (1,)))": 2.490565410981489e-18,
    "(((1,), (1,)), ((0,), (0,)))": 7.107541217796612e-20,
    "(((1,), (1,)), ((0,), (1,)))": -7.314774250500221e-16,
    "(((1,), (1,)), ((1,), (0,)))": -1.3968941788439603e-19,
    "(((1,), (1,)), ((1,), (1,)))": -0.0004933497034925319,
    "(((1,), (1,)), ((2,), (0,)))": 2.73375175091639e-19,
    "(((1,), (1,)), ((2,), (1,)))": 0.0005543363608635519,
    "(((1,), (1,)), ((3,), (0,)))": 3.165298504956079e-19,
    "(((1,), (1,)), ((3,), (1,)))": -3.3061047491342905e-14,
    "(((1,), (1,)), ((4,), (0,)))": -2.5930832559257373e-18,
    "(((1,), (1,)), ((4,), (1,)))": 1.1215855442536992e-18,
    "(((1,), (1,)), ((5,), (0,)))": 6.472093901142612e-19,
    "(((1,), (1,)), ((5,), (1,)))": 0.0001728256997025128,
    "(((1,), (1,)), ((6,), (0,)))": -8.429299120634706e-05,
    "(((1,), (1,)), ((6,), (1,)))": 1.7829791202980085e-18,
    "(((1,), (1,)), ((7,), (0,)))": 6.695779285543009e-19,
    "(((1,), (1,)), ((7,), (1,)))": 5.39394301873983e-19,
    "(((2,), (0,)), ((0,), (0,)))": -1.8873762075525733e-14,
    "(((2,), (0,)), ((0,), (1,)))": 3.18756748827587e-19,
    "(((2,), (0,)), ((1,), (0,)))": 0.00041317574645672553,
    "(((2,), (0,)), ((1,), (1,)))": 2.7337517509164e-19,
    "(((2,), (0,)), ((2,), (0,)))": -0.009611748365212096,
    "(((2,), (0,)), ((2,), (1,)))": -1.7525910644138192e-17,
    "(((2,), (0,)), ((3,), (0,)))": -1.6303145477625925e-15,
    "(((2,), (0,)), ((3,), (1,)))": 4.46908360482932e-18,
    "(((2,), (0,)), ((4,), (0,)))": -2.5868367353893984e-17,
    "(((2,), (0,)), ((4,), (1,)))": -4.531178881944178e-17,
    "(((2,), (0,)), ((5,), (0,)))": -0.004258440000397177,
    "(((2,), (0,)), ((5,), (1,)))": 2.7285291654867714e-16,
    "(((2,), (0,)), ((6,), (0,)))": -1.168821890639022e-16,
    "(((2,), (0,)), ((6,), (1,)))": -0.022917255288503215,
    "(((2,), (0,)), ((7,), (0,)))": -3.431103780114645e-17,
    "(((2,), (0,)), ((7,), (1,)))": -1.7373752641694337e-16,
    "(((2,), (1,)), ((0,), (0,)))": 2.229947280697236e-19,
    "(((2,), (1,)), ((0,), (1,)))": -2.5292709962999568e-14,
    "(((2,), (1,)), ((1,), (0,)))": 5.110681278238319e-19,
    "(((2,), (1,)), ((1,), (1,)))": 0.000554336360863552,
    "(((2,), (1,)), ((2,), (0,)))": -1.7525910644138195e-17,
    "(((2,), (1,)), ((2,), (1,)))": -0.024662022277638685,
    "(((2,), (1,)), ((3,), (0,)))": 2.590764305182054e-18,
    "(((2,), (1,)), ((3,), (1,)))": 2.870638692909568e-16,
    "(((2,), (1,)), ((4,), (0,)))": -2.2692646892257734e-16,
    "(((2,), (1,)), ((4,), (1,)))": 1.4345924730324757e-16,
    "(((2,), (1,)), ((5,), (0,)))": 3.4630772351796664e-16,
    "(((2,), (1,)), ((5,), (1,)))": 0.02489081895017275,
    "(((2,), (1,)), ((6,), (0,)))": -0.03076723879070597,
    "(((2,), (1,)), ((6,), (1,)))": 3.1238150246876267e-16,
    "(((2,), (1,)), ((7,), (0,)))": -1.3373419967463409e-16,
    "(((2,), (1,)), ((7,), (1,)))": 1.3891774860397397e-17,
    "(((3,), (0,)), ((0,), (0,)))": -0.0005573839274843574,
    "(((3,), (0,)), ((0,), (1,)))": 4.195689114717209e-20,
    "(((3,), (0,)), ((1,), (0,)))": -2.5421629218006798e-14,
    "(((3,), (0,)), ((1,), (1,)))": 3.165298504956076e-19,
    "(((3,), (0,)), ((2,), (0,)))": -1.62952577310662e-15,
    "(((3,), (0,)), ((2,), (1,)))": 2.5907643051820693e-18,