{
  "E": -74.9981797781663,
  "sol": {
    "(((), ()), ((), ()))": 0.9725898321280549,
    "(((0,), (0,)), ((), ()))": -4.902266354615651e-05,
    "(((), ()), ((0,), (0,)))": -4.902266354615651e-05,
    "(((0,), (1,)), ((), ()))": 8.912116802451361e-18,
    "(((), ()), ((0,), (1,)))": 8.912116802451361e-18,
    "(((1,), (0,)), ((), ()))": -0.004320217506926871,
    "(((), ()), ((1,), (0,)))": -0.004320217506926871,
    "(((1,), (1,)), ((), ()))": -2.6125726219223363e-17,
    "(((), ()), ((1,), (1,)))": -2.6125726219223363e-17,
    "(((2,), (0,)), ((), ()))": 8.348493510266591e-16,
    "(((), ()), ((2,), (0,)))": 8.348493510266591e-16,
    "(((2,), (1,)), ((), ()))": -0.0013223195132009012,
    "(((), ()), ((2,), (1,)))": -0.0013223195132009012,
    "(((3,), (0,)), ((), ()))": 0.02228999217028378,
    "(((), ()), ((3,), (0,)))": 0.02228999217028378,
    "(((3,), (1,)), ((), ()))": 4.044159954167671e-16,
    "(((), ()), ((3,), (1,)))": 4.044159954167671e-16,
    "(((4,), (0,)), ((), ()))": -1.0123755864408087e-16,
    "(((), ()), ((4,), (0,)))": -1.0123755864408087e-16,
    "(((4,), (1,)), ((), ()))": 1.863502471081712e-16,
    "(((), ()), ((4,), (1,)))": 1.863502471081712e-16,
    "(((0,), (0,)), ((0,), (0,)))": -0.00046938953359778544,
    "(((0,), (0,)), ((0,), (1,)))": -5.558654072126215e-20,
    "(((0,), (0,)), ((1,), (0,)))": 0.000416951908637194,
    "(((0,), (0,)), ((1,), (1,)))": 6.637499522110352e-22,
    "(((0,), (0,)), ((2,), (0,)))": -6.46979626371182e-19,
    "(((0,), (0,)), ((2,), (1,)))": 0.00014363781958587004,
    "(((0,), (0,)), ((3,), (0,)))": 8.925657830836952e-05,
    "(((0,), (0,)), ((3,), (1,)))": 5.082641772422437e-19,
    "(((0,), (0,)), ((4,), (0,)))": 5.321734367838421e-20,
    "(((0,), (0,)), ((4,), (1,)))": 1.3866696401055544e-19,
    "(((0,), (1,)), ((0,), (0,)))": 2.7285307095607574e-21,
    "(((0,), (1,)), ((0,), (1,)))": -0.0003445673601246011,
    "(((0,), (1,)), ((1,), (0,)))": -7.536453893926793e-19,
    "(((0,), (1,)), ((1,), (1,)))": 0.0007281684076709008,
    "(((0,), (1,)), ((2,), (0,)))": -0.00020262785771579117,
    "(((0,), (1,)), ((2,), (1,)))": -1.1181037201461044e-18,
    "(((0,), (1,)), ((3,), (0,)))": 2.7529420616266656e-19,
    "(((0,), (1,)), ((3,), (1,)))": -0.000373741565374105,
    "(((0,), (1,)), ((4,), (0,)))": -1.9152938003196596e-19,
    "(((0,), (1,)), ((4,), (1,)))": 3.209008308679453e-20,
    "(((1,), (0,)), ((0,), (0,)))": 0.00041695190863719444,
    "(((1,), (0,)), ((0,), (1,)))": -8.757184589233691e-19,
    "(((1,), (0,)), ((1,), (0,)))": -0.030072549846556114,
    "(((1,), (0,)), ((1,), (1,)))": 5.017776413257521e-17,
    "(((1,), (0,)), ((2,), (0,)))": -3.907917053593785e-17,
    "(((1,), (0,)), ((2,), (1,)))": 0.029765336248967572,
    "(((1,), (0,)), ((3,), (0,)))": -0.03814658515071592,
    "(((1,), (0,)), ((3,), (1,)))": 2.3293940970027968e-17,
    "(((1,), (0,)), ((4,), (0,)))": -4.856428721904567e-18,
    "(((1,), (0,)), ((4,), (1,)))": 2.672013116941646e-17,
    "(((1,), (1,)), ((0,), (0,)))": 7.884083280589516e-20,
    "(((1,), (1,)), ((0,), (1,)))": 0.0007281684076709012,
    "(((1,), (1,)), ((1,), (0,)))": 3.9555048496694834e-17,
    "(((1,), (1,)), ((1,), (1,)))": -0.019263492051525492,
    "(((1,), (1,)), ((2,), (0,)))": 0.02145073943866448,
    "(((1,), (1,)), ((2,), (1,)))": -6.481392054750337e-17,
    "(((1,), (1,)), ((3,), (0,)))": 6.349333775111084e-17,
    "(((1,), (1,)), ((3,), (1,)))": 0.003570915543112168,
    "(((1,), (1,)), ((4,), (0,)))": 2.0025185467322217e-17,
    "(((1,), (1,)), ((4,), (1,)))": 7.579330339629134e-19,
    "(((2,), (0,)), ((0,), (0,)))": -7.029567409559506e-19,
    "(((2,), (0,)), ((0,), (1,)))": -0.00020262785771579117,
    "(((2,), (0,)), ((1,), (0,)))": -4.7436402559411994e-17,
    "(((2,), (0,)), ((1,), (1,)))": 0.021450739438664483,
    "(((2,), (0,)), ((2,), (0,)))": -0.06128615678399385,
    "(((2,), (0,)), ((2,), (1,)))": 1.2968631518233696e-16,
    "(((2,), (0,)), ((3,), (0,)))": -2.2282092916215134e-17,
    "(((2,), (0,)), ((3,), (1,)))": 0.06057930069069355,
    "(((2,), (0,)), ((4,), (0,)))": -3.530251806292386e-17,
    "(((2,), (0,)), ((4,), (1,)))": -2.211080324875805e-18,
    "(((2,), (1,)), ((0,), (0,)))": 0.00014363781958587015,
    "(((2,), (1,)), ((0,), (1,)))": -1.1492464054481007e-18,
    "(((2,), (1,)), ((1,), (0,)))": 0.029765336248967544,
    "(((2,), (1,)), ((1,), (1,)))": -6.251714944806849e-17,
    "(((2,), (1,)), ((2,), (0,)))": 1.3129696118913173e-16,
    "(((2,), (1,)), ((2,), (1,)))": -0.10314722693116235,
    "(((2,), (1,)), ((3,), (0,)))": 0.0773811983318792,
    "(((2,), (1,)), ((3,), (1,)))": -1.4694231271857606e-16,
    "(((2,), (1,)), ((4,), (0,)))": 5.9720700246661875e-18,
    "(((2,), (1,)), ((4,), (1,)))": -8.466295073548773e-17,
    "(((3,), (0,)), ((0,), (0,)))": 8.925657830836867e-05,
    "(((3,), (0,)), ((0,), (1,)))": 4.659770216294232e-19,
    "(((3,), (0,)), ((1,), (0,)))": -0.038146585150715895,
    "(((3,), (0,)), ((1,), (1,)))": 6.052141513167465e-17,
    "(((3,), (0,)), ((2,), (0,)))": -2.2846077434640885e-17,
    "(((3,), (0,)), ((2,), (1,)))": 0.0773811983318792,
    "(((3,), (0,)), ((3,), (0,)))": -0.08762529317522753,
    "(((3,), (0,)), ((3,), (1,)))": 6.162700880392845e-17,
    "(((3,), (0,)), ((4,), (0,)))": -4.084866674229734e-18,
    "(((3,), (0,)), ((4,), (1,)))": 7.314969279241885e-17,
    "(((3,), (1,)), ((0,), (0,)))": 4.747252894330534e-19,
    "(((3,), (1,)), ((0,), (1,)))": -0.00037374156537410514,
    "(((3,), (1,)), ((1,), (0,)))": 2.285790122140175e-17,
    "(((3,), (1,)), ((1,), (1,)))": 0.003570915543112175,
    "(((3,), (1,)), ((2,), (0,)))": 0.060579300690693554,
    "(((3,), (1,)), ((2,), (1,)))": -1.4069285976266033e-16,
    "(((3,), (1,)), ((3,), (0,)))": 7.369478553270463e-17,
    "(((3,), (1,)), ((3,), (1,)))": -0.057008699728709804,
    "(((3,), (1,)), ((4,), (0,)))": 5.805046001582606e-17,
    "(((3,), (1,)), ((4,), (1,)))": 3.2410279411430757e-18,
    "(((4,), (0,)), ((0,), (0,)))": 5.3217343678383986e-20,
    "(((4,), (0,)), ((0,), (1,)))": -1.9152938003196586e-19,
    "(((4,), (0,)), ((1,), (0,)))": -4.856428721904567e-18,
    "(((4,), (0,)), ((1,), (1,)))": 2.002518546732223e-17,
    "(((4,), (0,)), ((2,), (0,)))": -3.530251806292386e-17,
    "(((4,), (0,)), ((2,), (1,)))": 5.972070024666175e-18,
    "(((4,), (0,)), ((3,), (0,)))": -4.084866674229737e-18,
    "(((4,), (0,)), ((3,), (1,)))": 5.805046001582606e-17,
    "(((4,), (0,)), ((4,), (0,)))": -0.025005946697062513,
    "(((4,), (0,)), ((4,), (1,)))": 1.0817107301568069e-17,
    "(((4,), (1,)), ((0,), (0,)))": 1.3866696401055544e-19,
    "(((4,), (1,)), ((0,), (1,)))": 3.209008308679445e-20,
    "(((4,), (1,)), ((1,), (0,)))": 2.6720131169416426e-17,
    "(((4,), (1,)), ((1,), (1,)))": 7.579330339629153e-19,
    "(((4,), (1,)), ((2,), (0,)))": -2.211080324875801e-18,
    "(((4,), (1,)), ((2,), (1,)))": -8.466295073548773e-17,
    "(((4,), (1,)), ((3,), (0,)))": 7.314969279241885e-17,
    "(((4,), (1,)), ((3,), (1,)))": 3.2410279411430757e-18,
    "(((4,), (1,)), ((4,), (0,)))": 1.0546547089762435e-17,
    "(((4,), (1,)), ((4,), (1,)))": -0.012708597340360847
  }
}