{
  "E": -75.00321029910678,
  "sol": {
    "(((), ()), ((), ()))": 0.9797543602973338,
    "(((0,), (0,)), ((), ()))": 3.9136756097633945e-05,
    "(((), ()), ((0,), (0,)))": 3.9136756097633945e-05,
    "(((0,), (1,)), ((), ()))": 1.2754332885375329e-05,
    "(((), ()), ((0,), (1,)))": 1.2754332885375329e-05,
    "(((1,), (0,)), ((), ()))": 0.0021025321732005002,
    "(((), ()), ((1,), (0,)))": 0.0021025321732005002,
    "(((1,), (1,)), ((), ()))": -0.00012559278687627567,
    "(((), ()), ((1,), (1,)))": -0.00012559278687627567,
    "(((2,), (0,)), ((), ()))": 0.0012623399274397506,
    "(((), ()), ((2,), (0,)))": 0.0012623399274397506,
    "(((2,), (1,)), ((), ()))": 0.0025698125100253686,
    "(((), ()), ((2,), (1,)))": 0.0025698125100253686,
    "(((3,), (0,)), ((), ()))": -0.01760925451743177,
    "(((), ()), ((3,), (0,)))": -0.01760925451743177,
    "(((3,), (1,)), ((), ()))": -0.004282683822594508,
    "(((), ()), ((3,), (1,)))": -0.004282683822594508,
    "(((4,), (0,)), ((), ()))": 9.960409287849877e-17,
    "(((), ()), ((4,), (0,)))": 9.960409287849877e-17,
    "(((4,), (1,)), ((), ()))": 4.4218754713537374e-17,
    "(((), ()), ((4,), (1,)))": 4.4218754713537374e-17,
    "(((0,), (0,)), ((0,), (0,)))": -0.0004685071868161958,
    "(((0,), (0,)), ((0,), (1,)))": -0.00010192757125745237,
    "(((0,), (0,)), ((1,), (0,)))": 0.0004476764874862381,
    "(((0,), (0,)), ((1,), (1,)))": -0.00017235097914298548,
    "(((0,), (0,)), ((2,), (0,)))": 7.566760493825474e-05,
    "(((0,), (0,)), ((2,), (1,)))": 0.00016184709107303373,
    "(((0,), (0,)), ((3,), (0,)))": -5.1534797538898636e-08,
    "(((0,), (0,)), ((3,), (1,)))": 0.0002693484529873752,
    "(((0,), (0,)), ((4,), (0,)))": -9.505415474850459e-20,
    "(((0,), (0,)), ((4,), (1,)))": -6.354863548703292e-19,
    "(((0,), (1,)), ((0,), (0,)))": -0.00010192757125745249,
    "(((0,), (1,)), ((0,), (1,)))": -0.0004702351761821169,
    "(((0,), (1,)), ((1,), (0,)))": -0.000160909399857893,
    "(((0,), (1,)), ((1,), (1,)))": 0.0006199815923219118,
    "(((0,), (1,)), ((2,), (0,)))": -0.0002356941023518652,
    "(((0,), (1,)), ((2,), (1,)))": 9.874036633994203e-05,
    "(((0,), (1,)), ((3,), (0,)))": 0.00016406013830039872,
    "(((0,), (1,)), ((3,), (1,)))": -0.00032293215488788643,
    "(((0,), (1,)), ((4,), (0,)))": 2.0522025910553861e-19,
    "(((0,), (1,)), ((4,), (1,)))": 2.2690825652737615e-19,
    "(((1,), (0,)), ((0,), (0,)))": 0.0004476764874862385,
    "(((1,), (0,)), ((0,), (1,)))": -0.0001609093998578926,
    "(((1,), (0,)), ((1,), (0,)))": -0.026179224602280678,
    "(((1,), (0,)), ((1,), (1,)))": -0.006598425684844781,
    "(((1,), (0,)), ((2,), (0,)))": -0.0187459799005368,
    "(((1,), (0,)), ((2,), (1,)))": 0.01864876043140945,
    "(((1,), (0,)), ((3,), (0,)))": -0.0292804814119443,
    "(((1,), (0,)), ((3,), (1,)))": -0.0138472061061621,
    "(((1,), (0,)), ((4,), (0,)))": 6.505608087204733e-17,
    "(((1,), (0,)), ((4,), (1,)))": -2.0352365560850287e-17,
    "(((1,), (1,)), ((0,), (0,)))": -0.00017235097914298605,
    "(((1,), (1,)), ((0,), (1,)))": 0.0006199815923219116,
    "(((1,), (1,)), ((1,), (0,)))": -0.00659842568484478,
    "(((1,), (1,)), ((1,), (1,)))": -0.022579803631073668,
    "(((1,), (1,)), ((2,), (0,)))": 0.00924624941896723,
    "(((1,), (1,)), ((2,), (1,)))": 0.023184452841956277,
    "(((1,), (1,)), ((3,), (0,)))": -0.01566744881035739,
    "(((1,), (1,)), ((3,), (1,)))": -0.0018326332579781314,
    "(((1,), (1,)), ((4,), (0,)))": -3.3690265109439056e-18,
    "(((1,), (1,)), ((4,), (1,)))": -4.2523948024527794e-17,
    "(((2,), (0,)), ((0,), (0,)))": 7.566760493825475e-05,
    "(((2,), (0,)), ((0,), (1,)))": -0.00023569410235186597,
    "(((2,), (0,)), ((1,), (0,)))": -0.018745979900536794,
    "(((2,), (0,)), ((1,), (1,)))": 0.009246249418967255,
    "(((2,), (0,)), ((2,), (0,)))": -0.05704375331593923,
    "(((2,), (0,)), ((2,), (1,)))": 0.014879958849805638,
    "(((2,), (0,)), ((3,), (0,)))": -0.057766541458493886,
    "(((2,), (0,)), ((3,), (1,)))": 0.023794106316126662,
    "(((2,), (0,)), ((4,), (0,)))": 1.3751398350817288e-16,
    "(((2,), (0,)), ((4,), (1,)))": -6.728101733623728e-17,
    "(((2,), (1,)), ((0,), (0,)))": 0.00016184709107303476,
    "(((2,), (1,)), ((0,), (1,)))": 9.874036633994234e-05,
    "(((2,), (1,)), ((1,), (0,)))": 0.01864876043140941,
    "(((2,), (1,)), ((1,), (1,)))": 0.02318445284195627,
    "(((2,), (1,)), ((2,), (0,)))": 0.014879958849805613,
    "(((2,), (1,)), ((2,), (1,)))": -0.07629247543573751,
    "(((2,), (1,)), ((3,), (0,)))": 0.038562933677975766,
    "(((2,), (1,)), ((3,), (1,)))": 0.026796351596200363,
    "(((2,), (1,)), ((4,), (0,)))": -7.588403433569244e-17,
    "(((2,), (1,)), ((4,), (1,)))": 8.617731079015989e-17,
    "(((3,), (0,)), ((0,), (0,)))": -5.15347975387089e-08,
    "(((3,), (0,)), ((0,), (1,)))": 0.00016406013830039866,
    "(((3,), (0,)), ((1,), (0,)))": -0.029280481411944295,
    "(((3,), (0,)), ((1,), (1,)))": -0.01566744881035738,
    "(((3,), (0,)), ((2,), (0,)))": -0.05776654145849387,
    "(((3,), (0,)), ((2,), (1,)))": 0.038562933677975766,
    "(((3,), (0,)), ((3,), (0,)))": -0.09192708461460011,
    "(((3,), (0,)), ((3,), (1,)))": 0.011029709586543708,
    "(((3,), (0,)), ((4,), (0,)))": 1.9224710312556559e-16,
    "(((3,), (0,)), ((4,), (1,)))": -9.687001010957263e-17,
    "(((3,), (1,)), ((0,), (0,)))": 0.0002693484529873759,
    "(((3,), (1,)), ((0,), (1,)))": -0.00032293215488788616,
    "(((3,), (1,)), ((1,), (0,)))": -0.013847206106162108,
    "(((3,), (1,)), ((1,), (1,)))": -0.001832633257978137,
    "(((3,), (1,)), ((2,), (0,)))": 0.023794106316126662,
    "(((3,), (1,)), ((2,), (1,)))": 0.026796351596200363,
    "(((3,), (1,)), ((3,), (0,)))": 0.011029709586543722,
    "(((3,), (1,)), ((3,), (1,)))": -0.032434814704258075,
    "(((3,), (1,)), ((4,), (0,)))": -7.300441562930248e-17,
    "(((3,), (1,)), ((4,), (1,)))": -2.781490284651923e-17,
    "(((4,), (0,)), ((0,), (0,)))": -9.5054154748505e-20,
    "(((4,), (0,)), ((0,), (1,)))": 2.0522025910553861e-19,
    "(((4,), (0,)), ((1,), (0,)))": 6.505608087204732e-17,
    "(((4,), (0,)), ((1,), (1,)))": -3.3690265109439857e-18,
    "(((4,), (0,)), ((2,), (0,)))": 1.3751398350817288e-16,
    "(((4,), (0,)), ((2,), (1,)))": -7.588403433569247e-17,
    "(((4,), (0,)), ((3,), (0,)))": 1.922471031255656e-16,
    "(((4,), (0,)), ((3,), (1,)))": -7.300441562930249e-17,
    "(((4,), (0,)), ((4,), (0,)))": -0.022926312143305348,
    "(((4,), (0,)), ((4,), (1,)))": -0.005233588066244469,
    "(((4,), (1,)), ((0,), (0,)))": -6.354863548703296e-19,
    "(((4,), (1,)), ((0,), (1,)))": 2.2690825652737606e-19,
    "(((4,), (1,)), ((1,), (0,)))": -2.03523655608502e-17,
    "(((4,), (1,)), ((1,), (1,)))": -4.252394802452777e-17,
    "(((4,), (1,)), ((2,), (0,)))": -6.728101733623728e-17,
    "(((4,), (1,)), ((2,), (1,)))": 8.617731079015988e-17,
    "(((4,), (1,)), ((3,), (0,)))": -9.687001010957259e-17,
    "(((4,), (1,)), ((3,), (1,)))": -2.781490284651923e-17,
    "(((4,), (1,)), ((4,), (0,)))": -0.005233588066244466,
    "(((4,), (1,)), ((4,), (1,)))": -0.013934404701042834
  }
}