{
  "E": -196.00089198205038,
  "sol": {
    "(((), ()), ((), ()))": 0.9873632088458777,
    "(((0,), (0,)), ((), ()))": 3.225357955227832e-05,
    "(((), ()), ((0,), (0,)))": 3.225357955227832e-05,
    "(((1,), (0,)), ((), ()))": 1.3505706158061053e-15,
    "(((), ()), ((1,), (0,)))": 1.3505706158061053e-15,
    "(((2,), (0,)), ((), ()))": 1.5101792177841524e-16,
    "(((), ()), ((2,), (0,)))": 1.5101792177841524e-16,
    "(((3,), (0,)), ((), ()))": 0.009582059424890262,
    "(((), ()), ((3,), (0,)))": 0.009582059424890262,
    "(((4,), (0,)), ((), ()))": 1.1128371338270412e-16,
    "(((), ()), ((4,), (0,)))": 1.1128371338270412e-16,
    "(((5,), (0,)), ((), ()))": -2.8030319221088345e-17,
    "(((), ()), ((5,), (0,)))": -2.8030319221088345e-17,
    "(((6,), (0,)), ((), ()))": 3.8038054802834076e-15,
    "(((), ()), ((6,), (0,)))": 3.8038054802834076e-15,
    "(((7,), (0,)), ((), ()))": 1.1141318799884264e-16,
    "(((), ()), ((7,), (0,)))": 1.1141318799884264e-16,
    "(((8,), (0,)), ((), ()))": 6.100550481285212e-17,
    "(((), ()), ((8,), (0,)))": 6.100550481285212e-17,
    "(((0,), (0,)), ((0,), (0,)))": -0.00038680059962762487,
    "(((0,), (0,)), ((1,), (0,)))": -5.30480029155166e-16,
    "(((0,), (0,)), ((2,), (0,)))": -2.0783077726954067e-14,
    "(((0,), (0,)), ((3,), (0,)))": 0.0006572795909485919,
    "(((0,), (0,)), ((4,), (0,)))": 9.065073934313216e-20,
    "(((0,), (0,)), ((5,), (0,)))": -4.637079925014143e-20,
    "(((0,), (0,)), ((6,), (0,)))": 5.780701966829e-15,
    "(((0,), (0,)), ((7,), (0,)))": 6.503291144388385e-20,
    "(((0,), (0,)), ((8,), (0,)))": -1.9942011260181582e-19,
    "(((1,), (0,)), ((0,), (0,)))": -5.306594016264183e-16,
    "(((1,), (0,)), ((1,), (0,)))": -0.000374179613120343,
    "(((1,), (0,)), ((2,), (0,)))": 0.0004930328752552007,
    "(((1,), (0,)), ((3,), (0,)))": 2.7700637015568697e-14,
    "(((1,), (0,)), ((4,), (0,)))": 6.00450259408868e-20,
    "(((1,), (0,)), ((5,), (0,)))": -3.851957540172168e-19,
    "(((1,), (0,)), ((6,), (0,)))": -0.00013673713194957223,
    "(((1,), (0,)), ((7,), (0,)))": -1.7693851440420743e-18,
    "(((1,), (0,)), ((8,), (0,)))": 5.829199196486313e-18,
    "(((2,), (0,)), ((0,), (0,)))": -2.0783098614265784e-14,
    "(((2,), (0,)), ((1,), (0,)))": 0.0004930328752552007,
    "(((2,), (0,)), ((2,), (0,)))": -0.023288504203877444,
    "(((2,), (0,)), ((3,), (0,)))": 2.460454105994905e-18,
    "(((2,), (0,)), ((4,), (0,)))": 2.2256712192410302e-17,
    "(((2,), (0,)), ((5,), (0,)))": -9.482603608587785e-17,
    "(((2,), (0,)), ((6,), (0,)))": -0.03382605202970998,
    "(((2,), (0,)), ((7,), (0,)))": 1.8909345596036873e-17,
    "(((2,), (0,)), ((8,), (0,)))": -1.1726650391111793e-16,
    "(((3,), (0,)), ((0,), (0,)))": 0.000657279590948592,
    "(((3,), (0,)), ((1,), (0,)))": 2.770076319466646e-14,
    "(((3,), (0,)), ((2,), (0,)))": -1.4116344290834495e-19,
    "(((3,), (0,)), ((3,), (0,)))": -0.023564378432771465,
    "(((3,), (0,)), ((4,), (0,)))": -7.858994836670077e-19,
    "(((3,), (0,)), ((5,), (0,)))": -8.671483594472643e-20,
    "(((3,), (0,)), ((6,), (0,)))": -9.081069325705636e-16,
    "(((3,), (0,)), ((7,), (0,)))": -9.94475265761579e-19,
    "(((3,), (0,)), ((8,), (0,)))": 8.455374882138567e-18,
    "(((4,), (0,)), ((0,), (0,)))": 9.065073934313238e-20,
    "(((4,), (0,)), ((1,), (0,)))": 6.004502594088663e-20,
    "(((4,), (0,)), ((2,), (0,)))": 2.2256712192410302e-17,
    "(((4,), (0,)), ((3,), (0,)))": -7.858994836669993e-19,
    "(((4,), (0,)), ((4,), (0,)))": -0.010359925006385544,
    "(((4,), (0,)), ((5,), (0,)))": -4.242980713113512e-18,
    "(((4,), (0,)), ((6,), (0,)))": 8.224305769677993e-17,
    "(((4,), (0,)), ((7,), (0,)))": 2.7982781691321016e-18,
    "(((4,), (0,)), ((8,), (0,)))": 8.608797270461183e-18,
    "(((5,), (0,)), ((0,), (0,)))": -4.637079925014053e-20,
    "(((5,), (0,)), ((1,), (0,)))": -3.851957540172168e-19,
    "(((5,), (0,)), ((2,), (0,)))": -9.482603608587784e-17,
    "(((5,), (0,)), ((3,), (0,)))": -8.671483594475821e-20,
    "(((5,), (0,)), ((4,), (0,)))": -4.208614406582565e-18,
    "(((5,), (0,)), ((5,), (0,)))": -0.010359925006385542,
    "(((5,), (0,)), ((6,), (0,)))": -3.6023930953754167e-16,
    "(((5,), (0,)), ((7,), (0,)))": 7.384776734913817e-17,
    "(((5,), (0,)), ((8,), (0,)))": 4.8293403123544245e-17,
    "(((6,), (0,)), ((0,), (0,)))": 5.780919460426485e-15,
    "(((6,), (0,)), ((1,), (0,)))": -0.00013673713194957215,
    "(((6,), (0,)), ((2,), (0,)))": -0.03382605202970999,
    "(((6,), (0,)), ((3,), (0,)))": -9.302904415663455e-16,
    "(((6,), (0,)), ((4,), (0,)))": 8.224305769677993e-17,
    "(((6,), (0,)), ((5,), (0,)))": -3.6023930953754177e-16,
    "(((6,), (0,)), ((6,), (0,)))": -0.1399432201046636,
    "(((6,), (0,)), ((7,), (0,)))": 5.405356529608652e-17,
    "(((6,), (0,)), ((8,), (0,)))": -2.627716409149703e-16,
    "(((7,), (0,)), ((0,), (0,)))": 6.503291144388397e-20,
    "(((7,), (0,)), ((1,), (0,)))": -1.769385144042074e-18,
    "(((7,), (0,)), ((2,), (0,)))": 1.8909345596036876e-17,
    "(((7,), (0,)), ((3,), (0,)))": -9.944752657615739e-19,
    "(((7,), (0,)), ((4,), (0,)))": 4.030568399837109e-18,
    "(((7,), (0,)), ((5,), (0,)))": 7.320551612036918e-17,
    "(((7,), (0,)), ((6,), (0,)))": 5.405356529608654e-17,
    "(((7,), (0,)), ((7,), (0,)))": -0.029527816546991853,
    "(((7,), (0,)), ((8,), (0,)))": -2.4469454225197646e-17,
    "(((8,), (0,)), ((0,), (0,)))": -1.9942011260181556e-19,
    "(((8,), (0,)), ((1,), (0,)))": 5.8291991964863145e-18,
    "(((8,), (0,)), ((2,), (0,)))": -1.1726650391111793e-16,
    "(((8,), (0,)), ((3,), (0,)))": 8.455374882138551e-18,
    "(((8,), (0,)), ((4,), (0,)))": 8.031381813586008e-18,
    "(((8,), (0,)), ((5,), (0,)))": 4.881207810600472e-17,
    "(((8,), (0,)), ((6,), (0,)))": -2.6277164091497036e-16,
    "(((8,), (0,)), ((7,), (0,)))": -2.3792257679677475e-17,
    "(((8,), (0,)), ((8,), (0,)))": -0.029527816546991804
  }
}